City,Year,Week,Temp_Avg,Humidity_Avg,Rainfall_Total,Pressure_Avg,WindSpeed_Avg,Cases_Lag_1w,Cases_Lag_2w,Cases_Lag_3w,Temp_Avg_Lag_2w,Temp_Avg_Lag_3w,Rainfall_Total_Lag_2w,Rainfall_Total_Lag_3w,Week.1,Month,Population,Cases_Raw,Cases_Log,Week_Sin,Week_Cos,Monsoon
Faisalabad,2013,4,14.485714285714286,60.42857142857143,15.4,1014.1714285714286,5.242857142857143,0.0,0.0,0.0,17.12857142857143,15.7625,15.6,22.4,4,1,9074857,0,0.0,0.4647231720437685,0.8854560256532099,0
Faisalabad,2013,5,16.785714285714285,48.0,14.6,1014.3,5.042857142857143,0.0,0.0,0.0,14.514285714285716,17.12857142857143,11.0,15.6,5,2,9074857,0,0.0,0.5680647467311558,0.8229838658936564,0
Faisalabad,2013,6,16.571428571428573,47.57142857142857,7.800000000000001,1013.3857142857142,4.585714285714286,0.0,0.0,0.0,14.485714285714286,14.514285714285716,15.4,11.0,6,2,9074857,0,0.0,0.6631226582407952,0.7485107481711011,0
Faisalabad,2013,7,15.44285714285714,54.74285714285714,9.2,1015.2428571428572,4.871428571428572,0.0,0.0,0.0,16.785714285714285,14.485714285714286,14.6,15.4,7,2,9074857,0,0.0,0.7485107481711011,0.6631226582407953,0
Faisalabad,2013,8,17.271428571428572,60.457142857142856,8.3,1014.5714285714286,3.2285714285714286,0.0,0.0,0.0,16.571428571428573,16.785714285714285,7.800000000000001,14.6,8,2,9074857,0,0.0,0.8229838658936564,0.5680647467311558,0
Faisalabad,2013,9,21.157142857142855,56.48571428571428,20.2,1014.6714285714286,4.285714285714286,0.0,0.0,0.0,15.44285714285714,16.571428571428573,9.2,7.800000000000001,9,3,9074857,0,0.0,0.8854560256532098,0.4647231720437686,0
Faisalabad,2013,10,29.12857142857143,58.471428571428575,26.8,1014.6714285714286,4.428571428571429,0.0,0.0,0.0,17.271428571428572,15.44285714285714,8.3,9.2,10,3,9074857,0,0.0,0.9350162426854148,0.35460488704253557,0
Faisalabad,2013,11,27.714285714285715,62.31428571428571,18.4,1015.8,6.057142857142857,0.0,0.0,0.0,21.157142857142855,17.271428571428572,20.2,8.3,11,3,9074857,0,0.0,0.970941817426052,0.23931566428755804,0
Faisalabad,2013,12,26.37142857142857,57.8,23.1,1013.4714285714286,6.3999999999999995,0.0,0.0,0.0,29.12857142857143,21.157142857142855,26.8,20.2,12,3,9074857,0,0.0,0.992708874098054,0.120536680255323,0
Faisalabad,2013,13,27.457142857142856,51.81428571428571,21.7,1014.4857142857144,4.085714285714286,0.0,0.0,0.0,27.714285714285715,29.12857142857143,18.4,26.8,13,3,9074857,0,0.0,1.0,-1.6081226496766366e-16,0
Faisalabad,2013,14,29.271428571428572,54.18571428571429,15.8,1012.9,5.628571428571428,0.0,0.0,0.0,26.37142857142857,27.714285714285715,23.1,18.4,14,4,9074857,0,0.0,0.992708874098054,-0.12053668025532288,0
Faisalabad,2013,15,26.657142857142855,57.028571428571425,21.5,1015.0142857142856,5.1571428571428575,0.0,0.0,0.0,27.457142857142856,26.37142857142857,21.7,23.1,15,4,9074857,0,0.0,0.9709418174260521,-0.2393156642875575,0
Faisalabad,2013,16,27.157142857142855,57.614285714285714,17.8,1014.0428571428572,4.571428571428571,0.0,0.0,0.0,29.271428571428572,27.457142857142856,15.8,21.7,16,4,9074857,0,0.0,0.9350162426854148,-0.35460488704253545,0
Faisalabad,2013,17,27.514285714285712,54.98571428571428,30.8,1014.1857142857144,5.385714285714286,0.0,0.0,0.0,26.657142857142855,29.271428571428572,21.5,15.8,17,4,9074857,0,0.0,0.8854560256532099,-0.4647231720437685,0
Faisalabad,2013,18,27.485714285714288,60.285714285714285,19.7,1014.7285714285716,4.828571428571428,0.0,0.0,0.0,27.157142857142855,26.657142857142855,17.8,21.5,18,5,9074857,1,0.6931471805599453,0.8229838658936565,-0.5680647467311557,0
Faisalabad,2013,19,27.414285714285715,55.32857142857143,19.0,1016.2285714285716,5.028571428571429,1.0,0.0,0.0,27.514285714285712,27.157142857142855,30.8,17.8,19,5,9074857,0,0.0,0.7485107481711013,-0.6631226582407951,0
Faisalabad,2013,20,28.142857142857142,57.371428571428574,6.3,1014.4,4.914285714285714,0.0,1.0,0.0,27.485714285714288,27.514285714285712,19.7,30.8,20,5,9074857,0,0.0,0.6631226582407952,-0.7485107481711012,0
Faisalabad,2013,21,27.357142857142858,50.58571428571429,13.7,1015.1285714285714,5.671428571428572,0.0,0.0,1.0,27.414285714285715,27.485714285714288,19.0,19.7,21,5,9074857,1,0.6931471805599453,0.5680647467311558,-0.8229838658936564,0
Faisalabad,2013,22,31.428571428571427,50.44285714285714,21.8,1014.7285714285716,4.771428571428571,1.0,0.0,0.0,28.142857142857142,27.414285714285715,6.3,19.0,22,6,9074857,0,0.0,0.46472317204376906,-0.8854560256532096,0
Faisalabad,2013,23,37.885714285714286,39.371428571428574,19.5,1014.0714285714286,4.328571428571428,0.0,1.0,0.0,27.357142857142858,28.142857142857142,13.7,6.3,23,6,9074857,0,0.0,0.35460488704253584,-0.9350162426854147,0
Faisalabad,2013,24,38.114285714285714,52.357142857142854,11.6,1013.0857142857144,5.742857142857143,0.0,0.0,1.0,31.428571428571427,27.357142857142858,21.8,13.7,24,6,9074857,0,0.0,0.23931566428755768,-0.970941817426052,0
Faisalabad,2013,25,39.84285714285714,52.871428571428574,19.8,1017.4142857142856,4.985714285714286,0.0,0.0,0.0,37.885714285714286,31.428571428571427,19.5,21.8,25,6,9074857,0,0.0,0.12053668025532308,-0.992708874098054,0
Faisalabad,2013,26,37.271428571428565,52.028571428571425,22.0,1013.9571428571428,5.971428571428571,0.0,0.0,0.0,38.114285714285714,37.885714285714286,11.6,19.5,26,6,9074857,0,0.0,-3.216245299353273e-16,-1.0,0
Faisalabad,2013,27,36.82857142857143,50.285714285714285,40.3,1013.9285714285714,5.2,0.0,0.0,0.0,39.84285714285714,38.114285714285714,19.8,11.6,27,7,9074857,0,0.0,-0.12053668025532283,-0.992708874098054,1
Faisalabad,2013,28,36.1,58.871428571428574,47.8,1013.7428571428572,4.5285714285714285,0.0,0.0,0.0,37.271428571428565,39.84285714285714,22.0,19.8,28,7,9074857,0,0.0,-0.23931566428755743,-0.9709418174260521,1
Faisalabad,2013,29,39.92857142857143,59.10000000000001,68.1,1014.7857142857144,4.6000000000000005,0.0,0.0,0.0,36.82857142857143,37.271428571428565,40.3,22.0,29,7,9074857,0,0.0,-0.3546048870425356,-0.9350162426854148,1
Faisalabad,2013,30,37.51428571428572,50.75714285714286,33.1,1015.7571428571428,4.814285714285715,0.0,0.0,0.0,36.1,36.82857142857143,47.8,40.3,30,7,9074857,0,0.0,-0.46472317204376806,-0.8854560256532101,1
Faisalabad,2013,31,40.4,63.97142857142857,65.0,1014.2428571428572,5.7,0.0,0.0,0.0,39.92857142857143,36.1,68.1,47.8,31,8,9074857,0,0.0,-0.5680647467311556,-0.8229838658936565,1
Faisalabad,2013,32,37.65714285714286,40.92857142857143,28.0,1014.6714285714286,4.685714285714285,0.0,0.0,0.0,37.51428571428572,39.92857142857143,33.1,68.1,32,8,9074857,0,0.0,-0.663122658240795,-0.7485107481711013,1
Faisalabad,2013,33,37.1,55.7,61.3,1015.9428571428572,4.928571428571429,0.0,0.0,0.0,40.4,37.51428571428572,65.0,33.1,33,8,9074857,0,0.0,-0.7485107481711011,-0.6631226582407952,1
Faisalabad,2013,34,37.41428571428571,53.98571428571428,78.10000000000001,1015.6857142857144,5.757142857142857,0.0,0.0,0.0,37.65714285714286,40.4,28.0,65.0,34,8,9074857,0,0.0,-0.8229838658936564,-0.5680647467311559,1
Faisalabad,2013,35,34.642857142857146,44.51428571428572,63.2,1013.9857142857144,5.328571428571428,0.0,0.0,0.0,37.1,37.65714285714286,61.3,28.0,35,9,9074857,1,0.6931471805599453,-0.8854560256532096,-0.4647231720437691,1
Faisalabad,2013,36,23.957142857142856,55.82857142857143,64.0,1015.0714285714286,3.8285714285714287,1.0,0.0,0.0,37.41428571428571,37.1,78.10000000000001,61.3,36,9,9074857,0,0.0,-0.9350162426854147,-0.3546048870425359,1
Faisalabad,2013,37,23.414285714285715,64.10000000000001,52.2,1014.7714285714284,5.614285714285714,0.0,1.0,0.0,34.642857142857146,37.41428571428571,63.2,78.10000000000001,37,9,9074857,0,0.0,-0.970941817426052,-0.23931566428755774,1
Faisalabad,2013,38,24.614285714285717,50.98571428571428,51.3,1013.657142857143,5.628571428571428,0.0,0.0,1.0,23.957142857142856,34.642857142857146,64.0,63.2,38,9,9074857,1,0.6931471805599453,-0.992708874098054,-0.12053668025532357,1
Faisalabad,2013,39,24.014285714285712,51.98571428571428,47.5,1014.7285714285716,4.985714285714286,1.0,0.0,0.0,23.414285714285715,23.957142857142856,52.2,64.0,39,9,9074857,1,0.6931471805599453,-1.0,-1.8369701987210297e-16,1
Faisalabad,2013,40,23.7,54.957142857142856,24.8,1015.4571428571428,5.328571428571428,1.0,1.0,0.0,24.614285714285717,23.414285714285715,51.3,52.2,40,10,9074857,2,1.0986122886681098,-0.992708874098054,0.1205366802553232,1
Faisalabad,2013,41,24.32857142857143,62.7,7.699999999999999,1014.6714285714286,3.628571428571429,2.0,1.0,1.0,24.014285714285712,24.614285714285717,47.5,51.3,41,10,9074857,0,0.0,-0.9709418174260521,0.23931566428755738,1
Faisalabad,2013,42,23.6,45.32857142857143,19.3,1014.7571428571428,4.457142857142857,0.0,2.0,1.0,23.7,24.014285714285712,24.8,47.5,42,10,9074857,0,0.0,-0.9350162426854148,0.35460488704253557,1
Faisalabad,2013,43,23.3,59.771428571428565,21.9,1014.2428571428572,4.085714285714286,0.0,0.0,2.0,24.32857142857143,23.7,7.699999999999999,24.8,43,10,9074857,0,0.0,-0.8854560256532101,0.464723172043768,1
Faisalabad,2013,44,24.6,51.91428571428571,9.2,1014.5857142857144,3.928571428571429,0.0,0.0,0.0,23.6,24.32857142857143,19.3,7.699999999999999,44,11,9074857,3,1.3862943611198906,-0.822983865893657,0.5680647467311548,0
Faisalabad,2013,45,23.37142857142857,55.042857142857144,9.6,1014.1428571428572,4.885714285714286,3.0,0.0,0.0,23.3,23.6,21.9,19.3,45,11,9074857,5,1.791759469228055,-0.7485107481711011,0.6631226582407953,0
Faisalabad,2013,46,24.3,53.98571428571428,17.2,1015.0142857142856,5.2,5.0,3.0,0.0,24.6,23.3,9.2,21.9,46,11,9074857,1,0.6931471805599453,-0.6631226582407956,0.7485107481711007,0
Faisalabad,2013,47,24.02857142857143,56.728571428571435,11.0,1015.5,4.585714285714286,1.0,5.0,3.0,23.37142857142857,24.6,9.6,9.2,47,11,9074857,0,0.0,-0.5680647467311559,0.8229838658936564,0
Faisalabad,2013,48,22.985714285714288,59.4,19.0,1014.9142857142856,5.628571428571428,0.0,1.0,5.0,24.3,23.37142857142857,17.2,9.6,48,12,9074857,0,0.0,-0.4647231720437684,0.88545602565321,0
Faisalabad,2013,49,17.6,61.68571428571429,20.4,1016.3,4.171428571428572,0.0,0.0,1.0,24.02857142857143,24.3,11.0,17.2,49,12,9074857,0,0.0,-0.35460488704253595,0.9350162426854147,0
Faisalabad,2013,50,17.75714285714286,49.114285714285714,29.3,1014.5857142857144,5.928571428571429,0.0,0.0,0.0,22.985714285714288,24.02857142857143,19.0,11.0,50,12,9074857,0,0.0,-0.2393156642875578,0.970941817426052,0
Faisalabad,2013,51,14.7,54.75714285714286,27.5,1014.4571428571428,4.942857142857143,0.0,0.0,0.0,17.6,22.985714285714288,20.4,19.0,51,12,9074857,1,0.6931471805599453,-0.12053668025532363,0.992708874098054,0
Faisalabad,2013,52,14.785714285714286,58.92857142857143,28.8,1013.7428571428572,4.7,1.0,0.0,0.0,17.75714285714286,17.6,29.3,20.4,52,12,9074857,0,0.0,6.432490598706546e-16,1.0,0
Faisalabad,2014,1,15.625,55.5875,12.9,1016.125,4.6625,0.0,1.0,0.0,14.7,17.75714285714286,27.5,29.3,1,1,9074857,0,0.0,0.12053668025532305,0.992708874098054,0
Faisalabad,2014,2,14.028571428571428,59.27142857142858,13.8,1016.0142857142856,5.257142857142857,0.0,0.0,1.0,14.785714285714286,14.7,28.8,27.5,2,1,9074857,0,0.0,0.23931566428755774,0.970941817426052,0
Faisalabad,2014,3,15.957142857142856,46.385714285714286,14.3,1015.8571428571428,5.828571428571428,0.0,0.0,0.0,15.625,14.785714285714286,12.9,28.8,3,1,9074857,0,0.0,0.3546048870425356,0.9350162426854148,0
Faisalabad,2014,4,15.228571428571428,49.5,19.0,1013.7428571428572,5.471428571428571,0.0,0.0,0.0,14.028571428571428,15.625,13.8,12.9,4,1,9074857,0,0.0,0.4647231720437685,0.8854560256532099,0
Faisalabad,2014,5,15.728571428571428,55.642857142857146,8.3,1015.9571428571428,4.2,0.0,0.0,0.0,15.957142857142856,14.028571428571428,14.3,13.8,5,2,9074857,0,0.0,0.5680647467311558,0.8229838658936564,0
Faisalabad,2014,6,15.642857142857142,52.82857142857143,11.4,1015.4714285714286,5.757142857142857,0.0,0.0,0.0,15.228571428571428,15.957142857142856,19.0,14.3,6,2,9074857,0,0.0,0.6631226582407952,0.7485107481711011,0
Faisalabad,2014,7,16.1,38.5,13.2,1014.6857142857144,4.271428571428571,0.0,0.0,0.0,15.728571428571428,15.228571428571428,8.3,19.0,7,2,9074857,0,0.0,0.7485107481711011,0.6631226582407953,0
Faisalabad,2014,8,15.2,59.97142857142857,13.9,1016.4428571428572,4.971428571428571,0.0,0.0,0.0,15.642857142857142,15.728571428571428,11.4,8.3,8,2,9074857,0,0.0,0.8229838658936564,0.5680647467311558,0
Faisalabad,2014,9,18.242857142857144,49.785714285714285,28.0,1015.657142857143,5.257142857142857,0.0,0.0,0.0,16.1,15.642857142857142,13.2,11.4,9,3,9074857,0,0.0,0.8854560256532098,0.4647231720437686,0
Faisalabad,2014,10,24.485714285714288,53.0,18.6,1013.5857142857144,4.371428571428572,0.0,0.0,0.0,15.2,16.1,13.9,13.2,10,3,9074857,0,0.0,0.9350162426854148,0.35460488704253557,0
Faisalabad,2014,11,29.0,54.75714285714285,18.3,1016.3285714285714,4.128571428571428,0.0,0.0,0.0,18.242857142857144,15.2,28.0,13.9,11,3,9074857,0,0.0,0.970941817426052,0.23931566428755804,0
Faisalabad,2014,12,27.228571428571428,51.84285714285714,18.6,1015.7285714285716,4.914285714285714,0.0,0.0,0.0,24.485714285714288,18.242857142857144,18.6,28.0,12,3,9074857,0,0.0,0.992708874098054,0.120536680255323,0
Faisalabad,2014,13,27.442857142857143,62.628571428571426,15.3,1014.5571428571428,4.185714285714286,0.0,0.0,0.0,29.0,24.485714285714288,18.3,18.6,13,3,9074857,0,0.0,1.0,-1.6081226496766366e-16,0
Faisalabad,2014,14,25.057142857142857,52.228571428571435,21.0,1014.5285714285714,4.085714285714286,0.0,0.0,0.0,27.228571428571428,29.0,18.6,18.3,14,4,9074857,0,0.0,0.992708874098054,-0.12053668025532288,0
Faisalabad,2014,15,26.5,58.857142857142854,19.1,1015.1142857142858,6.128571428571428,0.0,0.0,0.0,27.442857142857143,27.228571428571428,15.3,18.6,15,4,9074857,0,0.0,0.9709418174260521,-0.2393156642875575,0
Faisalabad,2014,16,26.714285714285715,50.142857142857146,17.0,1016.3714285714286,4.6000000000000005,0.0,0.0,0.0,25.057142857142857,27.442857142857143,21.0,15.3,16,4,9074857,0,0.0,0.9350162426854148,-0.35460488704253545,0
Faisalabad,2014,17,27.214285714285715,51.885714285714286,19.6,1016.4,4.485714285714286,0.0,0.0,0.0,26.5,25.057142857142857,19.1,21.0,17,4,9074857,0,0.0,0.8854560256532099,-0.4647231720437685,0
Faisalabad,2014,18,29.457142857142856,49.628571428571426,9.8,1014.2,5.0,0.0,0.0,0.0,26.714285714285715,26.5,17.0,19.1,18,5,9074857,0,0.0,0.8229838658936565,-0.5680647467311557,0
Faisalabad,2014,19,27.928571428571427,58.81428571428571,12.6,1014.3571428571428,4.5,0.0,0.0,0.0,27.214285714285715,26.714285714285715,19.6,17.0,19,5,9074857,0,0.0,0.7485107481711013,-0.6631226582407951,0
Faisalabad,2014,20,28.114285714285717,57.68571428571427,9.5,1015.0285714285714,5.642857142857143,0.0,0.0,0.0,29.457142857142856,27.214285714285715,9.8,19.6,20,5,9074857,0,0.0,0.6631226582407952,-0.7485107481711012,0
Faisalabad,2014,21,28.614285714285717,65.10000000000001,17.1,1017.3142857142856,5.114285714285714,0.0,0.0,0.0,27.928571428571427,29.457142857142856,12.6,9.8,21,5,9074857,0,0.0,0.5680647467311558,-0.8229838658936564,0
Faisalabad,2014,22,30.52857142857143,47.128571428571426,18.9,1015.6857142857144,5.371428571428572,0.0,0.0,0.0,28.114285714285717,27.928571428571427,9.5,12.6,22,6,9074857,0,0.0,0.46472317204376906,-0.8854560256532096,0
Faisalabad,2014,23,38.94285714285714,59.41428571428571,12.7,1015.6285714285714,4.3428571428571425,0.0,0.0,0.0,28.614285714285717,28.114285714285717,17.1,9.5,23,6,9074857,0,0.0,0.35460488704253584,-0.9350162426854147,0
Faisalabad,2014,24,39.67142857142857,63.24285714285714,16.1,1013.657142857143,4.757142857142857,0.0,0.0,0.0,30.52857142857143,28.614285714285717,18.9,17.1,24,6,9074857,0,0.0,0.23931566428755768,-0.970941817426052,0
Faisalabad,2014,25,37.957142857142856,48.771428571428565,8.4,1015.0,4.1571428571428575,0.0,0.0,0.0,38.94285714285714,30.52857142857143,12.7,18.9,25,6,9074857,0,0.0,0.12053668025532308,-0.992708874098054,0
Faisalabad,2014,26,37.68571428571429,51.528571428571425,9.2,1014.8,5.1000000000000005,0.0,0.0,0.0,39.67142857142857,38.94285714285714,16.1,12.7,26,6,9074857,1,0.6931471805599453,-3.216245299353273e-16,-1.0,0
Faisalabad,2014,27,37.42857142857143,55.771428571428565,27.0,1014.9714285714286,4.914285714285714,1.0,0.0,0.0,37.957142857142856,39.67142857142857,8.4,16.1,27,7,9074857,0,0.0,-0.12053668025532283,-0.992708874098054,1
Faisalabad,2014,28,38.114285714285714,60.8,72.9,1016.6285714285714,4.885714285714286,0.0,1.0,0.0,37.68571428571429,37.957142857142856,9.2,8.4,28,7,9074857,0,0.0,-0.23931566428755743,-0.9709418174260521,1
Faisalabad,2014,29,36.714285714285715,49.84285714285714,53.3,1015.9142857142856,5.085714285714286,0.0,0.0,1.0,37.42857142857143,37.68571428571429,27.0,9.2,29,7,9074857,0,0.0,-0.3546048870425356,-0.9350162426854148,1
Faisalabad,2014,30,37.57142857142857,61.58571428571429,36.7,1015.8285714285714,4.928571428571429,0.0,0.0,0.0,38.114285714285714,37.42857142857143,72.9,27.0,30,7,9074857,0,0.0,-0.46472317204376806,-0.8854560256532101,1
Faisalabad,2014,31,39.114285714285714,56.885714285714286,54.6,1015.0714285714286,6.714285714285714,0.0,0.0,0.0,36.714285714285715,38.114285714285714,53.3,72.9,31,8,9074857,0,0.0,-0.5680647467311556,-0.8229838658936565,1
Faisalabad,2014,32,36.24285714285714,63.642857142857146,55.9,1015.2428571428572,4.742857142857143,0.0,0.0,0.0,37.57142857142857,36.714285714285715,36.7,53.3,32,8,9074857,0,0.0,-0.663122658240795,-0.7485107481711013,1
Faisalabad,2014,33,39.01428571428572,51.028571428571425,60.6,1015.9857142857144,5.771428571428571,0.0,0.0,0.0,39.114285714285714,37.57142857142857,54.6,36.7,33,8,9074857,0,0.0,-0.7485107481711011,-0.6631226582407952,1
Faisalabad,2014,34,37.971428571428575,53.17142857142857,75.5,1013.342857142857,4.557142857142857,0.0,0.0,0.0,36.24285714285714,39.114285714285714,55.9,54.6,34,8,9074857,0,0.0,-0.8229838658936564,-0.5680647467311559,1
Faisalabad,2014,35,39.48571428571428,48.84285714285714,86.4,1016.0714285714286,4.985714285714286,0.0,0.0,0.0,39.01428571428572,36.24285714285714,60.6,55.9,35,8,9074857,0,0.0,-0.8854560256532096,-0.4647231720437691,1
Faisalabad,2014,36,24.942857142857143,52.48571428571428,48.9,1013.9428571428572,5.214285714285714,0.0,0.0,0.0,37.971428571428575,39.01428571428572,75.5,60.6,36,9,9074857,0,0.0,-0.9350162426854147,-0.3546048870425359,1
Faisalabad,2014,37,23.32857142857143,52.9,73.0,1016.6714285714286,5.442857142857143,0.0,0.0,0.0,39.48571428571428,37.971428571428575,86.4,75.5,37,9,9074857,0,0.0,-0.970941817426052,-0.23931566428755774,1
Faisalabad,2014,38,24.385714285714283,50.957142857142856,72.0,1013.9714285714286,5.385714285714285,0.0,0.0,0.0,24.942857142857143,39.48571428571428,48.9,86.4,38,9,9074857,0,0.0,-0.992708874098054,-0.12053668025532357,1
Faisalabad,2014,39,24.52857142857143,56.628571428571426,35.9,1015.5,4.928571428571429,0.0,0.0,0.0,23.32857142857143,24.942857142857143,73.0,48.9,39,9,9074857,0,0.0,-1.0,-1.8369701987210297e-16,1
Faisalabad,2014,40,22.814285714285717,57.1,29.4,1013.7285714285716,5.414285714285714,0.0,0.0,0.0,24.385714285714283,23.32857142857143,72.0,73.0,40,10,9074857,0,0.0,-0.992708874098054,0.1205366802553232,1
Faisalabad,2014,41,23.2,65.55714285714285,17.7,1015.0,6.042857142857143,0.0,0.0,0.0,24.52857142857143,24.385714285714283,35.9,72.0,41,10,9074857,0,0.0,-0.9709418174260521,0.23931566428755738,1
Faisalabad,2014,42,26.614285714285717,57.15714285714286,24.0,1014.7714285714284,4.557142857142857,0.0,0.0,0.0,22.814285714285717,24.52857142857143,29.4,35.9,42,10,9074857,0,0.0,-0.9350162426854148,0.35460488704253557,1
Faisalabad,2014,43,24.714285714285715,62.81428571428571,21.6,1014.8571428571428,5.8999999999999995,0.0,0.0,0.0,23.2,22.814285714285717,17.7,29.4,43,10,9074857,0,0.0,-0.8854560256532101,0.464723172043768,1
Faisalabad,2014,44,23.457142857142856,55.8,11.3,1012.8857142857142,5.214285714285714,0.0,0.0,0.0,26.614285714285717,23.2,24.0,17.7,44,11,9074857,0,0.0,-0.822983865893657,0.5680647467311548,0
Faisalabad,2014,45,23.3,51.285714285714285,14.1,1013.8142857142856,6.228571428571429,0.0,0.0,0.0,24.714285714285715,26.614285714285717,21.6,24.0,45,11,9074857,0,0.0,-0.7485107481711011,0.6631226582407953,0
Faisalabad,2014,46,23.785714285714285,58.24285714285714,27.2,1015.4,5.314285714285715,0.0,0.0,0.0,23.457142857142856,24.714285714285715,11.3,21.6,46,11,9074857,0,0.0,-0.6631226582407956,0.7485107481711007,0
Faisalabad,2014,47,23.557142857142857,51.07142857142857,9.0,1015.8142857142856,4.928571428571429,0.0,0.0,0.0,23.3,23.457142857142856,14.1,11.3,47,11,9074857,0,0.0,-0.5680647467311559,0.8229838658936564,0
Faisalabad,2014,48,23.87142857142857,47.15714285714285,18.1,1016.1428571428572,5.785714285714286,0.0,0.0,0.0,23.785714285714285,23.3,27.2,14.1,48,11,9074857,0,0.0,-0.4647231720437684,0.88545602565321,0
Faisalabad,2014,49,15.5,62.88571428571429,18.6,1012.3142857142856,5.257142857142857,0.0,0.0,0.0,23.557142857142857,23.785714285714285,9.0,27.2,49,12,9074857,0,0.0,-0.35460488704253595,0.9350162426854147,0
Faisalabad,2014,50,14.828571428571427,54.84285714285715,10.2,1015.8571428571428,4.6571428571428575,0.0,0.0,0.0,23.87142857142857,23.557142857142857,18.1,9.0,50,12,9074857,0,0.0,-0.2393156642875578,0.970941817426052,0
Faisalabad,2014,51,15.37142857142857,52.028571428571425,21.7,1014.2428571428572,6.728571428571429,0.0,0.0,0.0,15.5,23.87142857142857,18.6,18.1,51,12,9074857,0,0.0,-0.12053668025532363,0.992708874098054,0
Faisalabad,2014,52,17.485714285714288,57.67142857142857,15.6,1014.5428571428572,3.8857142857142857,0.0,0.0,0.0,14.828571428571427,15.5,10.2,18.6,52,12,9074857,0,0.0,6.432490598706546e-16,1.0,0
Faisalabad,2015,1,17.0,54.325,9.2,1015.925,6.15,0.0,0.0,0.0,15.37142857142857,14.828571428571427,21.7,10.2,1,1,9074857,0,0.0,0.12053668025532305,0.992708874098054,0
Faisalabad,2015,2,15.414285714285716,56.34285714285714,18.8,1015.342857142857,4.228571428571429,0.0,0.0,0.0,17.485714285714288,15.37142857142857,15.6,21.7,2,1,9074857,0,0.0,0.23931566428755774,0.970941817426052,0
Faisalabad,2015,3,17.142857142857142,60.04285714285714,12.3,1014.0714285714286,6.014285714285714,0.0,0.0,0.0,17.0,17.485714285714288,9.2,15.6,3,1,9074857,0,0.0,0.3546048870425356,0.9350162426854148,0
Faisalabad,2015,4,15.1,54.642857142857146,15.7,1016.1285714285714,5.014285714285714,0.0,0.0,0.0,15.414285714285716,17.0,18.8,9.2,4,1,9074857,0,0.0,0.4647231720437685,0.8854560256532099,0
Faisalabad,2015,5,16.757142857142856,47.01428571428572,13.1,1016.2571428571428,5.314285714285715,0.0,0.0,0.0,17.142857142857142,15.414285714285716,12.3,18.8,5,2,9074857,0,0.0,0.5680647467311558,0.8229838658936564,0
Faisalabad,2015,6,16.414285714285715,44.42857142857143,9.1,1016.5571428571428,5.185714285714285,0.0,0.0,0.0,15.1,17.142857142857142,15.7,12.3,6,2,9074857,0,0.0,0.6631226582407952,0.7485107481711011,0
Faisalabad,2015,7,15.957142857142856,52.0,20.3,1013.7428571428572,5.3,0.0,0.0,0.0,16.757142857142856,15.1,13.1,15.7,7,2,9074857,0,0.0,0.7485107481711011,0.6631226582407953,0
Faisalabad,2015,8,15.2,49.44285714285714,15.0,1012.4285714285714,4.042857142857143,0.0,0.0,0.0,16.414285714285715,16.757142857142856,9.1,13.1,8,2,9074857,0,0.0,0.8229838658936564,0.5680647467311558,0
Faisalabad,2015,9,17.157142857142855,57.714285714285715,10.9,1015.9285714285714,5.228571428571429,0.0,0.0,0.0,15.957142857142856,16.414285714285715,20.3,9.1,9,3,9074857,0,0.0,0.8854560256532098,0.4647231720437686,0
Faisalabad,2015,10,28.385714285714283,61.94285714285714,16.8,1015.3714285714286,5.0,0.0,0.0,0.0,15.2,15.957142857142856,15.0,20.3,10,3,9074857,0,0.0,0.9350162426854148,0.35460488704253557,0
Faisalabad,2015,11,27.185714285714287,47.05714285714286,28.1,1015.6428571428572,6.414285714285714,0.0,0.0,0.0,17.157142857142855,15.2,10.9,15.0,11,3,9074857,0,0.0,0.970941817426052,0.23931566428755804,0
Faisalabad,2015,12,28.32857142857143,57.457142857142856,11.0,1014.3142857142856,4.8999999999999995,0.0,0.0,0.0,28.385714285714283,17.157142857142855,16.8,10.9,12,3,9074857,0,0.0,0.992708874098054,0.120536680255323,0
Faisalabad,2015,13,27.114285714285717,54.91428571428571,19.4,1015.1857142857144,4.242857142857143,0.0,0.0,0.0,27.185714285714287,28.385714285714283,28.1,16.8,13,3,9074857,0,0.0,1.0,-1.6081226496766366e-16,0
Faisalabad,2015,14,26.071428571428573,54.471428571428575,22.1,1012.5285714285714,5.457142857142857,0.0,0.0,0.0,28.32857142857143,27.185714285714287,11.0,28.1,14,4,9074857,0,0.0,0.992708874098054,-0.12053668025532288,0
Faisalabad,2015,15,26.714285714285715,57.98571428571428,13.6,1017.1428571428572,4.8,0.0,0.0,0.0,27.114285714285717,28.32857142857143,19.4,11.0,15,4,9074857,0,0.0,0.9709418174260521,-0.2393156642875575,0
Faisalabad,2015,16,26.0,64.72857142857143,28.9,1014.1285714285716,4.742857142857143,0.0,0.0,0.0,26.071428571428573,27.114285714285717,22.1,19.4,16,4,9074857,0,0.0,0.9350162426854148,-0.35460488704253545,0
Faisalabad,2015,17,26.542857142857144,43.31428571428571,11.5,1013.9714285714286,5.6571428571428575,0.0,0.0,0.0,26.714285714285715,26.071428571428573,13.6,22.1,17,4,9074857,0,0.0,0.8854560256532099,-0.4647231720437685,0
Faisalabad,2015,18,26.62857142857143,57.08571428571429,14.0,1015.3571428571428,4.5,0.0,0.0,0.0,26.0,26.714285714285715,28.9,13.6,18,5,9074857,0,0.0,0.8229838658936565,-0.5680647467311557,0
Faisalabad,2015,19,27.014285714285712,50.642857142857146,20.7,1015.9142857142856,5.128571428571428,0.0,0.0,0.0,26.542857142857144,26.0,11.5,28.9,19,5,9074857,0,0.0,0.7485107481711013,-0.6631226582407951,0
Faisalabad,2015,20,29.5,43.785714285714285,16.4,1015.1714285714286,5.385714285714286,0.0,0.0,0.0,26.62857142857143,26.542857142857144,14.0,11.5,20,5,9074857,0,0.0,0.6631226582407952,-0.7485107481711012,0
Faisalabad,2015,21,26.314285714285713,54.1,18.7,1015.8857142857142,5.0,0.0,0.0,0.0,27.014285714285712,26.62857142857143,20.7,14.0,21,5,9074857,0,0.0,0.5680647467311558,-0.8229838658936564,0
Faisalabad,2015,22,24.957142857142856,55.0,15.4,1015.0428571428572,4.1571428571428575,0.0,0.0,0.0,29.5,27.014285714285712,16.4,20.7,22,5,9074857,0,0.0,0.46472317204376906,-0.8854560256532096,0
Faisalabad,2015,23,37.714285714285715,67.18571428571428,19.7,1015.8285714285714,3.957142857142857,0.0,0.0,0.0,26.314285714285713,29.5,18.7,16.4,23,6,9074857,0,0.0,0.35460488704253584,-0.9350162426854147,0
Faisalabad,2015,24,37.41428571428571,52.91428571428571,20.5,1016.5428571428572,5.257142857142857,0.0,0.0,0.0,24.957142857142856,26.314285714285713,15.4,18.7,24,6,9074857,0,0.0,0.23931566428755768,-0.970941817426052,0
Faisalabad,2015,25,38.614285714285714,56.542857142857144,12.8,1015.5285714285714,4.114285714285714,0.0,0.0,0.0,37.714285714285715,24.957142857142856,19.7,15.4,25,6,9074857,0,0.0,0.12053668025532308,-0.992708874098054,0
Faisalabad,2015,26,39.214285714285715,49.68571428571429,30.2,1013.3142857142856,4.8428571428571425,0.0,0.0,0.0,37.41428571428571,37.714285714285715,20.5,19.7,26,6,9074857,0,0.0,-3.216245299353273e-16,-1.0,0
Faisalabad,2015,27,39.05714285714286,64.95714285714286,30.7,1015.4714285714286,5.485714285714286,0.0,0.0,0.0,38.614285714285714,37.41428571428571,12.8,20.5,27,7,9074857,0,0.0,-0.12053668025532283,-0.992708874098054,1
Faisalabad,2015,28,38.457142857142856,51.771428571428565,33.3,1016.8,5.1000000000000005,0.0,0.0,0.0,39.214285714285715,38.614285714285714,30.2,12.8,28,7,9074857,0,0.0,-0.23931566428755743,-0.9709418174260521,1
Faisalabad,2015,29,39.857142857142854,53.65714285714286,75.5,1015.4857142857144,5.485714285714286,0.0,0.0,0.0,39.05714285714286,39.214285714285715,30.7,30.2,29,7,9074857,0,0.0,-0.3546048870425356,-0.9350162426854148,1
Faisalabad,2015,30,38.857142857142854,59.528571428571425,26.1,1013.157142857143,5.371428571428572,0.0,0.0,0.0,38.457142857142856,39.05714285714286,33.3,30.7,30,7,9074857,0,0.0,-0.46472317204376806,-0.8854560256532101,1
Faisalabad,2015,31,37.82857142857143,64.82857142857144,23.6,1014.2142857142856,4.8999999999999995,0.0,0.0,0.0,39.857142857142854,38.457142857142856,75.5,33.3,31,8,9074857,0,0.0,-0.5680647467311556,-0.8229838658936565,1
Faisalabad,2015,32,39.214285714285715,46.714285714285715,63.9,1013.4285714285714,4.228571428571429,0.0,0.0,0.0,38.857142857142854,39.857142857142854,26.1,75.5,32,8,9074857,0,0.0,-0.663122658240795,-0.7485107481711013,1
Faisalabad,2015,33,37.68571428571429,45.65714285714286,81.7,1015.2,4.685714285714285,0.0,0.0,0.0,37.82857142857143,38.857142857142854,23.6,26.1,33,8,9074857,0,0.0,-0.7485107481711011,-0.6631226582407952,1
Faisalabad,2015,34,38.471428571428575,54.08571428571429,76.0,1014.4142857142856,5.171428571428572,0.0,0.0,0.0,39.214285714285715,37.82857142857143,63.9,23.6,34,8,9074857,1,0.6931471805599453,-0.8229838658936564,-0.5680647467311559,1
Faisalabad,2015,35,38.457142857142856,61.84285714285714,20.7,1016.342857142857,4.585714285714286,1.0,0.0,0.0,37.68571428571429,39.214285714285715,81.7,63.9,35,8,9074857,0,0.0,-0.8854560256532096,-0.4647231720437691,1
Faisalabad,2015,36,24.571428571428573,59.528571428571425,48.900000000000006,1015.7,5.228571428571429,0.0,1.0,0.0,38.471428571428575,37.68571428571429,76.0,81.7,36,9,9074857,4,1.6094379124341005,-0.9350162426854147,-0.3546048870425359,1
Faisalabad,2015,37,22.457142857142856,57.357142857142854,73.3,1013.7428571428572,4.642857142857143,4.0,0.0,1.0,38.457142857142856,38.471428571428575,20.7,76.0,37,9,9074857,1,0.6931471805599453,-0.970941817426052,-0.23931566428755774,1
Faisalabad,2015,38,24.5,58.81428571428571,88.5,1014.4285714285714,4.2,1.0,4.0,0.0,24.571428571428573,38.457142857142856,48.900000000000006,20.7,38,9,9074857,0,0.0,-0.992708874098054,-0.12053668025532357,1
Faisalabad,2015,39,24.228571428571428,52.05714285714286,43.8,1014.8285714285714,3.6714285714285713,0.0,1.0,4.0,22.457142857142856,24.571428571428573,73.3,48.900000000000006,39,9,9074857,0,0.0,-1.0,-1.8369701987210297e-16,1
Faisalabad,2015,40,23.228571428571428,45.642857142857146,38.1,1015.0571428571428,4.028571428571429,0.0,0.0,1.0,24.5,22.457142857142856,88.5,73.3,40,10,9074857,0,0.0,-0.992708874098054,0.1205366802553232,1
Faisalabad,2015,41,24.428571428571427,56.9,19.3,1013.5714285714286,4.542857142857143,0.0,0.0,0.0,24.228571428571428,24.5,43.8,88.5,41,10,9074857,0,0.0,-0.9709418174260521,0.23931566428755738,1
Faisalabad,2015,42,23.32857142857143,61.785714285714285,29.3,1013.8,4.6571428571428575,0.0,0.0,0.0,23.228571428571428,24.228571428571428,38.1,43.8,42,10,9074857,0,0.0,-0.9350162426854148,0.35460488704253557,1
Faisalabad,2015,43,24.3,57.24285714285714,26.8,1015.4857142857144,4.642857142857143,0.0,0.0,0.0,24.428571428571427,23.228571428571428,19.3,38.1,43,10,9074857,3,1.3862943611198906,-0.8854560256532101,0.464723172043768,1
Faisalabad,2015,44,23.071428571428573,62.41428571428571,13.6,1015.9428571428572,6.1571428571428575,3.0,0.0,0.0,23.32857142857143,24.428571428571427,29.3,19.3,44,11,9074857,1,0.6931471805599453,-0.822983865893657,0.5680647467311548,0
Faisalabad,2015,45,24.75714285714286,52.98571428571428,11.7,1014.9,4.514285714285714,1.0,3.0,0.0,24.3,23.32857142857143,26.8,29.3,45,11,9074857,0,0.0,-0.7485107481711011,0.6631226582407953,0
Faisalabad,2015,46,25.2,59.0,21.1,1016.0285714285714,5.2,0.0,1.0,3.0,23.071428571428573,24.3,13.6,26.8,46,11,9074857,0,0.0,-0.6631226582407956,0.7485107481711007,0
Faisalabad,2015,47,22.457142857142856,44.957142857142856,23.2,1013.9714285714286,5.171428571428572,0.0,0.0,1.0,24.75714285714286,23.071428571428573,11.7,13.6,47,11,9074857,1,0.6931471805599453,-0.5680647467311559,0.8229838658936564,0
Faisalabad,2015,48,22.642857142857142,58.142857142857146,17.7,1014.9285714285714,5.857142857142857,1.0,0.0,0.0,25.2,24.75714285714286,21.1,11.7,48,11,9074857,1,0.6931471805599453,-0.4647231720437684,0.88545602565321,0
Faisalabad,2015,49,17.185714285714287,60.25714285714286,20.6,1016.5,3.585714285714286,1.0,1.0,0.0,22.457142857142856,25.2,23.2,21.1,49,12,9074857,0,0.0,-0.35460488704253595,0.9350162426854147,0
Faisalabad,2015,50,17.37142857142857,56.557142857142864,19.5,1015.5857142857144,5.285714285714286,0.0,1.0,1.0,22.642857142857142,22.457142857142856,17.7,23.2,50,12,9074857,0,0.0,-0.2393156642875578,0.970941817426052,0
Faisalabad,2015,51,16.3,50.214285714285715,19.9,1015.5285714285714,5.028571428571429,0.0,0.0,1.0,17.185714285714287,22.642857142857142,20.6,17.7,51,12,9074857,0,0.0,-0.12053668025532363,0.992708874098054,0
Faisalabad,2015,52,16.87142857142857,63.614285714285714,19.2,1016.8142857142856,5.185714285714285,0.0,0.0,0.0,17.37142857142857,17.185714285714287,19.5,20.6,52,12,9074857,0,0.0,6.432490598706546e-16,1.0,0
Faisalabad,2015,53,15.825,60.75,13.2,1017.375,6.025,0.0,0.0,0.0,16.3,17.37142857142857,19.9,19.5,53,12,9074857,0,0.0,0.12053668025532314,0.992708874098054,0
Faisalabad,2016,1,16.1,51.614285714285714,13.2,1012.3857142857142,5.771428571428571,0.0,0.0,0.0,16.87142857142857,16.3,19.2,19.9,1,1,9074857,0,0.0,0.12053668025532305,0.992708874098054,0
Faisalabad,2016,2,15.357142857142858,57.07142857142857,9.1,1013.8714285714286,5.028571428571429,0.0,0.0,0.0,15.825,16.87142857142857,13.2,19.2,2,1,9074857,0,0.0,0.23931566428755774,0.970941817426052,0
Faisalabad,2016,3,14.328571428571427,52.98571428571428,20.9,1012.2714285714284,4.885714285714286,0.0,0.0,0.0,16.1,15.825,13.2,13.2,3,1,9074857,0,0.0,0.3546048870425356,0.9350162426854148,0
Faisalabad,2016,4,17.685714285714287,56.15714285714286,22.7,1015.0285714285714,5.1571428571428575,0.0,0.0,0.0,15.357142857142858,16.1,9.1,13.2,4,1,9074857,0,0.0,0.4647231720437685,0.8854560256532099,0
Faisalabad,2016,5,15.12857142857143,62.642857142857146,21.9,1014.9428571428572,5.271428571428571,0.0,0.0,0.0,14.328571428571427,15.357142857142858,20.9,9.1,5,2,9074857,0,0.0,0.5680647467311558,0.8229838658936564,0
Faisalabad,2016,6,16.428571428571427,56.81428571428571,13.5,1014.6428571428572,3.957142857142857,0.0,0.0,0.0,17.685714285714287,14.328571428571427,22.7,20.9,6,2,9074857,0,0.0,0.6631226582407952,0.7485107481711011,0
Faisalabad,2016,7,16.085714285714285,57.857142857142854,10.8,1016.4285714285714,4.985714285714286,0.0,0.0,0.0,15.12857142857143,17.685714285714287,21.9,22.7,7,2,9074857,0,0.0,0.7485107481711011,0.6631226582407953,0
Faisalabad,2016,8,15.714285714285714,53.0,10.3,1013.7714285714284,5.3428571428571425,0.0,0.0,0.0,16.428571428571427,15.12857142857143,13.5,21.9,8,2,9074857,0,0.0,0.8229838658936564,0.5680647467311558,0
Faisalabad,2016,9,25.52857142857143,55.614285714285714,14.6,1015.0142857142856,4.614285714285714,0.0,0.0,0.0,16.085714285714285,16.428571428571427,10.8,13.5,9,3,9074857,0,0.0,0.8854560256532098,0.4647231720437686,0
Faisalabad,2016,10,26.25714285714286,50.7,12.5,1015.7857142857144,5.728571428571429,0.0,0.0,0.0,15.714285714285714,16.085714285714285,10.3,10.8,10,3,9074857,0,0.0,0.9350162426854148,0.35460488704253557,0
Faisalabad,2016,11,25.314285714285713,56.4,26.8,1015.3285714285714,5.628571428571428,0.0,0.0,0.0,25.52857142857143,15.714285714285714,14.6,10.3,11,3,9074857,0,0.0,0.970941817426052,0.23931566428755804,0
Faisalabad,2016,12,29.1,53.34285714285714,25.0,1015.7428571428572,4.414285714285714,0.0,0.0,0.0,26.25714285714286,25.52857142857143,12.5,14.6,12,3,9074857,0,0.0,0.992708874098054,0.120536680255323,0
Faisalabad,2016,13,27.985714285714288,51.385714285714286,22.1,1015.0571428571428,4.528571428571429,0.0,0.0,0.0,25.314285714285713,26.25714285714286,26.8,12.5,13,4,9074857,0,0.0,1.0,-1.6081226496766366e-16,0
Faisalabad,2016,14,27.642857142857142,63.0,16.8,1014.8714285714286,5.028571428571429,0.0,0.0,0.0,29.1,25.314285714285713,25.0,26.8,14,4,9074857,1,0.6931471805599453,0.992708874098054,-0.12053668025532288,0
Faisalabad,2016,15,24.1,43.92857142857143,24.8,1015.9,5.385714285714286,1.0,0.0,0.0,27.985714285714288,29.1,22.1,25.0,15,4,9074857,2,1.0986122886681098,0.9709418174260521,-0.2393156642875575,0
Faisalabad,2016,16,29.67142857142857,58.457142857142856,29.0,1012.9428571428572,5.271428571428571,2.0,1.0,0.0,27.642857142857142,27.985714285714288,16.8,22.1,16,4,9074857,0,0.0,0.9350162426854148,-0.35460488704253545,0
Faisalabad,2016,17,26.928571428571427,49.07142857142857,18.9,1014.8142857142856,6.114285714285714,0.0,2.0,1.0,24.1,27.642857142857142,24.8,16.8,17,5,9074857,0,0.0,0.8854560256532099,-0.4647231720437685,0
Faisalabad,2016,18,26.97142857142857,54.32857142857143,14.6,1015.6285714285714,4.985714285714286,0.0,0.0,2.0,29.67142857142857,24.1,29.0,24.8,18,5,9074857,0,0.0,0.8229838658936565,-0.5680647467311557,0
Faisalabad,2016,19,27.557142857142857,59.55714285714286,11.8,1014.9,5.928571428571429,0.0,0.0,0.0,26.928571428571427,29.67142857142857,18.9,29.0,19,5,9074857,0,0.0,0.7485107481711013,-0.6631226582407951,0
Faisalabad,2016,20,28.842857142857145,49.15714285714285,16.5,1014.3,5.228571428571429,0.0,0.0,0.0,26.97142857142857,26.928571428571427,14.6,18.9,20,5,9074857,0,0.0,0.6631226582407952,-0.7485107481711012,0
Faisalabad,2016,21,27.657142857142855,54.34285714285714,31.9,1014.8,4.628571428571428,0.0,0.0,0.0,27.557142857142857,26.97142857142857,11.8,14.6,21,5,9074857,0,0.0,0.5680647467311558,-0.8229838658936564,0
Faisalabad,2016,22,35.471428571428575,58.15714285714286,17.6,1014.2428571428572,5.128571428571428,0.0,0.0,0.0,28.842857142857145,27.557142857142857,16.5,11.8,22,6,9074857,0,0.0,0.46472317204376906,-0.8854560256532096,0
Faisalabad,2016,23,38.32857142857143,52.785714285714285,20.0,1015.2285714285716,4.957142857142857,0.0,0.0,0.0,27.657142857142855,28.842857142857145,31.9,16.5,23,6,9074857,1,0.6931471805599453,0.35460488704253584,-0.9350162426854147,0
Faisalabad,2016,24,38.857142857142854,50.614285714285714,27.4,1015.6,4.328571428571428,1.0,0.0,0.0,35.471428571428575,27.657142857142855,17.6,31.9,24,6,9074857,0,0.0,0.23931566428755768,-0.970941817426052,0
Faisalabad,2016,25,39.457142857142856,41.84285714285714,17.7,1013.4714285714286,4.0285714285714285,0.0,1.0,0.0,38.32857142857143,35.471428571428575,20.0,17.6,25,6,9074857,0,0.0,0.12053668025532308,-0.992708874098054,0
Faisalabad,2016,26,39.128571428571426,56.1,26.6,1014.9,5.328571428571428,0.0,0.0,1.0,38.857142857142854,38.32857142857143,27.4,20.0,26,7,9074857,0,0.0,-3.216245299353273e-16,-1.0,1
Faisalabad,2016,27,37.15714285714286,63.37142857142857,49.9,1016.842857142857,5.014285714285714,0.0,0.0,0.0,39.457142857142856,38.857142857142854,17.7,27.4,27,7,9074857,0,0.0,-0.12053668025532283,-0.992708874098054,1
Faisalabad,2016,28,38.08571428571429,53.68571428571429,42.3,1015.0285714285714,5.271428571428571,0.0,0.0,0.0,39.128571428571426,39.457142857142856,26.6,17.7,28,7,9074857,0,0.0,-0.23931566428755743,-0.9709418174260521,1
Faisalabad,2016,29,39.114285714285714,63.34285714285714,60.1,1015.1,4.414285714285714,0.0,0.0,0.0,37.15714285714286,39.128571428571426,49.9,26.6,29,7,9074857,0,0.0,-0.3546048870425356,-0.9350162426854148,1
Faisalabad,2016,30,38.84285714285714,47.0,30.9,1014.4571428571428,4.485714285714286,0.0,0.0,0.0,38.08571428571429,37.15714285714286,42.3,49.9,30,7,9074857,1,0.6931471805599453,-0.46472317204376806,-0.8854560256532101,1
Faisalabad,2016,31,40.214285714285715,53.642857142857146,104.9,1016.0714285714286,4.114285714285714,1.0,0.0,0.0,39.114285714285714,38.08571428571429,60.1,42.3,31,8,9074857,0,0.0,-0.5680647467311556,-0.8229838658936565,1
Faisalabad,2016,32,36.51428571428571,52.628571428571426,23.9,1013.7714285714284,5.171428571428572,0.0,1.0,0.0,38.84285714285714,39.114285714285714,30.9,60.1,32,8,9074857,0,0.0,-0.663122658240795,-0.7485107481711013,1
Faisalabad,2016,33,37.68571428571429,58.871428571428574,47.7,1014.8285714285714,5.185714285714285,0.0,0.0,1.0,40.214285714285715,38.84285714285714,104.9,30.9,33,8,9074857,0,0.0,-0.7485107481711011,-0.6631226582407952,1
Faisalabad,2016,34,39.457142857142856,53.6,57.8,1014.0714285714286,3.585714285714286,0.0,0.0,0.0,36.51428571428571,40.214285714285715,23.9,104.9,34,8,9074857,1,0.6931471805599453,-0.8229838658936564,-0.5680647467311559,1
Faisalabad,2016,35,28.52857142857143,53.75714285714286,55.7,1013.8571428571428,4.028571428571429,1.0,0.0,0.0,37.68571428571429,36.51428571428571,47.7,23.9,35,9,9074857,0,0.0,-0.8854560256532096,-0.4647231720437691,1
Faisalabad,2016,36,22.25714285714286,58.98571428571428,44.9,1012.3,5.314285714285715,0.0,1.0,0.0,39.457142857142856,37.68571428571429,57.8,47.7,36,9,9074857,2,1.0986122886681098,-0.9350162426854147,-0.3546048870425359,1
Faisalabad,2016,37,23.17142857142857,54.74285714285714,53.0,1016.4428571428572,5.471428571428571,2.0,0.0,1.0,28.52857142857143,39.457142857142856,55.7,57.8,37,9,9074857,0,0.0,-0.970941817426052,-0.23931566428755774,1
Faisalabad,2016,38,23.157142857142855,58.15714285714286,23.0,1016.0571428571428,5.271428571428571,0.0,2.0,0.0,22.25714285714286,28.52857142857143,44.9,55.7,38,9,9074857,2,1.0986122886681098,-0.992708874098054,-0.12053668025532357,1
Faisalabad,2016,39,22.442857142857143,50.2,48.1,1015.4,4.8428571428571425,2.0,0.0,2.0,23.17142857142857,22.25714285714286,53.0,44.9,39,10,9074857,7,2.0794415416798357,-1.0,-1.8369701987210297e-16,1
Faisalabad,2016,40,24.185714285714287,59.228571428571435,11.4,1014.5285714285714,4.8428571428571425,7.0,2.0,0.0,23.157142857142855,23.17142857142857,23.0,53.0,40,10,9074857,6,1.9459101490553132,-0.992708874098054,0.1205366802553232,1
Faisalabad,2016,41,25.25714285714286,63.51428571428572,19.7,1015.3714285714286,4.628571428571428,6.0,7.0,2.0,22.442857142857143,23.157142857142855,48.1,23.0,41,10,9074857,4,1.6094379124341005,-0.9709418174260521,0.23931566428755738,1
Faisalabad,2016,42,22.342857142857145,54.357142857142854,22.1,1014.8142857142856,4.985714285714286,4.0,6.0,7.0,24.185714285714287,22.442857142857143,11.4,48.1,42,10,9074857,12,2.5649493574615367,-0.9350162426854148,0.35460488704253557,1
Faisalabad,2016,43,22.9,60.142857142857146,16.2,1015.6285714285714,4.885714285714286,12.0,4.0,6.0,25.25714285714286,24.185714285714287,19.7,11.4,43,10,9074857,16,2.833213344056216,-0.8854560256532101,0.464723172043768,1
Faisalabad,2016,44,22.657142857142855,59.628571428571426,31.8,1014.7714285714284,5.528571428571429,16.0,12.0,4.0,22.342857142857145,25.25714285714286,22.1,19.7,44,11,9074857,14,2.70805020110221,-0.822983865893657,0.5680647467311548,0
Faisalabad,2016,45,23.6,58.75714285714286,10.0,1015.3142857142856,4.285714285714286,14.0,16.0,12.0,22.9,22.342857142857145,16.2,22.1,45,11,9074857,10,2.3978952727983707,-0.7485107481711011,0.6631226582407953,0
Faisalabad,2016,46,23.657142857142855,52.42857142857143,25.7,1015.4571428571428,5.057142857142857,10.0,14.0,16.0,22.657142857142855,22.9,31.8,16.2,46,11,9074857,10,2.3978952727983707,-0.6631226582407956,0.7485107481711007,0
Faisalabad,2016,47,25.228571428571428,51.871428571428574,23.1,1016.7,5.328571428571428,10.0,10.0,14.0,23.6,22.657142857142855,10.0,31.8,47,11,9074857,8,2.1972245773362196,-0.5680647467311559,0.8229838658936564,0
Faisalabad,2016,48,20.514285714285712,62.614285714285714,8.9,1013.4,4.671428571428572,8.0,10.0,10.0,23.657142857142855,23.6,25.7,10.0,48,12,9074857,7,2.0794415416798357,-0.4647231720437684,0.88545602565321,0
Faisalabad,2016,49,17.0,49.91428571428571,5.0,1014.5142857142856,5.128571428571428,7.0,8.0,10.0,25.228571428571428,23.657142857142855,23.1,25.7,49,12,9074857,4,1.6094379124341005,-0.35460488704253595,0.9350162426854147,0
Faisalabad,2016,50,13.785714285714286,59.55714285714286,11.2,1014.2714285714284,5.585714285714286,4.0,7.0,8.0,20.514285714285712,25.228571428571428,8.9,23.1,50,12,9074857,0,0.0,-0.2393156642875578,0.970941817426052,0
Faisalabad,2016,51,15.428571428571429,45.82857142857143,12.8,1015.6714285714286,4.171428571428572,0.0,4.0,7.0,17.0,20.514285714285712,5.0,8.9,51,12,9074857,0,0.0,-0.12053668025532363,0.992708874098054,0
Faisalabad,2016,52,15.166666666666666,56.98333333333333,22.3,1015.6666666666666,4.6000000000000005,0.0,0.0,4.0,13.785714285714286,17.0,11.2,5.0,52,12,9074857,0,0.0,6.432490598706546e-16,1.0,0
Faisalabad,2016,53,17.400000000000002,52.3,8.700000000000001,1014.4333333333334,4.333333333333333,0.0,0.0,0.0,15.428571428571429,13.785714285714286,12.8,11.2,53,1,9074857,0,0.0,0.12053668025532314,0.992708874098054,0
Faisalabad,2017,1,15.471428571428572,61.614285714285714,10.5,1014.842857142857,4.585714285714286,0.0,0.0,0.0,15.166666666666666,15.428571428571429,22.3,12.8,1,1,9074857,0,0.0,0.12053668025532305,0.992708874098054,0
Faisalabad,2017,2,16.242857142857144,53.68571428571429,17.5,1014.6857142857144,5.1000000000000005,0.0,0.0,0.0,17.400000000000002,15.166666666666666,8.700000000000001,22.3,2,1,9074857,0,0.0,0.23931566428755774,0.970941817426052,0
Faisalabad,2017,3,17.12857142857143,63.114285714285714,11.4,1014.4142857142856,4.771428571428571,0.0,0.0,0.0,15.471428571428572,17.400000000000002,10.5,8.700000000000001,3,1,9074857,0,0.0,0.3546048870425356,0.9350162426854148,0
Faisalabad,2017,4,16.714285714285715,59.34285714285714,13.7,1013.9857142857144,4.514285714285714,0.0,0.0,0.0,16.242857142857144,15.471428571428572,17.5,10.5,4,1,9074857,0,0.0,0.4647231720437685,0.8854560256532099,0
Faisalabad,2017,5,16.428571428571427,55.7,14.2,1016.4714285714286,4.5285714285714285,0.0,0.0,0.0,17.12857142857143,16.242857142857144,11.4,17.5,5,2,9074857,0,0.0,0.5680647467311558,0.8229838658936564,0
Faisalabad,2017,6,17.114285714285714,62.285714285714285,11.1,1015.9857142857144,5.128571428571428,0.0,0.0,0.0,16.714285714285715,17.12857142857143,13.7,11.4,6,2,9074857,0,0.0,0.6631226582407952,0.7485107481711011,0
Faisalabad,2017,7,15.828571428571427,59.714285714285715,15.1,1012.5,4.171428571428572,0.0,0.0,0.0,16.428571428571427,16.714285714285715,14.2,13.7,7,2,9074857,0,0.0,0.7485107481711011,0.6631226582407953,0
Faisalabad,2017,8,16.87142857142857,56.642857142857146,22.7,1015.5571428571428,3.814285714285714,0.0,0.0,0.0,17.114285714285714,16.428571428571427,11.1,14.2,8,2,9074857,0,0.0,0.8229838658936564,0.5680647467311558,0
Faisalabad,2017,9,24.457142857142856,55.371428571428574,19.9,1014.5142857142856,5.3428571428571425,0.0,0.0,0.0,15.828571428571427,17.114285714285714,15.1,11.1,9,3,9074857,0,0.0,0.8854560256532098,0.4647231720437686,0
Faisalabad,2017,10,26.385714285714283,61.871428571428574,16.5,1015.3857142857142,4.385714285714285,0.0,0.0,0.0,16.87142857142857,15.828571428571427,22.7,15.1,10,3,9074857,0,0.0,0.9350162426854148,0.35460488704253557,0
Faisalabad,2017,11,26.342857142857145,58.942857142857136,14.1,1017.6714285714286,5.8,0.0,0.0,0.0,24.457142857142856,16.87142857142857,19.9,22.7,11,3,9074857,0,0.0,0.970941817426052,0.23931566428755804,0
Faisalabad,2017,12,25.25714285714286,50.214285714285715,22.1,1014.6142857142858,4.414285714285715,0.0,0.0,0.0,26.385714285714283,24.457142857142856,16.5,19.9,12,3,9074857,0,0.0,0.992708874098054,0.120536680255323,0
Faisalabad,2017,13,25.042857142857144,53.028571428571425,23.1,1015.7285714285716,5.742857142857143,0.0,0.0,0.0,26.342857142857145,26.385714285714283,14.1,16.5,13,4,9074857,0,0.0,1.0,-1.6081226496766366e-16,0
Faisalabad,2017,14,27.357142857142858,54.228571428571435,24.7,1014.7142857142856,5.428571428571429,0.0,0.0,0.0,25.25714285714286,26.342857142857145,22.1,14.1,14,4,9074857,0,0.0,0.992708874098054,-0.12053668025532288,0
Faisalabad,2017,15,27.114285714285717,51.528571428571425,14.7,1015.5714285714286,4.585714285714286,0.0,0.0,0.0,25.042857142857144,25.25714285714286,23.1,22.1,15,4,9074857,0,0.0,0.9709418174260521,-0.2393156642875575,0
Faisalabad,2017,16,25.957142857142856,57.25714285714286,14.5,1015.0428571428572,6.628571428571428,0.0,0.0,0.0,27.357142857142858,25.042857142857144,24.7,23.1,16,4,9074857,0,0.0,0.9350162426854148,-0.35460488704253545,0
Faisalabad,2017,17,27.428571428571427,62.55714285714286,27.299999999999997,1016.5285714285714,5.642857142857143,0.0,0.0,0.0,27.114285714285717,27.357142857142858,14.7,24.7,17,4,9074857,0,0.0,0.8854560256532099,-0.4647231720437685,0
Faisalabad,2017,18,26.32857142857143,49.971428571428575,22.7,1014.7714285714284,5.171428571428572,0.0,0.0,0.0,25.957142857142856,27.114285714285717,14.5,14.7,18,5,9074857,0,0.0,0.8229838658936565,-0.5680647467311557,0
Faisalabad,2017,19,25.88571428571429,45.41428571428571,18.4,1013.6,5.714285714285714,0.0,0.0,0.0,27.428571428571427,25.957142857142856,27.299999999999997,14.5,19,5,9074857,0,0.0,0.7485107481711013,-0.6631226582407951,0
Faisalabad,2017,20,27.97142857142857,42.271428571428565,6.9,1014.2714285714284,5.3428571428571425,0.0,0.0,0.0,26.32857142857143,27.428571428571427,22.7,27.299999999999997,20,5,9074857,0,0.0,0.6631226582407952,-0.7485107481711012,0
Faisalabad,2017,21,24.985714285714288,58.3,24.7,1014.8571428571428,5.557142857142857,0.0,0.0,0.0,25.88571428571429,26.32857142857143,18.4,22.7,21,5,9074857,0,0.0,0.5680647467311558,-0.8229838658936564,0
Faisalabad,2017,22,33.31428571428571,55.271428571428565,27.9,1014.5428571428572,5.014285714285714,0.0,0.0,0.0,27.97142857142857,25.88571428571429,6.9,18.4,22,6,9074857,1,0.6931471805599453,0.46472317204376906,-0.8854560256532096,0
Faisalabad,2017,23,38.2,57.92857142857143,14.2,1015.0285714285714,4.5,1.0,0.0,0.0,24.985714285714288,27.97142857142857,24.7,6.9,23,6,9074857,0,0.0,0.35460488704253584,-0.9350162426854147,0
Faisalabad,2017,24,38.385714285714286,52.0,13.4,1014.6285714285714,4.171428571428572,0.0,1.0,0.0,33.31428571428571,24.985714285714288,27.9,24.7,24,6,9074857,0,0.0,0.23931566428755768,-0.970941817426052,0
Faisalabad,2017,25,39.785714285714285,53.4,14.3,1014.8571428571428,5.685714285714285,0.0,0.0,1.0,38.2,33.31428571428571,14.2,27.9,25,6,9074857,1,0.6931471805599453,0.12053668025532308,-0.992708874098054,0
Faisalabad,2017,26,36.25714285714286,50.32857142857143,27.4,1014.6,5.214285714285714,1.0,0.0,0.0,38.385714285714286,38.2,13.4,14.2,26,7,9074857,0,0.0,-3.216245299353273e-16,-1.0,1
Faisalabad,2017,27,37.271428571428565,57.528571428571425,38.900000000000006,1015.0,5.3,0.0,1.0,0.0,39.785714285714285,38.385714285714286,14.3,13.4,27,7,9074857,0,0.0,-0.12053668025532283,-0.992708874098054,1
Faisalabad,2017,28,37.92857142857143,60.15714285714286,51.1,1015.5857142857144,4.714285714285714,0.0,0.0,1.0,36.25714285714286,39.785714285714285,27.4,14.3,28,7,9074857,1,0.6931471805599453,-0.23931566428755743,-0.9709418174260521,1
Faisalabad,2017,29,37.94285714285714,53.41428571428571,57.5,1014.2,3.8428571428571425,1.0,0.0,0.0,37.271428571428565,36.25714285714286,38.900000000000006,27.4,29,7,9074857,1,0.6931471805599453,-0.3546048870425356,-0.9350162426854148,1
Faisalabad,2017,30,38.4,43.31428571428571,28.5,1015.4857142857144,5.757142857142857,1.0,1.0,0.0,37.92857142857143,37.271428571428565,51.1,38.900000000000006,30,7,9074857,0,0.0,-0.46472317204376806,-0.8854560256532101,1
Faisalabad,2017,31,38.628571428571426,58.98571428571428,55.4,1016.8,4.185714285714286,0.0,1.0,1.0,37.94285714285714,37.92857142857143,57.5,51.1,31,8,9074857,1,0.6931471805599453,-0.5680647467311556,-0.8229838658936565,1
Faisalabad,2017,32,36.385714285714286,45.971428571428575,37.1,1015.3,4.271428571428571,1.0,0.0,1.0,38.4,37.94285714285714,28.5,57.5,32,8,9074857,0,0.0,-0.663122658240795,-0.7485107481711013,1
Faisalabad,2017,33,37.84285714285714,46.871428571428574,22.2,1015.9714285714286,5.085714285714286,0.0,1.0,0.0,38.628571428571426,38.4,55.4,28.5,33,8,9074857,0,0.0,-0.7485107481711011,-0.6631226582407952,1
Faisalabad,2017,34,40.65714285714286,57.214285714285715,70.7,1016.1142857142858,5.014285714285714,0.0,0.0,1.0,36.385714285714286,38.628571428571426,37.1,55.4,34,8,9074857,1,0.6931471805599453,-0.8229838658936564,-0.5680647467311559,1
Faisalabad,2017,35,30.82857142857143,48.82857142857143,55.9,1013.7142857142856,5.285714285714286,1.0,0.0,0.0,37.84285714285714,36.385714285714286,22.2,37.1,35,9,9074857,0,0.0,-0.8854560256532096,-0.4647231720437691,1
Faisalabad,2017,36,25.142857142857142,49.0,19.9,1013.4857142857144,4.857142857142857,0.0,1.0,0.0,40.65714285714286,37.84285714285714,70.7,22.2,36,9,9074857,1,0.6931471805599453,-0.9350162426854147,-0.3546048870425359,1
Faisalabad,2017,37,23.87142857142857,54.05714285714286,58.3,1016.0571428571428,6.057142857142857,1.0,0.0,1.0,30.82857142857143,40.65714285714286,55.9,70.7,37,9,9074857,0,0.0,-0.970941817426052,-0.23931566428755774,1
Faisalabad,2017,38,24.042857142857144,47.41428571428571,26.3,1015.8857142857142,4.785714285714286,0.0,1.0,0.0,25.142857142857142,30.82857142857143,19.9,55.9,38,9,9074857,0,0.0,-0.992708874098054,-0.12053668025532357,1
Faisalabad,2017,39,24.414285714285715,50.8,38.3,1015.4857142857144,4.685714285714285,0.0,0.0,1.0,23.87142857142857,25.142857142857142,58.3,19.9,39,10,9074857,0,0.0,-1.0,-1.8369701987210297e-16,1
Faisalabad,2017,40,23.442857142857143,56.65714285714286,16.7,1015.2,5.071428571428571,0.0,0.0,0.0,24.042857142857144,23.87142857142857,26.3,58.3,40,10,9074857,0,0.0,-0.992708874098054,0.1205366802553232,1
Faisalabad,2017,41,23.87142857142857,51.042857142857144,23.3,1013.7142857142856,4.914285714285714,0.0,0.0,0.0,24.414285714285715,24.042857142857144,38.3,26.3,41,10,9074857,2,1.0986122886681098,-0.9709418174260521,0.23931566428755738,1
Faisalabad,2017,42,24.942857142857143,53.357142857142854,14.1,1016.8571428571428,4.885714285714286,2.0,0.0,0.0,23.442857142857143,24.414285714285715,16.7,38.3,42,10,9074857,0,0.0,-0.9350162426854148,0.35460488704253557,1
Faisalabad,2017,43,23.157142857142855,46.142857142857146,19.5,1015.7285714285716,4.928571428571429,0.0,2.0,0.0,23.87142857142857,23.442857142857143,23.3,16.7,43,10,9074857,3,1.3862943611198906,-0.8854560256532101,0.464723172043768,1
Faisalabad,2017,44,26.414285714285715,49.91428571428571,25.3,1014.5857142857144,5.5,3.0,0.0,2.0,24.942857142857143,23.87142857142857,14.1,23.3,44,11,9074857,0,0.0,-0.822983865893657,0.5680647467311548,0
Faisalabad,2017,45,24.885714285714283,57.57142857142857,18.8,1016.9571428571428,4.785714285714286,0.0,3.0,0.0,23.157142857142855,24.942857142857143,19.5,14.1,45,11,9074857,0,0.0,-0.7485107481711011,0.6631226582407953,0
Faisalabad,2017,46,23.814285714285713,50.871428571428574,18.1,1014.8142857142856,6.014285714285714,0.0,0.0,3.0,26.414285714285715,23.157142857142855,25.3,19.5,46,11,9074857,0,0.0,-0.6631226582407956,0.7485107481711007,0
Faisalabad,2017,47,25.385714285714283,49.07142857142857,14.9,1016.0571428571428,4.3428571428571425,0.0,0.0,0.0,24.885714285714283,26.414285714285715,18.8,25.3,47,11,9074857,1,0.6931471805599453,-0.5680647467311559,0.8229838658936564,0
Faisalabad,2017,48,18.4,61.81428571428571,18.8,1013.8142857142856,5.142857142857143,1.0,0.0,0.0,23.814285714285713,24.885714285714283,18.1,18.8,48,12,9074857,0,0.0,-0.4647231720437684,0.88545602565321,0
Faisalabad,2017,49,16.685714285714287,58.58571428571429,16.1,1013.2,5.514285714285714,0.0,1.0,0.0,25.385714285714283,23.814285714285713,14.9,18.1,49,12,9074857,0,0.0,-0.35460488704253595,0.9350162426854147,0
Faisalabad,2017,50,15.5,49.271428571428565,19.9,1014.6857142857144,4.1571428571428575,0.0,0.0,1.0,18.4,25.385714285714283,18.8,14.9,50,12,9074857,0,0.0,-0.2393156642875578,0.970941817426052,0
Faisalabad,2017,51,16.342857142857145,56.771428571428565,26.5,1018.0,5.714285714285714,0.0,0.0,0.0,16.685714285714287,18.4,16.1,18.8,51,12,9074857,0,0.0,-0.12053668025532363,0.992708874098054,0
Faisalabad,2017,52,16.0625,61.212500000000006,18.9,1015.3875,5.8,0.0,0.0,0.0,15.5,16.685714285714287,19.9,16.1,52,1,9074857,0,0.0,6.432490598706546e-16,1.0,0
Faisalabad,2018,1,16.1875,46.7125,17.5,1015.275,4.9375,0.0,0.0,0.0,16.342857142857145,15.5,26.5,19.9,1,1,9074857,0,0.0,0.12053668025532305,0.992708874098054,0
Faisalabad,2018,2,16.314285714285713,49.08571428571429,25.0,1012.2428571428572,4.742857142857143,0.0,0.0,0.0,16.0625,16.342857142857145,18.9,26.5,2,1,9074857,0,0.0,0.23931566428755774,0.970941817426052,0
Faisalabad,2018,3,17.214285714285715,58.07142857142857,25.7,1015.1,4.757142857142857,0.0,0.0,0.0,16.1875,16.0625,17.5,18.9,3,1,9074857,0,0.0,0.3546048870425356,0.9350162426854148,0
Faisalabad,2018,4,15.814285714285717,46.614285714285714,19.7,1016.7428571428572,5.071428571428571,0.0,0.0,0.0,16.314285714285713,16.1875,25.0,17.5,4,1,9074857,0,0.0,0.4647231720437685,0.8854560256532099,0
Faisalabad,2018,5,15.585714285714284,60.114285714285714,11.5,1015.9714285714286,4.857142857142857,0.0,0.0,0.0,17.214285714285715,16.314285714285713,25.7,25.0,5,2,9074857,0,0.0,0.5680647467311558,0.8229838658936564,0
Faisalabad,2018,6,16.12857142857143,52.628571428571426,23.1,1015.1714285714286,4.671428571428572,0.0,0.0,0.0,15.814285714285717,17.214285714285715,19.7,25.7,6,2,9074857,0,0.0,0.6631226582407952,0.7485107481711011,0
Faisalabad,2018,7,16.014285714285712,56.98571428571428,27.4,1017.1285714285714,5.485714285714286,0.0,0.0,0.0,15.585714285714284,15.814285714285717,11.5,19.7,7,2,9074857,0,0.0,0.7485107481711011,0.6631226582407953,0
Faisalabad,2018,8,15.714285714285714,53.857142857142854,18.3,1014.5142857142856,4.971428571428571,0.0,0.0,0.0,16.12857142857143,15.585714285714284,23.1,11.5,8,2,9074857,0,0.0,0.8229838658936564,0.5680647467311558,0
Faisalabad,2018,9,22.514285714285712,48.385714285714286,22.9,1015.5571428571428,5.285714285714286,0.0,0.0,0.0,16.014285714285712,16.12857142857143,27.4,23.1,9,3,9074857,0,0.0,0.8854560256532098,0.4647231720437686,0
Faisalabad,2018,10,27.685714285714287,57.871428571428574,23.3,1014.5428571428572,6.328571428571428,0.0,0.0,0.0,15.714285714285714,16.014285714285712,18.3,27.4,10,3,9074857,0,0.0,0.9350162426854148,0.35460488704253557,0
Faisalabad,2018,11,26.885714285714283,47.285714285714285,16.3,1015.3285714285714,4.828571428571428,0.0,0.0,0.0,22.514285714285712,15.714285714285714,22.9,18.3,11,3,9074857,0,0.0,0.970941817426052,0.23931566428755804,0
Faisalabad,2018,12,26.385714285714283,57.15714285714286,24.3,1017.9714285714286,5.5,0.0,0.0,0.0,27.685714285714287,22.514285714285712,23.3,22.9,12,3,9074857,0,0.0,0.992708874098054,0.120536680255323,0
Faisalabad,2018,13,27.914285714285715,54.42857142857143,22.4,1014.5571428571428,3.6571428571428575,0.0,0.0,0.0,26.885714285714283,27.685714285714287,16.3,23.3,13,4,9074857,0,0.0,1.0,-1.6081226496766366e-16,0
Faisalabad,2018,14,27.2,49.15714285714286,11.1,1014.6,4.014285714285714,0.0,0.0,0.0,26.385714285714283,26.885714285714283,24.3,16.3,14,4,9074857,1,0.6931471805599453,0.992708874098054,-0.12053668025532288,0
Faisalabad,2018,15,27.77142857142857,46.971428571428575,14.1,1015.157142857143,4.871428571428572,1.0,0.0,0.0,27.914285714285715,26.385714285714283,22.4,24.3,15,4,9074857,0,0.0,0.9709418174260521,-0.2393156642875575,0
Faisalabad,2018,16,26.814285714285713,55.142857142857146,7.1000000000000005,1014.6857142857144,5.828571428571428,0.0,1.0,0.0,27.2,27.914285714285715,11.1,22.4,16,4,9074857,0,0.0,0.9350162426854148,-0.35460488704253545,0
Faisalabad,2018,17,27.214285714285715,50.31428571428573,15.5,1013.7,5.914285714285714,0.0,0.0,1.0,27.77142857142857,27.2,14.1,11.1,17,4,9074857,1,0.6931471805599453,0.8854560256532099,-0.4647231720437685,0
Faisalabad,2018,18,26.357142857142858,61.25714285714286,13.6,1017.5714285714286,4.685714285714285,1.0,0.0,0.0,26.814285714285713,27.77142857142857,7.1000000000000005,14.1,18,5,9074857,0,0.0,0.8229838658936565,-0.5680647467311557,0
Faisalabad,2018,19,24.514285714285712,50.114285714285714,13.2,1014.1714285714286,4.8999999999999995,0.0,1.0,0.0,27.214285714285715,26.814285714285713,15.5,7.1000000000000005,19,5,9074857,1,0.6931471805599453,0.7485107481711013,-0.6631226582407951,0
Faisalabad,2018,20,25.142857142857142,57.24285714285715,21.3,1015.342857142857,3.8428571428571425,1.0,0.0,1.0,26.357142857142858,27.214285714285715,13.6,15.5,20,5,9074857,0,0.0,0.6631226582407952,-0.7485107481711012,0
Faisalabad,2018,21,29.442857142857143,46.6,13.8,1015.2285714285716,3.371428571428571,0.0,1.0,0.0,24.514285714285712,26.357142857142858,13.2,13.6,21,5,9074857,0,0.0,0.5680647467311558,-0.8229838658936564,0
Faisalabad,2018,22,32.785714285714285,56.68571428571429,14.4,1013.7428571428572,5.228571428571429,0.0,0.0,1.0,25.142857142857142,24.514285714285712,21.3,13.2,22,6,9074857,0,0.0,0.46472317204376906,-0.8854560256532096,0
Faisalabad,2018,23,39.01428571428572,50.65714285714286,10.7,1017.5714285714286,4.8999999999999995,0.0,0.0,0.0,29.442857142857143,25.142857142857142,13.8,21.3,23,6,9074857,0,0.0,0.35460488704253584,-0.9350162426854147,0
Faisalabad,2018,24,37.4,57.47142857142857,18.6,1015.7285714285716,5.685714285714285,0.0,0.0,0.0,32.785714285714285,29.442857142857143,14.4,13.8,24,6,9074857,1,0.6931471805599453,0.23931566428755768,-0.970941817426052,0
Faisalabad,2018,25,38.228571428571435,50.957142857142856,16.5,1017.0285714285714,4.985714285714286,1.0,0.0,0.0,39.01428571428572,32.785714285714285,10.7,14.4,25,6,9074857,1,0.6931471805599453,0.12053668025532308,-0.992708874098054,0
Faisalabad,2018,26,37.24285714285714,49.94285714285714,17.5,1013.1857142857144,6.428571428571429,1.0,1.0,0.0,37.4,39.01428571428572,18.6,10.7,26,7,9074857,0,0.0,-3.216245299353273e-16,-1.0,1
Faisalabad,2018,27,38.371428571428574,65.32857142857142,52.2,1015.6142857142858,4.228571428571429,0.0,1.0,1.0,38.228571428571435,37.4,16.5,18.6,27,7,9074857,1,0.6931471805599453,-0.12053668025532283,-0.992708874098054,1
Faisalabad,2018,28,39.285714285714285,56.92857142857143,53.2,1014.4,4.771428571428571,1.0,0.0,1.0,37.24285714285714,38.228571428571435,17.5,16.5,28,7,9074857,0,0.0,-0.23931566428755743,-0.9709418174260521,1
Faisalabad,2018,29,37.9,53.028571428571425,64.1,1014.2571428571428,4.514285714285714,0.0,1.0,0.0,38.371428571428574,37.24285714285714,52.2,17.5,29,7,9074857,1,0.6931471805599453,-0.3546048870425356,-0.9350162426854148,1
Faisalabad,2018,30,36.857142857142854,63.65714285714286,67.1,1016.0428571428572,5.1000000000000005,1.0,0.0,1.0,39.285714285714285,38.371428571428574,53.2,52.2,30,7,9074857,0,0.0,-0.46472317204376806,-0.8854560256532101,1
Faisalabad,2018,31,39.542857142857144,55.3,53.5,1016.6285714285714,4.785714285714286,0.0,1.0,0.0,37.9,39.285714285714285,64.1,53.2,31,8,9074857,0,0.0,-0.5680647467311556,-0.8229838658936565,1
Faisalabad,2018,32,39.028571428571425,54.371428571428574,54.4,1014.657142857143,3.9,0.0,0.0,1.0,36.857142857142854,37.9,67.1,64.1,32,8,9074857,1,0.6931471805599453,-0.663122658240795,-0.7485107481711013,1
Faisalabad,2018,33,39.1,54.3,77.3,1015.3285714285714,5.2,1.0,0.0,0.0,39.542857142857144,36.857142857142854,53.5,67.1,33,8,9074857,0,0.0,-0.7485107481711011,-0.6631226582407952,1
Faisalabad,2018,34,38.8,63.142857142857146,32.5,1013.1285714285714,6.128571428571428,0.0,1.0,0.0,39.028571428571425,39.542857142857144,54.4,53.5,34,8,9074857,2,1.0986122886681098,-0.8229838658936564,-0.5680647467311559,1
Faisalabad,2018,35,35.22857142857143,50.48571428571428,46.5,1016.0285714285714,4.614285714285714,2.0,0.0,1.0,39.1,39.028571428571425,77.3,54.4,35,9,9074857,0,0.0,-0.8854560256532096,-0.4647231720437691,1
Faisalabad,2018,36,23.814285714285713,48.542857142857144,30.1,1014.6428571428572,4.457142857142857,0.0,2.0,0.0,38.8,39.1,32.5,77.3,36,9,9074857,0,0.0,-0.9350162426854147,-0.3546048870425359,1
Faisalabad,2018,37,22.3,58.68571428571429,55.7,1012.7857142857144,4.285714285714286,0.0,0.0,2.0,35.22857142857143,38.8,46.5,32.5,37,9,9074857,0,0.0,-0.970941817426052,-0.23931566428755774,1
Faisalabad,2018,38,23.285714285714285,46.07142857142857,52.4,1015.7714285714284,4.971428571428571,0.0,0.0,0.0,23.814285714285713,35.22857142857143,30.1,46.5,38,9,9074857,0,0.0,-0.992708874098054,-0.12053668025532357,1
Faisalabad,2018,39,24.085714285714285,53.457142857142856,35.6,1015.8571428571428,5.442857142857143,0.0,0.0,0.0,22.3,23.814285714285713,55.7,30.1,39,9,9074857,0,0.0,-1.0,-1.8369701987210297e-16,1
Faisalabad,2018,40,23.25714285714286,56.15714285714286,17.5,1013.6714285714286,5.3,0.0,0.0,0.0,23.285714285714285,22.3,52.4,55.7,40,10,9074857,0,0.0,-0.992708874098054,0.1205366802553232,1
Faisalabad,2018,41,23.0,45.42857142857143,16.5,1014.9,4.385714285714285,0.0,0.0,0.0,24.085714285714285,23.285714285714285,35.6,52.4,41,10,9074857,0,0.0,-0.9709418174260521,0.23931566428755738,1
Faisalabad,2018,42,22.17142857142857,56.542857142857144,12.9,1014.657142857143,5.514285714285714,0.0,0.0,0.0,23.25714285714286,24.085714285714285,17.5,35.6,42,10,9074857,0,0.0,-0.9350162426854148,0.35460488704253557,1
Faisalabad,2018,43,24.485714285714288,63.957142857142856,13.9,1016.3285714285714,5.5,0.0,0.0,0.0,23.0,23.25714285714286,16.5,17.5,43,10,9074857,0,0.0,-0.8854560256532101,0.464723172043768,1
Faisalabad,2018,44,22.728571428571428,49.12857142857143,11.1,1014.5714285714286,5.014285714285714,0.0,0.0,0.0,22.17142857142857,23.0,12.9,16.5,44,11,9074857,0,0.0,-0.822983865893657,0.5680647467311548,0
Faisalabad,2018,45,23.457142857142856,57.542857142857144,29.6,1016.2,4.314285714285714,0.0,0.0,0.0,24.485714285714288,22.17142857142857,13.9,12.9,45,11,9074857,0,0.0,-0.7485107481711011,0.6631226582407953,0
Faisalabad,2018,46,23.571428571428573,59.01428571428572,17.599999999999998,1013.7,6.114285714285714,0.0,0.0,0.0,22.728571428571428,24.485714285714288,11.1,13.9,46,11,9074857,0,0.0,-0.6631226582407956,0.7485107481711007,0
Faisalabad,2018,47,23.1,49.857142857142854,25.9,1013.7285714285716,4.257142857142857,0.0,0.0,0.0,23.457142857142856,22.728571428571428,29.6,11.1,47,11,9074857,1,0.6931471805599453,-0.5680647467311559,0.8229838658936564,0
Faisalabad,2018,48,23.185714285714287,54.042857142857144,20.1,1017.0285714285714,4.457142857142857,1.0,0.0,0.0,23.571428571428573,23.457142857142856,17.599999999999998,29.6,48,12,9074857,2,1.0986122886681098,-0.4647231720437684,0.88545602565321,0
Faisalabad,2018,49,15.771428571428572,48.9,30.0,1017.2,4.114285714285715,2.0,1.0,0.0,23.1,23.571428571428573,25.9,17.599999999999998,49,12,9074857,0,0.0,-0.35460488704253595,0.9350162426854147,0
Faisalabad,2018,50,14.328571428571427,55.271428571428565,16.0,1012.5714285714286,4.957142857142857,0.0,2.0,1.0,23.185714285714287,23.1,20.1,25.9,50,12,9074857,1,0.6931471805599453,-0.2393156642875578,0.970941817426052,0
Faisalabad,2018,51,15.8,52.1,22.4,1015.8714285714286,5.457142857142857,1.0,0.0,2.0,15.771428571428572,23.185714285714287,30.0,20.1,51,12,9074857,0,0.0,-0.12053668025532363,0.992708874098054,0
Faisalabad,2018,52,14.257142857142856,51.528571428571425,16.9,1016.157142857143,6.142857142857143,0.0,1.0,0.0,14.328571428571427,15.771428571428572,16.0,30.0,52,12,9074857,0,0.0,6.432490598706546e-16,1.0,0
Faisalabad,2019,1,16.3625,53.8875,20.8,1014.625,5.125,0.0,0.0,1.0,15.8,14.328571428571427,22.4,16.0,1,1,9074857,1,0.6931471805599453,0.12053668025532305,0.992708874098054,0
Faisalabad,2019,2,13.471428571428572,55.3,19.6,1013.5571428571428,5.485714285714286,1.0,0.0,0.0,14.257142857142856,15.8,16.9,22.4,2,1,9074857,1,0.6931471805599453,0.23931566428755774,0.970941817426052,0
Faisalabad,2019,3,16.657142857142855,58.8,20.1,1013.5428571428572,5.885714285714286,1.0,1.0,0.0,16.3625,14.257142857142856,20.8,16.9,3,1,9074857,0,0.0,0.3546048870425356,0.9350162426854148,0
Faisalabad,2019,4,16.814285714285713,64.05714285714285,12.5,1014.3285714285714,4.885714285714286,0.0,1.0,1.0,13.471428571428572,16.3625,19.6,20.8,4,1,9074857,0,0.0,0.4647231720437685,0.8854560256532099,0
Faisalabad,2019,5,17.157142857142855,54.34285714285714,18.2,1013.8285714285714,5.414285714285714,0.0,0.0,1.0,16.657142857142855,13.471428571428572,20.1,19.6,5,2,9074857,0,0.0,0.5680647467311558,0.8229838658936564,0
Faisalabad,2019,6,14.914285714285716,46.48571428571429,25.0,1016.0142857142856,5.771428571428571,0.0,0.0,0.0,16.814285714285713,16.657142857142855,12.5,20.1,6,2,9074857,0,0.0,0.6631226582407952,0.7485107481711011,0
Faisalabad,2019,7,16.571428571428573,69.14285714285714,16.2,1013.7857142857144,4.8,0.0,0.0,0.0,17.157142857142855,16.814285714285713,18.2,12.5,7,2,9074857,0,0.0,0.7485107481711011,0.6631226582407953,0
Faisalabad,2019,8,14.771428571428572,57.142857142857146,9.2,1016.0857142857144,4.928571428571429,0.0,0.0,0.0,14.914285714285716,17.157142857142855,25.0,18.2,8,2,9074857,0,0.0,0.8229838658936564,0.5680647467311558,0
Faisalabad,2019,9,21.614285714285717,52.028571428571425,28.2,1014.9857142857144,4.971428571428571,0.0,0.0,0.0,16.571428571428573,14.914285714285716,16.2,25.0,9,3,9074857,0,0.0,0.8854560256532098,0.4647231720437686,0
Faisalabad,2019,10,27.571428571428573,58.142857142857146,22.4,1016.0571428571428,4.185714285714286,0.0,0.0,0.0,14.771428571428572,16.571428571428573,9.2,16.2,10,3,9074857,0,0.0,0.9350162426854148,0.35460488704253557,0
Faisalabad,2019,11,25.7,52.114285714285714,21.0,1015.657142857143,5.7,0.0,0.0,0.0,21.614285714285717,14.771428571428572,28.2,9.2,11,3,9074857,0,0.0,0.970941817426052,0.23931566428755804,0
Faisalabad,2019,12,29.0,54.82857142857143,30.4,1016.4142857142856,4.942857142857143,0.0,0.0,0.0,27.571428571428573,21.614285714285717,22.4,28.2,12,3,9074857,0,0.0,0.992708874098054,0.120536680255323,0
Faisalabad,2019,13,27.32857142857143,61.042857142857144,20.4,1015.2857142857144,4.271428571428571,0.0,0.0,0.0,25.7,27.571428571428573,21.0,22.4,13,3,9074857,0,0.0,1.0,-1.6081226496766366e-16,0
Faisalabad,2019,14,28.75714285714286,45.25714285714286,12.6,1014.4,4.442857142857142,0.0,0.0,0.0,29.0,25.7,30.4,21.0,14,4,9074857,0,0.0,0.992708874098054,-0.12053668025532288,0
Faisalabad,2019,15,28.2,50.04285714285714,13.5,1014.0285714285714,3.057142857142857,0.0,0.0,0.0,27.32857142857143,29.0,20.4,30.4,15,4,9074857,0,0.0,0.9709418174260521,-0.2393156642875575,0
Faisalabad,2019,16,26.342857142857145,58.714285714285715,18.0,1015.1857142857144,4.328571428571428,0.0,0.0,0.0,28.75714285714286,27.32857142857143,12.6,20.4,16,4,9074857,0,0.0,0.9350162426854148,-0.35460488704253545,0
Faisalabad,2019,17,26.74285714285714,63.32857142857142,13.8,1015.2428571428572,4.614285714285714,0.0,0.0,0.0,28.2,28.75714285714286,13.5,12.6,17,4,9074857,0,0.0,0.8854560256532099,-0.4647231720437685,0
Faisalabad,2019,18,26.457142857142856,55.07142857142857,33.7,1012.5428571428572,4.1,0.0,0.0,0.0,26.342857142857145,28.2,18.0,13.5,18,5,9074857,0,0.0,0.8229838658936565,-0.5680647467311557,0
Faisalabad,2019,19,28.057142857142857,55.728571428571435,27.3,1015.3714285714286,5.357142857142857,0.0,0.0,0.0,26.74285714285714,26.342857142857145,13.8,18.0,19,5,9074857,0,0.0,0.7485107481711013,-0.6631226582407951,0
Faisalabad,2019,20,25.771428571428572,57.128571428571426,27.5,1014.2285714285716,5.128571428571428,0.0,0.0,0.0,26.457142857142856,26.74285714285714,33.7,13.8,20,5,9074857,0,0.0,0.6631226582407952,-0.7485107481711012,0
Faisalabad,2019,21,27.414285714285715,60.44285714285714,14.2,1015.8857142857142,4.728571428571429,0.0,0.0,0.0,28.057142857142857,26.457142857142856,27.3,33.7,21,5,9074857,2,1.0986122886681098,0.5680647467311558,-0.8229838658936564,0
Faisalabad,2019,22,30.97142857142857,54.357142857142854,16.6,1014.0857142857144,4.271428571428571,2.0,0.0,0.0,25.771428571428572,28.057142857142857,27.5,27.3,22,6,9074857,4,1.6094379124341005,0.46472317204376906,-0.8854560256532096,0
Faisalabad,2019,23,37.31428571428571,56.142857142857146,14.2,1015.0428571428572,5.757142857142857,4.0,2.0,0.0,27.414285714285715,25.771428571428572,14.2,27.5,23,6,9074857,0,0.0,0.35460488704253584,-0.9350162426854147,0
Faisalabad,2019,24,38.471428571428575,57.84285714285714,27.6,1015.1428571428572,5.985714285714286,0.0,4.0,2.0,30.97142857142857,27.414285714285715,16.6,14.2,24,6,9074857,0,0.0,0.23931566428755768,-0.970941817426052,0
Faisalabad,2019,25,39.128571428571426,45.857142857142854,17.6,1014.4285714285714,6.3428571428571425,0.0,0.0,4.0,37.31428571428571,30.97142857142857,14.2,16.6,25,6,9074857,0,0.0,0.12053668025532308,-0.992708874098054,0
Faisalabad,2019,26,38.714285714285715,60.885714285714286,21.1,1014.8857142857142,4.3428571428571425,0.0,0.0,0.0,38.471428571428575,37.31428571428571,27.6,14.2,26,6,9074857,0,0.0,-3.216245299353273e-16,-1.0,0
Faisalabad,2019,27,38.228571428571435,46.58571428571429,36.9,1017.6285714285714,4.514285714285714,0.0,0.0,0.0,39.128571428571426,38.471428571428575,17.6,27.6,27,7,9074857,0,0.0,-0.12053668025532283,-0.992708874098054,1
Faisalabad,2019,28,37.82857142857143,51.057142857142864,68.7,1013.9714285714286,4.185714285714286,0.0,0.0,0.0,38.714285714285715,39.128571428571426,21.1,17.6,28,7,9074857,0,0.0,-0.23931566428755743,-0.9709418174260521,1
Faisalabad,2019,29,38.028571428571425,54.5,60.7,1013.6142857142858,4.8999999999999995,0.0,0.0,0.0,38.228571428571435,38.714285714285715,36.9,21.1,29,7,9074857,0,0.0,-0.3546048870425356,-0.9350162426854148,1
Faisalabad,2019,30,38.58571428571429,60.128571428571426,58.8,1014.1714285714286,4.6571428571428575,0.0,0.0,0.0,37.82857142857143,38.228571428571435,68.7,36.9,30,7,9074857,0,0.0,-0.46472317204376806,-0.8854560256532101,1
Faisalabad,2019,31,37.55714285714286,53.94285714285714,55.8,1012.1714285714286,4.314285714285715,0.0,0.0,0.0,38.028571428571425,37.82857142857143,60.7,68.7,31,8,9074857,1,0.6931471805599453,-0.5680647467311556,-0.8229838658936565,1
Faisalabad,2019,32,38.028571428571425,59.471428571428575,58.0,1012.4571428571428,4.442857142857143,1.0,0.0,0.0,38.58571428571429,38.028571428571425,58.8,60.7,32,8,9074857,1,0.6931471805599453,-0.663122658240795,-0.7485107481711013,1
Faisalabad,2019,33,38.68571428571429,66.07142857142857,45.3,1014.4428571428572,4.0285714285714285,1.0,1.0,0.0,37.55714285714286,38.58571428571429,55.8,58.8,33,8,9074857,0,0.0,-0.7485107481711011,-0.6631226582407952,1
Faisalabad,2019,34,39.25714285714286,54.42857142857143,55.1,1014.5714285714286,4.957142857142857,0.0,1.0,1.0,38.028571428571425,37.55714285714286,58.0,55.8,34,8,9074857,0,0.0,-0.8229838658936564,-0.5680647467311559,1
Faisalabad,2019,35,33.58571428571428,52.18571428571429,45.5,1013.8714285714286,4.6571428571428575,0.0,0.0,1.0,38.68571428571429,38.028571428571425,45.3,58.0,35,9,9074857,0,0.0,-0.8854560256532096,-0.4647231720437691,1
Faisalabad,2019,36,25.042857142857144,54.81428571428571,93.6,1015.3714285714286,5.028571428571429,0.0,0.0,0.0,39.25714285714286,38.68571428571429,55.1,45.3,36,9,9074857,1,0.6931471805599453,-0.9350162426854147,-0.3546048870425359,1
Faisalabad,2019,37,22.228571428571428,55.98571428571429,42.8,1015.5,4.685714285714285,1.0,0.0,0.0,33.58571428571428,39.25714285714286,45.5,55.1,37,9,9074857,7,2.0794415416798357,-0.970941817426052,-0.23931566428755774,1
Faisalabad,2019,38,24.071428571428573,58.2,27.3,1013.4714285714286,5.685714285714285,7.0,1.0,0.0,25.042857142857144,33.58571428571428,93.6,45.5,38,9,9074857,9,2.302585092994046,-0.992708874098054,-0.12053668025532357,1
Faisalabad,2019,39,22.214285714285715,43.74285714285714,28.2,1014.7142857142856,3.971428571428571,9.0,7.0,1.0,22.228571428571428,25.042857142857144,42.8,93.6,39,9,9074857,14,2.70805020110221,-1.0,-1.8369701987210297e-16,1
Faisalabad,2019,40,24.385714285714283,61.871428571428574,29.2,1014.9714285714286,5.371428571428572,14.0,9.0,7.0,24.071428571428573,22.228571428571428,27.3,42.8,40,10,9074857,3,1.3862943611198906,-0.992708874098054,0.1205366802553232,1
Faisalabad,2019,41,22.114285714285717,48.2,18.1,1012.5714285714286,4.7,3.0,14.0,9.0,22.214285714285715,24.071428571428573,28.2,27.3,41,10,9074857,6,1.9459101490553132,-0.9709418174260521,0.23931566428755738,1
Faisalabad,2019,42,25.042857142857144,60.67142857142857,6.1,1014.7428571428572,5.314285714285715,6.0,3.0,14.0,24.385714285714283,22.214285714285715,29.2,28.2,42,10,9074857,5,1.791759469228055,-0.9350162426854148,0.35460488704253557,1
Faisalabad,2019,43,23.67142857142857,57.24285714285714,10.5,1017.6285714285714,4.8999999999999995,5.0,6.0,3.0,22.114285714285717,24.385714285714283,18.1,29.2,43,10,9074857,1,0.6931471805599453,-0.8854560256532101,0.464723172043768,1
Faisalabad,2019,44,22.3,61.24285714285714,16.5,1011.9714285714286,5.214285714285714,1.0,5.0,6.0,25.042857142857144,22.114285714285717,6.1,18.1,44,11,9074857,1,0.6931471805599453,-0.822983865893657,0.5680647467311548,0
Faisalabad,2019,45,23.7,52.51428571428572,33.7,1016.5428571428572,4.057142857142857,1.0,1.0,5.0,23.67142857142857,25.042857142857144,10.5,6.1,45,11,9074857,0,0.0,-0.7485107481711011,0.6631226582407953,0
Faisalabad,2019,46,23.74285714285714,64.35714285714286,13.8,1015.5,6.3428571428571425,0.0,1.0,1.0,22.3,23.67142857142857,16.5,10.5,46,11,9074857,3,1.3862943611198906,-0.6631226582407956,0.7485107481711007,0
Faisalabad,2019,47,23.014285714285712,47.97142857142857,22.0,1014.2428571428572,5.528571428571429,3.0,0.0,1.0,23.7,22.3,33.7,16.5,47,11,9074857,0,0.0,-0.5680647467311559,0.8229838658936564,0
Faisalabad,2019,48,23.52857142857143,58.68571428571429,20.0,1015.5428571428572,3.814285714285714,0.0,3.0,0.0,23.74285714285714,23.7,13.8,33.7,48,12,9074857,0,0.0,-0.4647231720437684,0.88545602565321,0
Faisalabad,2019,49,15.242857142857142,51.271428571428565,10.1,1015.5142857142856,5.442857142857143,0.0,0.0,3.0,23.014285714285712,23.74285714285714,22.0,13.8,49,12,9074857,1,0.6931471805599453,-0.35460488704253595,0.9350162426854147,0
Faisalabad,2019,50,15.142857142857142,51.57142857142857,21.8,1015.4142857142856,4.557142857142857,1.0,0.0,0.0,23.52857142857143,23.014285714285712,20.0,22.0,50,12,9074857,2,1.0986122886681098,-0.2393156642875578,0.970941817426052,0
Faisalabad,2019,51,16.585714285714285,65.71428571428571,27.9,1014.2,4.5285714285714285,2.0,1.0,0.0,15.242857142857142,23.52857142857143,10.1,20.0,51,12,9074857,0,0.0,-0.12053668025532363,0.992708874098054,0
Faisalabad,2019,52,16.285714285714285,52.91428571428571,15.3,1017.3714285714284,6.385714285714286,0.0,2.0,1.0,15.142857142857142,15.242857142857142,21.8,10.1,52,12,9074857,0,0.0,6.432490598706546e-16,1.0,0
Faisalabad,2020,1,15.86,54.64,8.3,1017.36,5.54,0.0,0.0,2.0,16.585714285714285,15.142857142857142,27.9,21.8,1,1,9074857,0,0.0,0.12053668025532305,0.992708874098054,0
Faisalabad,2020,2,15.05714285714286,58.614285714285714,15.3,1015.157142857143,4.771428571428571,0.0,0.0,0.0,16.285714285714285,16.585714285714285,15.3,27.9,2,1,9074857,0,0.0,0.23931566428755774,0.970941817426052,0
Faisalabad,2020,3,15.114285714285714,49.25714285714286,22.1,1015.842857142857,4.571428571428571,0.0,0.0,0.0,15.86,16.285714285714285,8.3,15.3,3,1,9074857,2,1.0986122886681098,0.3546048870425356,0.9350162426854148,0
Faisalabad,2020,4,14.671428571428573,59.385714285714286,21.8,1016.3142857142856,4.828571428571428,2.0,0.0,0.0,15.05714285714286,15.86,15.3,8.3,4,1,9074857,0,0.0,0.4647231720437685,0.8854560256532099,0
Faisalabad,2020,5,16.085714285714285,56.1,11.9,1013.6428571428572,5.142857142857143,0.0,2.0,0.0,15.114285714285714,15.05714285714286,22.1,15.3,5,2,9074857,0,0.0,0.5680647467311558,0.8229838658936564,0
Faisalabad,2020,6,16.314285714285713,55.142857142857146,25.3,1013.6857142857144,4.628571428571428,0.0,0.0,2.0,14.671428571428573,15.114285714285714,21.8,22.1,6,2,9074857,0,0.0,0.6631226582407952,0.7485107481711011,0
Faisalabad,2020,7,16.62857142857143,53.08571428571429,12.3,1015.3714285714286,5.857142857142857,0.0,0.0,0.0,16.085714285714285,14.671428571428573,11.9,21.8,7,2,9074857,0,0.0,0.7485107481711011,0.6631226582407953,0
Faisalabad,2020,8,18.271428571428572,47.457142857142856,26.8,1016.4142857142856,3.971428571428571,0.0,0.0,0.0,16.314285714285713,16.085714285714285,25.3,11.9,8,2,9074857,0,0.0,0.8229838658936564,0.5680647467311558,0
Faisalabad,2020,9,16.485714285714288,51.785714285714285,22.9,1015.9714285714286,5.085714285714286,0.0,0.0,0.0,16.62857142857143,16.314285714285713,12.3,25.3,9,3,9074857,0,0.0,0.8854560256532098,0.4647231720437686,0
Faisalabad,2020,10,26.32857142857143,63.028571428571425,19.5,1015.1428571428572,4.4,0.0,0.0,0.0,18.271428571428572,16.62857142857143,26.8,12.3,10,3,9074857,0,0.0,0.9350162426854148,0.35460488704253557,0
Faisalabad,2020,11,25.814285714285713,54.31428571428571,21.7,1013.6857142857144,5.471428571428571,0.0,0.0,0.0,16.485714285714288,18.271428571428572,22.9,26.8,11,3,9074857,0,0.0,0.970941817426052,0.23931566428755804,0
Faisalabad,2020,12,28.6,51.885714285714286,14.1,1015.6142857142858,5.571428571428571,0.0,0.0,0.0,26.32857142857143,16.485714285714288,19.5,22.9,12,3,9074857,0,0.0,0.992708874098054,0.120536680255323,0
Faisalabad,2020,13,26.928571428571427,52.74285714285714,18.5,1016.3285714285714,5.257142857142857,0.0,0.0,0.0,25.814285714285713,26.32857142857143,21.7,19.5,13,3,9074857,0,0.0,1.0,-1.6081226496766366e-16,0
Faisalabad,2020,14,26.6,48.3,23.0,1014.8142857142856,5.114285714285714,0.0,0.0,0.0,28.6,25.814285714285713,14.1,21.7,14,4,9074857,0,0.0,0.992708874098054,-0.12053668025532288,0
Faisalabad,2020,15,27.071428571428573,52.08571428571429,11.8,1017.157142857143,4.285714285714286,0.0,0.0,0.0,26.928571428571427,28.6,18.5,14.1,15,4,9074857,0,0.0,0.9709418174260521,-0.2393156642875575,0
Faisalabad,2020,16,27.142857142857142,65.94285714285715,19.6,1014.0714285714286,5.228571428571429,0.0,0.0,0.0,26.6,26.928571428571427,23.0,18.5,16,4,9074857,0,0.0,0.9350162426854148,-0.35460488704253545,0
Faisalabad,2020,17,26.185714285714283,52.385714285714286,18.2,1014.5857142857144,5.171428571428571,0.0,0.0,0.0,27.071428571428573,26.6,11.8,23.0,17,4,9074857,0,0.0,0.8854560256532099,-0.4647231720437685,0
Faisalabad,2020,18,26.37142857142857,53.15714285714286,11.4,1016.0857142857144,5.428571428571429,0.0,0.0,0.0,27.142857142857142,27.071428571428573,19.6,11.8,18,5,9074857,0,0.0,0.8229838658936565,-0.5680647467311557,0
Faisalabad,2020,19,27.82857142857143,58.18571428571429,21.6,1013.5142857142856,5.257142857142858,0.0,0.0,0.0,26.185714285714283,27.142857142857142,18.2,19.6,19,5,9074857,0,0.0,0.7485107481711013,-0.6631226582407951,0
Faisalabad,2020,20,27.3,42.05714285714286,20.9,1014.3857142857142,5.8,0.0,0.0,0.0,26.37142857142857,26.185714285714283,11.4,18.2,20,5,9074857,0,0.0,0.6631226582407952,-0.7485107481711012,0
Faisalabad,2020,21,25.342857142857145,51.042857142857144,17.2,1014.2571428571428,5.357142857142857,0.0,0.0,0.0,27.82857142857143,26.37142857142857,21.6,11.4,21,5,9074857,0,0.0,0.5680647467311558,-0.8229838658936564,0
Faisalabad,2020,22,26.985714285714288,55.885714285714286,23.9,1017.5571428571428,5.828571428571429,0.0,0.0,0.0,27.3,27.82857142857143,20.9,21.6,22,5,9074857,0,0.0,0.46472317204376906,-0.8854560256532096,0
Faisalabad,2020,23,38.91428571428571,56.871428571428574,10.3,1015.4285714285714,4.728571428571429,0.0,0.0,0.0,25.342857142857145,27.3,17.2,20.9,23,6,9074857,0,0.0,0.35460488704253584,-0.9350162426854147,0
Faisalabad,2020,24,38.32857142857143,52.42857142857143,15.9,1015.2571428571428,4.357142857142857,0.0,0.0,0.0,26.985714285714288,25.342857142857145,23.9,17.2,24,6,9074857,0,0.0,0.23931566428755768,-0.970941817426052,0
Faisalabad,2020,25,37.42857142857143,50.51428571428572,20.0,1014.6142857142858,5.171428571428572,0.0,0.0,0.0,38.91428571428571,26.985714285714288,10.3,23.9,25,6,9074857,0,0.0,0.12053668025532308,-0.992708874098054,0
Faisalabad,2020,26,38.8,51.114285714285714,14.0,1015.5714285714286,4.814285714285715,0.0,0.0,0.0,38.32857142857143,38.91428571428571,15.9,10.3,26,6,9074857,0,0.0,-3.216245299353273e-16,-1.0,0
Faisalabad,2020,27,38.0,48.02857142857143,25.9,1012.0428571428572,5.271428571428571,0.0,0.0,0.0,37.42857142857143,38.32857142857143,20.0,15.9,27,7,9074857,0,0.0,-0.12053668025532283,-0.992708874098054,1
Faisalabad,2020,28,36.65714285714286,51.81428571428571,68.69999999999999,1015.6285714285714,5.885714285714286,0.0,0.0,0.0,38.8,37.42857142857143,14.0,20.0,28,7,9074857,0,0.0,-0.23931566428755743,-0.9709418174260521,1
Faisalabad,2020,29,37.857142857142854,53.41428571428571,65.7,1014.1857142857144,4.4,0.0,0.0,0.0,38.0,38.8,25.9,14.0,29,7,9074857,0,0.0,-0.3546048870425356,-0.9350162426854148,1
Faisalabad,2020,30,38.98571428571428,53.714285714285715,59.1,1015.5857142857144,5.071428571428571,0.0,0.0,0.0,36.65714285714286,38.0,68.69999999999999,25.9,30,7,9074857,0,0.0,-0.46472317204376806,-0.8854560256532101,1
Faisalabad,2020,31,37.5,45.17142857142857,65.8,1015.2,5.714285714285714,0.0,0.0,0.0,37.857142857142854,36.65714285714286,65.7,68.69999999999999,31,8,9074857,0,0.0,-0.5680647467311556,-0.8229838658936565,1
Faisalabad,2020,32,40.18571428571429,52.357142857142854,61.7,1012.3,4.885714285714286,0.0,0.0,0.0,38.98571428571428,37.857142857142854,59.1,65.7,32,8,9074857,0,0.0,-0.663122658240795,-0.7485107481711013,1
Faisalabad,2020,33,37.771428571428565,62.5,58.7,1013.5142857142856,4.428571428571429,0.0,0.0,0.0,37.5,38.98571428571428,65.8,59.1,33,8,9074857,0,0.0,-0.7485107481711011,-0.6631226582407952,1
Faisalabad,2020,34,37.24285714285714,59.01428571428572,68.3,1015.5,4.371428571428572,0.0,0.0,0.0,40.18571428571429,37.5,61.7,65.8,34,8,9074857,0,0.0,-0.8229838658936564,-0.5680647467311559,1
Faisalabad,2020,35,39.08571428571429,50.7,57.0,1017.1285714285714,4.714285714285714,0.0,0.0,0.0,37.771428571428565,40.18571428571429,58.7,61.7,35,8,9074857,2,1.0986122886681098,-0.8854560256532096,-0.4647231720437691,1
Faisalabad,2020,36,26.728571428571428,53.34285714285714,62.9,1015.2857142857144,5.785714285714286,2.0,0.0,0.0,37.24285714285714,37.771428571428565,68.3,58.7,36,9,9074857,0,0.0,-0.9350162426854147,-0.3546048870425359,1
Faisalabad,2020,37,22.771428571428572,53.371428571428574,107.0,1013.0,6.1000000000000005,0.0,2.0,0.0,39.08571428571429,37.24285714285714,57.0,68.3,37,9,9074857,0,0.0,-0.970941817426052,-0.23931566428755774,1
Faisalabad,2020,38,25.557142857142857,61.228571428571435,43.0,1013.8857142857142,4.114285714285715,0.0,0.0,2.0,26.728571428571428,39.08571428571429,62.9,57.0,38,9,9074857,0,0.0,-0.992708874098054,-0.12053668025532357,1
Faisalabad,2020,39,24.142857142857142,51.614285714285714,79.5,1015.6285714285714,5.742857142857143,0.0,0.0,0.0,22.771428571428572,26.728571428571428,107.0,62.9,39,9,9074857,0,0.0,-1.0,-1.8369701987210297e-16,1
Faisalabad,2020,40,23.442857142857143,55.228571428571435,24.9,1013.0857142857144,5.171428571428572,0.0,0.0,0.0,25.557142857142857,22.771428571428572,43.0,107.0,40,10,9074857,2,1.0986122886681098,-0.992708874098054,0.1205366802553232,1
Faisalabad,2020,41,23.542857142857144,59.10000000000001,12.6,1013.157142857143,5.357142857142857,2.0,0.0,0.0,24.142857142857142,25.557142857142857,79.5,43.0,41,10,9074857,0,0.0,-0.9709418174260521,0.23931566428755738,1
Faisalabad,2020,42,24.24285714285714,48.528571428571425,19.3,1013.4,4.7,0.0,2.0,0.0,23.442857142857143,24.142857142857142,24.9,79.5,42,10,9074857,0,0.0,-0.9350162426854148,0.35460488704253557,1
Faisalabad,2020,43,23.914285714285715,51.542857142857144,15.6,1013.5285714285714,4.757142857142857,0.0,0.0,2.0,23.542857142857144,23.442857142857143,12.6,24.9,43,10,9074857,0,0.0,-0.8854560256532101,0.464723172043768,1
Faisalabad,2020,44,24.17142857142857,52.5,19.6,1015.4285714285714,5.885714285714286,0.0,0.0,0.0,24.24285714285714,23.542857142857144,19.3,12.6,44,11,9074857,0,0.0,-0.822983865893657,0.5680647467311548,0
Faisalabad,2020,45,23.414285714285715,53.25714285714286,15.2,1014.0714285714286,3.7714285714285714,0.0,0.0,0.0,23.914285714285715,24.24285714285714,15.6,19.3,45,11,9074857,0,0.0,-0.7485107481711011,0.6631226582407953,0
Faisalabad,2020,46,22.614285714285717,54.028571428571425,20.8,1013.6285714285714,5.214285714285714,0.0,0.0,0.0,24.17142857142857,23.914285714285715,19.6,15.6,46,11,9074857,0,0.0,-0.6631226582407956,0.7485107481711007,0
Faisalabad,2020,47,22.0,60.7,25.0,1014.2142857142856,5.428571428571429,0.0,0.0,0.0,23.414285714285715,24.17142857142857,15.2,19.6,47,11,9074857,0,0.0,-0.5680647467311559,0.8229838658936564,0
Faisalabad,2020,48,22.785714285714285,49.457142857142856,18.6,1015.0,5.514285714285714,0.0,0.0,0.0,22.614285714285717,23.414285714285715,20.8,15.2,48,11,9074857,0,0.0,-0.4647231720437684,0.88545602565321,0
Faisalabad,2020,49,17.257142857142856,59.94285714285714,25.9,1015.3857142857142,6.128571428571428,0.0,0.0,0.0,22.0,22.614285714285717,25.0,20.8,49,12,9074857,0,0.0,-0.35460488704253595,0.9350162426854147,0
Faisalabad,2020,50,14.357142857142858,50.92857142857143,11.7,1013.4142857142856,4.828571428571428,0.0,0.0,0.0,22.785714285714285,22.0,18.6,25.0,50,12,9074857,0,0.0,-0.2393156642875578,0.970941817426052,0
Faisalabad,2020,51,15.857142857142858,58.82857142857143,8.100000000000001,1012.9571428571428,5.3428571428571425,0.0,0.0,0.0,17.257142857142856,22.785714285714285,25.9,18.6,51,12,9074857,0,0.0,-0.12053668025532363,0.992708874098054,0
Faisalabad,2020,52,17.385714285714286,57.2,21.0,1013.6142857142858,5.371428571428572,0.0,0.0,0.0,14.357142857142858,17.257142857142856,11.7,25.9,52,12,9074857,0,0.0,6.432490598706546e-16,1.0,0
Faisalabad,2020,53,18.1,71.25,12.4,1017.45,2.975,0.0,0.0,0.0,15.857142857142858,14.357142857142858,8.100000000000001,11.7,53,12,9074857,0,0.0,0.12053668025532314,0.992708874098054,0
Faisalabad,2021,1,15.271428571428572,62.5,24.4,1014.7428571428572,6.1571428571428575,0.0,0.0,0.0,17.385714285714286,15.857142857142858,21.0,8.100000000000001,1,1,9074857,0,0.0,0.12053668025532305,0.992708874098054,0
Faisalabad,2021,2,17.628571428571426,53.51428571428572,20.6,1014.9857142857144,3.542857142857143,0.0,0.0,0.0,18.1,17.385714285714286,12.4,21.0,2,1,9074857,0,0.0,0.23931566428755774,0.970941817426052,0
Faisalabad,2021,3,16.285714285714285,54.371428571428574,20.4,1013.9857142857144,4.257142857142857,0.0,0.0,0.0,15.271428571428572,18.1,24.4,12.4,3,1,9074857,0,0.0,0.3546048870425356,0.9350162426854148,0
Faisalabad,2021,4,16.142857142857142,55.41428571428571,12.7,1013.2714285714284,4.485714285714286,0.0,0.0,0.0,17.628571428571426,15.271428571428572,20.6,24.4,4,1,9074857,0,0.0,0.4647231720437685,0.8854560256532099,0
Faisalabad,2021,5,15.342857142857143,61.15714285714286,19.3,1015.1857142857144,4.057142857142857,0.0,0.0,0.0,16.285714285714285,17.628571428571426,20.4,20.6,5,2,9074857,0,0.0,0.5680647467311558,0.8229838658936564,0
Faisalabad,2021,6,17.785714285714285,48.871428571428574,20.1,1014.0571428571428,5.557142857142857,0.0,0.0,0.0,16.142857142857142,16.285714285714285,12.7,20.4,6,2,9074857,0,0.0,0.6631226582407952,0.7485107481711011,0
Faisalabad,2021,7,16.757142857142856,55.48571428571428,25.8,1014.5857142857144,4.742857142857143,0.0,0.0,0.0,15.342857142857143,16.142857142857142,19.3,12.7,7,2,9074857,0,0.0,0.7485107481711011,0.6631226582407953,0
Faisalabad,2021,8,17.514285714285712,47.51428571428572,17.2,1014.9285714285714,5.528571428571429,0.0,0.0,0.0,17.785714285714285,15.342857142857143,20.1,19.3,8,2,9074857,0,0.0,0.8229838658936564,0.5680647467311558,0
Faisalabad,2021,9,24.842857142857145,58.3,10.5,1014.8857142857142,6.028571428571429,0.0,0.0,0.0,16.757142857142856,17.785714285714285,25.8,20.1,9,3,9074857,0,0.0,0.8854560256532098,0.4647231720437686,0
Faisalabad,2021,10,27.32857142857143,54.32857142857143,7.1,1014.4142857142856,6.385714285714286,0.0,0.0,0.0,17.514285714285712,16.757142857142856,17.2,25.8,10,3,9074857,0,0.0,0.9350162426854148,0.35460488704253557,0
Faisalabad,2021,11,27.257142857142856,69.0,3.3000000000000003,1012.9857142857144,4.914285714285714,0.0,0.0,0.0,24.842857142857145,17.514285714285712,10.5,17.2,11,3,9074857,0,0.0,0.970941817426052,0.23931566428755804,0
Faisalabad,2021,12,27.542857142857144,49.92857142857143,16.5,1014.2857142857144,4.757142857142857,0.0,0.0,0.0,27.32857142857143,24.842857142857145,7.1,10.5,12,3,9074857,0,0.0,0.992708874098054,0.120536680255323,0
Faisalabad,2021,13,25.928571428571427,58.34285714285714,18.8,1013.8857142857142,4.314285714285715,0.0,0.0,0.0,27.257142857142856,27.32857142857143,3.3000000000000003,7.1,13,4,9074857,0,0.0,1.0,-1.6081226496766366e-16,0
Faisalabad,2021,14,28.157142857142855,56.65714285714286,15.2,1014.6857142857144,5.685714285714285,0.0,0.0,0.0,27.542857142857144,27.257142857142856,16.5,3.3000000000000003,14,4,9074857,0,0.0,0.992708874098054,-0.12053668025532288,0
Faisalabad,2021,15,27.342857142857145,51.385714285714286,18.3,1016.2857142857144,5.328571428571428,0.0,0.0,0.0,25.928571428571427,27.542857142857144,18.8,16.5,15,4,9074857,0,0.0,0.9709418174260521,-0.2393156642875575,0
Faisalabad,2021,16,26.457142857142856,46.885714285714286,16.8,1013.7285714285716,3.628571428571429,0.0,0.0,0.0,28.157142857142855,25.928571428571427,15.2,18.8,16,4,9074857,0,0.0,0.9350162426854148,-0.35460488704253545,0
Faisalabad,2021,17,28.114285714285717,56.58571428571429,12.2,1014.4571428571428,4.628571428571428,0.0,0.0,0.0,27.342857142857145,28.157142857142855,18.3,15.2,17,5,9074857,0,0.0,0.8854560256532099,-0.4647231720437685,0
Faisalabad,2021,18,29.8,58.01428571428572,13.9,1013.0571428571428,5.771428571428571,0.0,0.0,0.0,26.457142857142856,27.342857142857145,16.8,18.3,18,5,9074857,0,0.0,0.8229838658936565,-0.5680647467311557,0
Faisalabad,2021,19,25.87142857142857,52.15714285714285,14.5,1017.0,4.514285714285714,0.0,0.0,0.0,28.114285714285717,26.457142857142856,12.2,16.8,19,5,9074857,0,0.0,0.7485107481711013,-0.6631226582407951,0
Faisalabad,2021,20,28.02857142857143,54.028571428571425,23.8,1016.0714285714286,4.8428571428571425,0.0,0.0,0.0,29.8,28.114285714285717,13.9,12.2,20,5,9074857,1,0.6931471805599453,0.6631226582407952,-0.7485107481711012,0
Faisalabad,2021,21,27.557142857142857,57.4,16.4,1014.3285714285714,5.171428571428572,1.0,0.0,0.0,25.87142857142857,29.8,14.5,13.9,21,5,9074857,0,0.0,0.5680647467311558,-0.8229838658936564,0
Faisalabad,2021,22,36.128571428571426,53.94285714285714,10.3,1014.5428571428572,6.485714285714286,0.0,1.0,0.0,28.02857142857143,25.87142857142857,23.8,14.5,22,6,9074857,0,0.0,0.46472317204376906,-0.8854560256532096,0
Faisalabad,2021,23,37.74285714285714,46.771428571428565,21.3,1015.0857142857144,4.985714285714286,0.0,0.0,1.0,27.557142857142857,28.02857142857143,16.4,23.8,23,6,9074857,0,0.0,0.35460488704253584,-0.9350162426854147,0
Faisalabad,2021,24,37.271428571428565,55.82857142857142,18.3,1014.9142857142856,4.4714285714285715,0.0,0.0,0.0,36.128571428571426,27.557142857142857,10.3,16.4,24,6,9074857,0,0.0,0.23931566428755768,-0.970941817426052,0
Faisalabad,2021,25,37.528571428571425,51.142857142857146,21.6,1013.4571428571428,5.128571428571428,0.0,0.0,0.0,37.74285714285714,36.128571428571426,21.3,10.3,25,6,9074857,0,0.0,0.12053668025532308,-0.992708874098054,0
Faisalabad,2021,26,39.15714285714286,54.785714285714285,29.0,1012.1857142857144,5.2,0.0,0.0,0.0,37.271428571428565,37.74285714285714,18.3,21.3,26,7,9074857,0,0.0,-3.216245299353273e-16,-1.0,1
Faisalabad,2021,27,39.3,56.24285714285714,29.0,1013.7857142857144,4.942857142857143,0.0,0.0,0.0,37.528571428571425,37.271428571428565,21.6,18.3,27,7,9074857,0,0.0,-0.12053668025532283,-0.992708874098054,1
Faisalabad,2021,28,38.42857142857143,57.17142857142857,34.2,1013.4428571428572,4.928571428571429,0.0,0.0,0.0,39.15714285714286,37.528571428571425,29.0,21.6,28,7,9074857,0,0.0,-0.23931566428755743,-0.9709418174260521,1
Faisalabad,2021,29,39.4,53.01428571428572,74.4,1014.9285714285714,4.014285714285714,0.0,0.0,0.0,39.3,39.15714285714286,29.0,29.0,29,7,9074857,0,0.0,-0.3546048870425356,-0.9350162426854148,1
Faisalabad,2021,30,39.82857142857143,51.58571428571429,16.6,1013.4,4.542857142857143,0.0,0.0,0.0,38.42857142857143,39.3,34.2,29.0,30,8,9074857,0,0.0,-0.46472317204376806,-0.8854560256532101,1
Faisalabad,2021,31,37.214285714285715,57.442857142857136,43.2,1013.6428571428572,5.5,0.0,0.0,0.0,39.4,38.42857142857143,74.4,34.2,31,8,9074857,0,0.0,-0.5680647467311556,-0.8229838658936565,1
Faisalabad,2021,32,39.2,66.17142857142856,39.4,1014.8285714285714,5.242857142857143,0.0,0.0,0.0,39.82857142857143,39.4,16.6,74.4,32,8,9074857,0,0.0,-0.663122658240795,-0.7485107481711013,1
Faisalabad,2021,33,38.971428571428575,54.857142857142854,75.6,1015.5,4.3,0.0,0.0,0.0,37.214285714285715,39.82857142857143,43.2,16.6,33,8,9074857,0,0.0,-0.7485107481711011,-0.6631226582407952,1
Faisalabad,2021,34,39.42857142857143,49.08571428571429,57.3,1015.4285714285714,5.6000000000000005,0.0,0.0,0.0,39.2,37.214285714285715,39.4,43.2,34,8,9074857,0,0.0,-0.8229838658936564,-0.5680647467311559,1
Faisalabad,2021,35,29.67142857142857,47.81428571428571,54.6,1014.9571428571428,5.128571428571428,0.0,0.0,0.0,38.971428571428575,39.2,75.6,39.4,35,9,9074857,0,0.0,-0.8854560256532096,-0.4647231720437691,1
Faisalabad,2021,36,24.2,54.58571428571429,27.8,1014.2428571428572,4.514285714285714,0.0,0.0,0.0,39.42857142857143,38.971428571428575,57.3,75.6,36,9,9074857,1,0.6931471805599453,-0.9350162426854147,-0.3546048870425359,1
Faisalabad,2021,37,25.285714285714285,56.91428571428571,43.2,1014.1857142857144,4.571428571428571,1.0,0.0,0.0,29.67142857142857,39.42857142857143,54.6,57.3,37,9,9074857,1,0.6931471805599453,-0.970941817426052,-0.23931566428755774,1
Faisalabad,2021,38,21.914285714285715,53.91428571428571,55.7,1012.3857142857142,4.285714285714286,1.0,1.0,0.0,24.2,29.67142857142857,27.8,54.6,38,9,9074857,2,1.0986122886681098,-0.992708874098054,-0.12053668025532357,1
Faisalabad,2021,39,23.071428571428573,57.4,23.9,1015.5142857142856,5.3,2.0,1.0,1.0,25.285714285714285,24.2,43.2,27.8,39,10,9074857,4,1.6094379124341005,-1.0,-1.8369701987210297e-16,1
Faisalabad,2021,40,23.87142857142857,51.642857142857146,13.6,1015.5285714285714,5.3,4.0,2.0,1.0,21.914285714285715,25.285714285714285,55.7,43.2,40,10,9074857,27,3.332204510175204,-0.992708874098054,0.1205366802553232,1
Faisalabad,2021,41,24.357142857142858,65.85714285714286,17.1,1015.4714285714286,4.357142857142857,27.0,4.0,2.0,23.071428571428573,21.914285714285715,23.9,55.7,41,10,9074857,36,3.610917912644224,-0.9709418174260521,0.23931566428755738,1
Faisalabad,2021,42,22.642857142857142,48.971428571428575,12.9,1015.7285714285716,6.7,36.0,27.0,4.0,23.87142857142857,23.071428571428573,13.6,23.9,42,10,9074857,68,4.23410650459726,-0.9350162426854148,0.35460488704253557,1
Faisalabad,2021,43,22.457142857142856,55.1,17.7,1012.6714285714286,6.3999999999999995,68.0,36.0,27.0,24.357142857142858,23.87142857142857,17.1,13.6,43,10,9074857,73,4.30406509320417,-0.8854560256532101,0.464723172043768,1
Faisalabad,2021,44,22.785714285714285,41.857142857142854,21.6,1014.9714285714286,5.771428571428571,73.0,68.0,36.0,22.642857142857142,24.357142857142858,12.9,17.1,44,11,9074857,43,3.784189633918261,-0.822983865893657,0.5680647467311548,0
Faisalabad,2021,45,22.5,61.857142857142854,13.7,1013.9285714285714,5.1000000000000005,43.0,73.0,68.0,22.457142857142856,22.642857142857142,17.7,12.9,45,11,9074857,42,3.7612001156935624,-0.7485107481711011,0.6631226582407953,0
Faisalabad,2021,46,23.614285714285717,56.57142857142857,15.9,1015.4285714285714,4.871428571428572,42.0,43.0,73.0,22.785714285714285,22.457142857142856,21.6,17.7,46,11,9074857,26,3.295836866004329,-0.6631226582407956,0.7485107481711007,0
Faisalabad,2021,47,22.414285714285715,50.028571428571425,19.2,1013.4714285714286,5.485714285714286,26.0,42.0,43.0,22.5,22.785714285714285,13.7,21.6,47,11,9074857,24,3.218875824868201,-0.5680647467311559,0.8229838658936564,0
Faisalabad,2021,48,17.642857142857142,48.857142857142854,10.2,1016.7142857142856,3.871428571428571,24.0,26.0,42.0,23.614285714285717,22.5,15.9,13.7,48,12,9074857,8,2.1972245773362196,-0.4647231720437684,0.88545602565321,0
Faisalabad,2021,49,15.771428571428572,53.885714285714286,11.3,1015.7285714285716,4.6000000000000005,8.0,24.0,26.0,22.414285714285715,23.614285714285717,19.2,15.9,49,12,9074857,4,1.6094379124341005,-0.35460488704253595,0.9350162426854147,0
Faisalabad,2021,50,14.8,44.857142857142854,12.5,1015.0571428571428,5.8,4.0,8.0,24.0,17.642857142857142,22.414285714285715,10.2,19.2,50,12,9074857,3,1.3862943611198906,-0.2393156642875578,0.970941817426052,0
Faisalabad,2021,51,16.442857142857143,54.228571428571435,22.4,1014.8,4.6571428571428575,3.0,4.0,8.0,15.771428571428572,17.642857142857142,11.3,10.2,51,12,9074857,0,0.0,-0.12053668025532363,0.992708874098054,0
Faisalabad,2021,52,12.32,54.44,12.5,1015.4,4.92,0.0,3.0,4.0,14.8,15.771428571428572,12.5,11.3,52,12,9074857,0,0.0,6.432490598706546e-16,1.0,0
Faisalabad,2021,53,15.233333333333334,46.666666666666664,6.6,1017.5,4.866666666666667,0.0,0.0,3.0,16.442857142857143,14.8,22.4,12.5,53,1,9074857,0,0.0,0.12053668025532314,0.992708874098054,0
Faisalabad,2022,1,13.828571428571427,53.614285714285714,19.7,1015.1857142857144,5.285714285714286,0.0,0.0,0.0,12.32,16.442857142857143,12.5,22.4,1,1,9074857,0,0.0,0.12053668025532305,0.992708874098054,0
Faisalabad,2022,2,15.757142857142856,50.5,23.2,1015.7571428571428,4.7,0.0,0.0,0.0,15.233333333333334,12.32,6.6,12.5,2,1,9074857,0,0.0,0.23931566428755774,0.970941817426052,0
Faisalabad,2022,3,16.0,58.41428571428571,15.3,1016.8142857142856,4.1,0.0,0.0,0.0,13.828571428571427,15.233333333333334,19.7,6.6,3,1,9074857,0,0.0,0.3546048870425356,0.9350162426854148,0
Faisalabad,2022,4,16.885714285714286,54.81428571428571,14.3,1017.3142857142856,4.614285714285714,0.0,0.0,0.0,15.757142857142856,13.828571428571427,23.2,19.7,4,1,9074857,0,0.0,0.4647231720437685,0.8854560256532099,0
Faisalabad,2022,5,15.2,59.81428571428571,19.3,1013.5571428571428,4.214285714285714,0.0,0.0,0.0,16.0,15.757142857142856,15.3,23.2,5,2,9074857,0,0.0,0.5680647467311558,0.8229838658936564,0
Faisalabad,2022,6,17.3,66.44285714285715,23.6,1014.0,5.457142857142857,0.0,0.0,0.0,16.885714285714286,16.0,14.3,15.3,6,2,9074857,0,0.0,0.6631226582407952,0.7485107481711011,0
Faisalabad,2022,7,16.2,56.87142857142857,19.5,1014.8571428571428,4.5,0.0,0.0,0.0,15.2,16.885714285714286,19.3,14.3,7,2,9074857,0,0.0,0.7485107481711011,0.6631226582407953,0
Faisalabad,2022,8,15.528571428571428,44.75714285714286,21.2,1016.0857142857142,5.471428571428571,0.0,0.0,0.0,17.3,15.2,23.6,19.3,8,2,9074857,0,0.0,0.8229838658936564,0.5680647467311558,0
Faisalabad,2022,9,26.657142857142855,50.957142857142856,18.2,1015.2,6.671428571428572,0.0,0.0,0.0,16.2,17.3,19.5,23.6,9,3,9074857,0,0.0,0.8854560256532098,0.4647231720437686,0
Faisalabad,2022,10,28.014285714285712,50.1,12.2,1013.9714285714286,5.114285714285714,0.0,0.0,0.0,15.528571428571428,16.2,21.2,19.5,10,3,9074857,0,0.0,0.9350162426854148,0.35460488704253557,0
Faisalabad,2022,11,26.657142857142855,55.05714285714286,16.8,1013.842857142857,4.957142857142857,0.0,0.0,0.0,26.657142857142855,15.528571428571428,18.2,21.2,11,3,9074857,1,0.6931471805599453,0.970941817426052,0.23931566428755804,0
Faisalabad,2022,12,26.857142857142858,63.542857142857144,12.9,1014.8857142857142,6.985714285714286,1.0,0.0,0.0,28.014285714285712,26.657142857142855,12.2,18.2,12,3,9074857,0,0.0,0.992708874098054,0.120536680255323,0
Faisalabad,2022,13,27.885714285714283,51.0,13.9,1015.9,4.585714285714286,0.0,1.0,0.0,26.657142857142855,28.014285714285712,16.8,12.2,13,4,9074857,0,0.0,1.0,-1.6081226496766366e-16,0
Faisalabad,2022,14,26.87142857142857,46.357142857142854,9.3,1017.7,5.057142857142857,0.0,0.0,1.0,26.857142857142858,26.657142857142855,12.9,16.8,14,4,9074857,0,0.0,0.992708874098054,-0.12053668025532288,0
Faisalabad,2022,15,24.814285714285713,62.2,11.8,1014.2285714285716,5.771428571428571,0.0,0.0,0.0,27.885714285714283,26.857142857142858,13.9,12.9,15,4,9074857,1,0.6931471805599453,0.9709418174260521,-0.2393156642875575,0
Faisalabad,2022,16,25.957142857142856,62.5,31.3,1015.1285714285714,4.742857142857143,1.0,0.0,0.0,26.87142857142857,27.885714285714283,9.3,13.9,16,4,9074857,0,0.0,0.9350162426854148,-0.35460488704253545,0
Faisalabad,2022,17,26.571428571428573,51.08571428571429,16.5,1013.8571428571428,5.571428571428571,0.0,1.0,0.0,24.814285714285713,26.87142857142857,11.8,9.3,17,5,9074857,0,0.0,0.8854560256532099,-0.4647231720437685,0
Faisalabad,2022,18,28.071428571428573,49.528571428571425,13.8,1015.342857142857,5.985714285714286,0.0,0.0,1.0,25.957142857142856,24.814285714285713,31.3,11.8,18,5,9074857,0,0.0,0.8229838658936565,-0.5680647467311557,0
Faisalabad,2022,19,26.857142857142858,50.471428571428575,8.7,1014.6857142857144,5.1571428571428575,0.0,0.0,0.0,26.571428571428573,25.957142857142856,16.5,31.3,19,5,9074857,0,0.0,0.7485107481711013,-0.6631226582407951,0
Faisalabad,2022,20,26.74285714285714,60.54285714285714,24.7,1016.9857142857144,4.228571428571429,0.0,0.0,0.0,28.071428571428573,26.571428571428573,13.8,16.5,20,5,9074857,2,1.0986122886681098,0.6631226582407952,-0.7485107481711012,0
Faisalabad,2022,21,29.157142857142855,55.3,16.7,1016.8714285714286,4.814285714285715,2.0,0.0,0.0,26.857142857142858,28.071428571428573,8.7,13.8,21,5,9074857,0,0.0,0.5680647467311558,-0.8229838658936564,0
Faisalabad,2022,22,35.357142857142854,56.8,11.8,1015.0,4.771428571428571,0.0,2.0,0.0,26.74285714285714,26.857142857142858,24.7,8.7,22,6,9074857,1,0.6931471805599453,0.46472317204376906,-0.8854560256532096,0
Faisalabad,2022,23,38.67142857142857,56.32857142857143,17.4,1014.5857142857144,6.0,1.0,0.0,2.0,29.157142857142855,26.74285714285714,16.7,24.7,23,6,9074857,0,0.0,0.35460488704253584,-0.9350162426854147,0
Faisalabad,2022,24,37.714285714285715,51.07142857142857,15.2,1014.1285714285714,5.371428571428572,0.0,1.0,0.0,35.357142857142854,29.157142857142855,11.8,16.7,24,6,9074857,0,0.0,0.23931566428755768,-0.970941817426052,0
Faisalabad,2022,25,38.3,53.67142857142857,17.599999999999998,1013.657142857143,5.014285714285714,0.0,0.0,1.0,38.67142857142857,35.357142857142854,17.4,11.8,25,6,9074857,0,0.0,0.12053668025532308,-0.992708874098054,0
Faisalabad,2022,26,38.18571428571429,63.1,42.1,1014.5428571428572,6.271428571428571,0.0,0.0,0.0,37.714285714285715,38.67142857142857,15.2,17.4,26,7,9074857,0,0.0,-3.216245299353273e-16,-1.0,1
Faisalabad,2022,27,37.15714285714286,55.8,54.8,1014.6142857142858,5.071428571428571,0.0,0.0,0.0,38.3,37.714285714285715,17.599999999999998,15.2,27,7,9074857,0,0.0,-0.12053668025532283,-0.992708874098054,1
Faisalabad,2022,28,37.528571428571425,66.54285714285714,44.0,1016.9428571428572,4.185714285714286,0.0,0.0,0.0,38.18571428571429,38.3,42.1,17.599999999999998,28,7,9074857,0,0.0,-0.23931566428755743,-0.9709418174260521,1
Faisalabad,2022,29,39.028571428571425,48.528571428571425,59.400000000000006,1017.4142857142856,4.942857142857143,0.0,0.0,0.0,37.15714285714286,38.18571428571429,54.8,42.1,29,7,9074857,0,0.0,-0.3546048870425356,-0.9350162426854148,1
Faisalabad,2022,30,40.142857142857146,52.5,61.8,1013.8142857142856,4.942857142857143,0.0,0.0,0.0,37.528571428571425,37.15714285714286,44.0,54.8,30,7,9074857,1,0.6931471805599453,-0.46472317204376806,-0.8854560256532101,1
Faisalabad,2022,31,37.48571428571428,59.67142857142857,75.1,1015.0857142857144,4.942857142857143,1.0,0.0,0.0,39.028571428571425,37.528571428571425,59.400000000000006,44.0,31,8,9074857,1,0.6931471805599453,-0.5680647467311556,-0.8229838658936565,1
Faisalabad,2022,32,37.94285714285714,59.91428571428571,71.7,1016.6428571428572,4.642857142857143,1.0,1.0,0.0,40.142857142857146,39.028571428571425,61.8,59.400000000000006,32,8,9074857,0,0.0,-0.663122658240795,-0.7485107481711013,1
Faisalabad,2022,33,37.25714285714286,53.17142857142857,53.2,1015.6857142857144,4.814285714285715,0.0,1.0,1.0,37.48571428571428,40.142857142857146,75.1,61.8,33,8,9074857,4,1.6094379124341005,-0.7485107481711011,-0.6631226582407952,1
Faisalabad,2022,34,38.15714285714286,55.971428571428575,65.8,1013.1142857142858,4.4714285714285715,4.0,0.0,1.0,37.94285714285714,37.48571428571428,71.7,75.1,34,8,9074857,2,1.0986122886681098,-0.8229838658936564,-0.5680647467311559,1
Faisalabad,2022,35,31.114285714285717,52.557142857142864,64.5,1014.7142857142856,5.442857142857143,2.0,4.0,0.0,37.25714285714286,37.94285714285714,53.2,71.7,35,9,9074857,2,1.0986122886681098,-0.8854560256532096,-0.4647231720437691,1
Faisalabad,2022,36,22.542857142857144,52.84285714285714,90.1,1016.3285714285714,5.214285714285714,2.0,2.0,4.0,38.15714285714286,37.25714285714286,65.8,53.2,36,9,9074857,7,2.0794415416798357,-0.9350162426854147,-0.3546048870425359,1
Faisalabad,2022,37,24.17142857142857,54.3,41.1,1016.7714285714284,5.457142857142857,7.0,2.0,2.0,31.114285714285717,38.15714285714286,64.5,65.8,37,9,9074857,4,1.6094379124341005,-0.970941817426052,-0.23931566428755774,1
Faisalabad,2022,38,23.485714285714288,54.5,20.8,1015.7142857142856,4.628571428571428,4.0,7.0,2.0,22.542857142857144,31.114285714285717,90.1,64.5,38,9,9074857,17,2.8903717578961645,-0.992708874098054,-0.12053668025532357,1
Faisalabad,2022,39,23.37142857142857,55.642857142857146,65.9,1014.1714285714286,4.985714285714286,17.0,4.0,7.0,24.17142857142857,22.542857142857144,41.1,90.1,39,10,9074857,23,3.1780538303479458,-1.0,-1.8369701987210297e-16,1
Faisalabad,2022,40,24.342857142857145,50.58571428571429,19.4,1016.5142857142856,5.2,23.0,17.0,4.0,23.485714285714288,24.17142857142857,20.8,41.1,40,10,9074857,23,3.1780538303479458,-0.992708874098054,0.1205366802553232,1
Faisalabad,2022,41,23.52857142857143,53.028571428571425,16.1,1012.3,5.471428571428572,23.0,23.0,17.0,23.37142857142857,23.485714285714288,65.9,20.8,41,10,9074857,11,2.4849066497880004,-0.9709418174260521,0.23931566428755738,1
Faisalabad,2022,42,25.157142857142855,59.24285714285715,24.3,1014.657142857143,4.642857142857143,11.0,23.0,23.0,24.342857142857145,23.37142857142857,19.4,65.9,42,10,9074857,30,3.4339872044851463,-0.9350162426854148,0.35460488704253557,1
Faisalabad,2022,43,22.2,54.8,21.6,1016.4142857142856,5.042857142857143,30.0,11.0,23.0,23.52857142857143,24.342857142857145,16.1,19.4,43,10,9074857,41,3.737669618283368,-0.8854560256532101,0.464723172043768,1
Faisalabad,2022,44,22.12857142857143,51.642857142857146,23.5,1014.3571428571428,4.3428571428571425,41.0,30.0,11.0,25.157142857142855,23.52857142857143,24.3,16.1,44,11,9074857,42,3.7612001156935624,-0.822983865893657,0.5680647467311548,0
Faisalabad,2022,45,24.842857142857145,58.714285714285715,21.2,1016.1,5.428571428571429,42.0,41.0,30.0,22.2,25.157142857142855,21.6,24.3,45,11,9074857,31,3.4657359027997265,-0.7485107481711011,0.6631226582407953,0
Faisalabad,2022,46,22.857142857142858,57.357142857142854,15.2,1012.8571428571428,6.271428571428571,31.0,42.0,41.0,22.12857142857143,22.2,23.5,21.6,46,11,9074857,34,3.5553480614894135,-0.6631226582407956,0.7485107481711007,0
Faisalabad,2022,47,22.685714285714287,57.74285714285714,25.4,1016.6714285714286,4.942857142857143,34.0,31.0,42.0,24.842857142857145,22.12857142857143,21.2,23.5,47,11,9074857,19,2.995732273553991,-0.5680647467311559,0.8229838658936564,0
Faisalabad,2022,48,17.714285714285715,46.714285714285715,11.3,1014.8,4.285714285714286,19.0,34.0,31.0,22.857142857142858,24.842857142857145,15.2,21.2,48,12,9074857,8,2.1972245773362196,-0.4647231720437684,0.88545602565321,0
Faisalabad,2022,49,15.099999999999998,54.857142857142854,12.3,1016.1714285714286,4.428571428571429,8.0,19.0,34.0,22.685714285714287,22.857142857142858,25.4,15.2,49,12,9074857,19,2.995732273553991,-0.35460488704253595,0.9350162426854147,0
Faisalabad,2022,50,16.228571428571428,69.04285714285713,6.9,1014.9857142857144,6.014285714285714,19.0,8.0,19.0,17.714285714285715,22.685714285714287,11.3,25.4,50,12,9074857,11,2.4849066497880004,-0.2393156642875578,0.970941817426052,0
Faisalabad,2022,51,16.62857142857143,54.857142857142854,26.9,1016.9714285714286,5.171428571428572,11.0,19.0,8.0,15.099999999999998,17.714285714285715,12.3,11.3,51,12,9074857,0,0.0,-0.12053668025532363,0.992708874098054,0
Faisalabad,2022,52,16.7,55.175,35.8,1015.35,5.4125000000000005,0.0,11.0,19.0,16.228571428571428,15.099999999999998,6.9,12.3,52,1,9074857,0,0.0,6.432490598706546e-16,1.0,0
Faisalabad,2023,1,16.685714285714287,51.871428571428574,6.1,1015.5571428571428,5.885714285714286,0.0,0.0,11.0,16.62857142857143,16.228571428571428,26.9,6.9,1,1,9074857,0,0.0,0.12053668025532305,0.992708874098054,0
Faisalabad,2023,2,16.742857142857144,51.92857142857143,34.7,1013.0285714285714,4.8999999999999995,0.0,0.0,0.0,16.7,16.62857142857143,35.8,26.9,2,1,9074857,0,0.0,0.23931566428755774,0.970941817426052,0
Faisalabad,2023,3,16.771428571428572,50.528571428571425,26.1,1013.6142857142858,3.842857142857143,0.0,0.0,0.0,16.685714285714287,16.7,6.1,35.8,3,1,9074857,0,0.0,0.3546048870425356,0.9350162426854148,0
Faisalabad,2023,4,17.357142857142858,61.5,16.1,1013.4857142857144,5.028571428571429,0.0,0.0,0.0,16.742857142857144,16.685714285714287,34.7,6.1,4,1,9074857,1,0.6931471805599453,0.4647231720437685,0.8854560256532099,0
Faisalabad,2023,5,16.47142857142857,51.957142857142856,16.4,1012.7571428571428,4.7,1.0,0.0,0.0,16.771428571428572,16.742857142857144,26.1,34.7,5,2,9074857,0,0.0,0.5680647467311558,0.8229838658936564,0
Faisalabad,2023,6,15.671428571428567,55.9,22.2,1015.9714285714286,4.642857142857143,0.0,1.0,0.0,17.357142857142858,16.771428571428572,16.1,26.1,6,2,9074857,0,0.0,0.6631226582407952,0.7485107481711011,0
Faisalabad,2023,7,14.028571428571428,61.12857142857143,2.6,1015.842857142857,4.457142857142857,0.0,0.0,1.0,16.47142857142857,17.357142857142858,16.4,16.1,7,2,9074857,0,0.0,0.7485107481711011,0.6631226582407953,0
Faisalabad,2023,8,17.771428571428572,51.028571428571425,25.3,1014.0857142857144,4.885714285714286,0.0,0.0,0.0,15.671428571428567,16.47142857142857,22.2,16.4,8,2,9074857,1,0.6931471805599453,0.8229838658936564,0.5680647467311558,0
Faisalabad,2023,9,23.914285714285715,54.8,21.4,1012.9285714285714,4.0,1.0,0.0,0.0,14.028571428571428,15.671428571428567,2.6,22.2,9,3,9074857,1,0.6931471805599453,0.8854560256532098,0.4647231720437686,0
Faisalabad,2023,10,29.6,57.4,21.9,1015.8714285714286,4.914285714285714,1.0,1.0,0.0,17.771428571428572,14.028571428571428,25.3,2.6,10,3,9074857,0,0.0,0.9350162426854148,0.35460488704253557,0
Faisalabad,2023,11,29.014285714285712,51.44285714285714,23.0,1013.5285714285714,5.8999999999999995,0.0,1.0,1.0,23.914285714285715,17.771428571428572,21.4,25.3,11,3,9074857,0,0.0,0.970941817426052,0.23931566428755804,0
Faisalabad,2023,12,25.74285714285714,50.24285714285714,18.5,1013.8285714285714,4.442857142857143,0.0,0.0,1.0,29.6,23.914285714285715,21.9,21.4,12,3,9074857,0,0.0,0.992708874098054,0.120536680255323,0
Faisalabad,2023,13,27.457142857142856,61.785714285714285,7.7,1014.0285714285714,4.042857142857143,0.0,0.0,0.0,29.014285714285712,29.6,23.0,21.9,13,4,9074857,1,0.6931471805599453,1.0,-1.6081226496766366e-16,0
Faisalabad,2023,14,27.785714285714285,58.01428571428572,22.2,1016.2714285714284,5.514285714285714,1.0,0.0,0.0,25.74285714285714,29.014285714285712,18.5,23.0,14,4,9074857,1,0.6931471805599453,0.992708874098054,-0.12053668025532288,0
Faisalabad,2023,15,27.942857142857143,49.07142857142857,17.700000000000003,1014.0,5.685714285714285,1.0,1.0,0.0,27.457142857142856,25.74285714285714,7.7,18.5,15,4,9074857,0,0.0,0.9709418174260521,-0.2393156642875575,0
Faisalabad,2023,16,26.771428571428572,52.142857142857146,6.7,1014.3,4.714285714285714,0.0,1.0,1.0,27.785714285714285,27.457142857142856,22.2,7.7,16,4,9074857,1,0.6931471805599453,0.9350162426854148,-0.35460488704253545,0
Faisalabad,2023,17,26.571428571428573,61.528571428571425,16.5,1015.9714285714286,5.214285714285714,1.0,0.0,1.0,27.942857142857143,27.785714285714285,17.700000000000003,22.2,17,4,9074857,3,1.3862943611198906,0.8854560256532099,-0.4647231720437685,0
Faisalabad,2023,18,28.52857142857143,61.25714285714286,17.8,1012.8,5.3,3.0,1.0,0.0,26.771428571428572,27.942857142857143,6.7,17.700000000000003,18,5,9074857,1,0.6931471805599453,0.8229838658936565,-0.5680647467311557,0
Faisalabad,2023,19,30.642857142857142,57.41428571428572,24.9,1013.8571428571428,4.485714285714286,1.0,3.0,1.0,26.571428571428573,26.771428571428572,16.5,6.7,19,5,9074857,0,0.0,0.7485107481711013,-0.6631226582407951,0
Faisalabad,2023,20,28.17142857142857,53.81428571428571,30.1,1015.3571428571428,5.1000000000000005,0.0,1.0,3.0,28.52857142857143,26.571428571428573,17.8,16.5,20,5,9074857,0,0.0,0.6631226582407952,-0.7485107481711012,0
Faisalabad,2023,21,28.457142857142856,55.18571428571429,14.4,1016.2142857142856,3.957142857142857,0.0,0.0,1.0,30.642857142857142,28.52857142857143,24.9,17.8,21,5,9074857,0,0.0,0.5680647467311558,-0.8229838658936564,0
Faisalabad,2023,22,32.528571428571425,52.08571428571429,29.0,1014.2571428571428,6.0,0.0,0.0,0.0,28.17142857142857,30.642857142857142,30.1,24.9,22,6,9074857,0,0.0,0.46472317204376906,-0.8854560256532096,0
Faisalabad,2023,23,38.08571428571429,65.08571428571427,14.4,1015.2857142857144,5.328571428571428,0.0,0.0,0.0,28.457142857142856,28.17142857142857,14.4,30.1,23,6,9074857,0,0.0,0.35460488704253584,-0.9350162426854147,0
Faisalabad,2023,24,39.44285714285714,48.771428571428565,12.9,1016.9571428571428,5.071428571428571,0.0,0.0,0.0,32.528571428571425,28.457142857142856,29.0,14.4,24,6,9074857,2,1.0986122886681098,0.23931566428755768,-0.970941817426052,0
Faisalabad,2023,25,37.142857142857146,66.37142857142858,14.7,1014.2142857142856,4.814285714285715,2.0,0.0,0.0,38.08571428571429,32.528571428571425,14.4,29.0,25,6,9074857,2,1.0986122886681098,0.12053668025532308,-0.992708874098054,0
Faisalabad,2023,26,39.228571428571435,54.4,46.5,1016.5285714285714,6.914285714285714,2.0,2.0,0.0,39.44285714285714,38.08571428571429,12.9,14.4,26,7,9074857,0,0.0,-3.216245299353273e-16,-1.0,1
Faisalabad,2023,27,37.1,58.51428571428572,65.3,1012.3571428571428,6.085714285714286,0.0,2.0,2.0,37.142857142857146,39.44285714285714,14.7,12.9,27,7,9074857,0,0.0,-0.12053668025532283,-0.992708874098054,1
Faisalabad,2023,28,39.228571428571435,48.471428571428575,53.8,1013.6,5.042857142857143,0.0,0.0,2.0,39.228571428571435,37.142857142857146,46.5,14.7,28,7,9074857,0,0.0,-0.23931566428755743,-0.9709418174260521,1
Faisalabad,2023,29,39.0,54.08571428571429,33.2,1014.3,4.985714285714286,0.0,0.0,0.0,37.1,39.228571428571435,65.3,46.5,29,7,9074857,0,0.0,-0.3546048870425356,-0.9350162426854148,1
Faisalabad,2023,30,39.9,54.028571428571425,33.0,1015.1285714285714,5.1,0.0,0.0,0.0,39.228571428571435,37.1,53.8,65.3,30,7,9074857,4,1.6094379124341005,-0.46472317204376806,-0.8854560256532101,1
Faisalabad,2023,31,35.75714285714286,52.7,78.7,1015.157142857143,5.857142857142857,4.0,0.0,0.0,39.0,39.228571428571435,33.2,53.8,31,8,9074857,5,1.791759469228055,-0.5680647467311556,-0.8229838658936565,1
Faisalabad,2023,32,35.84285714285714,64.97142857142858,62.8,1013.5428571428572,5.357142857142857,5.0,4.0,0.0,39.9,39.0,33.0,33.2,32,8,9074857,9,2.302585092994046,-0.663122658240795,-0.7485107481711013,1
Faisalabad,2023,33,38.128571428571426,47.24285714285715,65.7,1014.6285714285714,5.142857142857143,9.0,5.0,4.0,35.75714285714286,39.9,78.7,33.0,33,8,9074857,8,2.1972245773362196,-0.7485107481711011,-0.6631226582407952,1
Faisalabad,2023,34,39.55714285714286,54.028571428571425,68.5,1015.4,5.085714285714286,8.0,9.0,5.0,35.84285714285714,35.75714285714286,62.8,78.7,34,8,9074857,15,2.772588722239781,-0.8229838658936564,-0.5680647467311559,1
Faisalabad,2023,35,34.128571428571426,52.371428571428574,59.9,1016.3571428571428,4.385714285714285,15.0,8.0,9.0,38.128571428571426,35.84285714285714,65.7,62.8,35,9,9074857,13,2.6390573296152584,-0.8854560256532096,-0.4647231720437691,1
Faisalabad,2023,36,24.342857142857145,51.371428571428574,41.2,1014.9285714285714,5.171428571428572,13.0,15.0,8.0,39.55714285714286,38.128571428571426,68.5,65.7,36,9,9074857,16,2.833213344056216,-0.9350162426854147,-0.3546048870425359,1
Faisalabad,2023,37,21.97142857142857,49.871428571428574,62.0,1014.1,3.757142857142857,16.0,13.0,15.0,34.128571428571426,39.55714285714286,59.9,68.5,37,9,9074857,16,2.833213344056216,-0.970941817426052,-0.23931566428755774,1
Faisalabad,2023,38,23.87142857142857,55.785714285714285,62.8,1013.0571428571428,5.942857142857143,16.0,16.0,13.0,24.342857142857145,34.128571428571426,41.2,59.9,38,9,9074857,16,2.833213344056216,-0.992708874098054,-0.12053668025532357,1
Faisalabad,2023,39,24.942857142857143,55.8,75.5,1016.2571428571428,4.285714285714286,16.0,16.0,16.0,21.97142857142857,24.342857142857145,62.0,41.2,39,10,9074857,24,3.218875824868201,-1.0,-1.8369701987210297e-16,1
Faisalabad,2023,40,24.1,51.15714285714286,16.7,1014.0285714285714,6.185714285714285,24.0,16.0,16.0,23.87142857142857,21.97142857142857,62.8,62.0,40,10,9074857,22,3.1354942159291497,-0.992708874098054,0.1205366802553232,1
Faisalabad,2023,41,24.142857142857142,61.028571428571425,24.0,1014.8285714285714,4.757142857142857,22.0,24.0,16.0,24.942857142857143,23.87142857142857,75.5,62.8,41,10,9074857,45,3.828641396489095,-0.9709418174260521,0.23931566428755738,1
Faisalabad,2023,42,22.74285714285714,45.82857142857143,13.6,1015.0428571428572,5.828571428571428,45.0,22.0,24.0,24.1,24.942857142857143,16.7,75.5,42,10,9074857,38,3.6635616461296463,-0.9350162426854148,0.35460488704253557,1
Faisalabad,2023,43,23.7,55.857142857142854,13.5,1015.9857142857144,5.314285714285715,38.0,45.0,22.0,24.142857142857142,24.1,24.0,16.7,43,10,9074857,55,4.02535169073515,-0.8854560256532101,0.464723172043768,1
Faisalabad,2023,44,23.2,60.81428571428571,15.1,1014.6714285714286,6.0,55.0,38.0,45.0,22.74285714285714,24.142857142857142,13.6,24.0,44,11,9074857,58,4.07753744390572,-0.822983865893657,0.5680647467311548,0
Faisalabad,2023,45,22.357142857142858,45.885714285714286,20.4,1013.9142857142856,5.057142857142857,58.0,55.0,38.0,23.7,22.74285714285714,13.5,13.6,45,11,9074857,73,4.30406509320417,-0.7485107481711011,0.6631226582407953,0
Faisalabad,2023,46,22.75714285714286,53.74285714285714,29.5,1015.5714285714286,5.814285714285715,73.0,58.0,55.0,23.2,23.7,15.1,13.5,46,11,9074857,68,4.23410650459726,-0.6631226582407956,0.7485107481711007,0
Faisalabad,2023,47,22.728571428571428,47.62857142857143,21.9,1014.842857142857,4.8999999999999995,68.0,73.0,58.0,22.357142857142858,23.2,20.4,15.1,47,11,9074857,50,3.9318256327243257,-0.5680647467311559,0.8229838658936564,0
Faisalabad,2023,48,20.942857142857143,57.2,16.1,1015.7428571428572,5.371428571428572,50.0,68.0,73.0,22.75714285714286,22.357142857142858,29.5,20.4,48,12,9074857,33,3.5263605246161616,-0.4647231720437684,0.88545602565321,0
Faisalabad,2023,49,17.95714285714286,56.01428571428572,27.700000000000003,1014.7571428571428,5.1000000000000005,33.0,50.0,68.0,22.728571428571428,22.75714285714286,21.9,29.5,49,12,9074857,23,3.1780538303479458,-0.35460488704253595,0.9350162426854147,0
Faisalabad,2023,50,16.285714285714285,51.628571428571426,16.5,1015.7,5.085714285714286,23.0,33.0,50.0,20.942857142857143,22.728571428571428,16.1,21.9,50,12,9074857,11,2.4849066497880004,-0.2393156642875578,0.970941817426052,0
Faisalabad,2023,51,16.97142857142857,58.98571428571428,18.8,1014.3142857142856,5.185714285714285,11.0,23.0,33.0,17.95714285714286,20.942857142857143,27.700000000000003,16.1,51,12,9074857,2,1.0986122886681098,-0.12053668025532363,0.992708874098054,0
Faisalabad,2023,52,14.9,62.5,23.6,1014.15,4.25,2.0,11.0,23.0,16.285714285714285,17.95714285714286,16.5,27.700000000000003,52,1,9074857,0,0.0,6.432490598706546e-16,1.0,0
Faisalabad,2024,1,16.9,59.03333333333333,15.9,1015.0555555555557,5.388888888888889,0.0,2.0,11.0,16.97142857142857,16.285714285714285,18.8,16.5,1,1,9074857,0,0.0,0.12053668025532305,0.992708874098054,0
Faisalabad,2024,2,16.728571428571428,50.785714285714285,20.2,1015.1142857142858,4.742857142857143,0.0,0.0,2.0,14.9,16.97142857142857,23.6,18.8,2,1,9074857,0,0.0,0.23931566428755774,0.970941817426052,0
Faisalabad,2024,3,15.12857142857143,63.65714285714286,20.3,1014.5142857142856,4.8,0.0,0.0,0.0,16.9,14.9,15.9,23.6,3,1,9074857,0,0.0,0.3546048870425356,0.9350162426854148,0
Faisalabad,2024,4,17.414285714285715,48.4,15.4,1014.5571428571428,5.457142857142857,0.0,0.0,0.0,16.728571428571428,16.9,20.2,15.9,4,1,9074857,0,0.0,0.4647231720437685,0.8854560256532099,0
Faisalabad,2024,5,15.742857142857144,57.542857142857144,25.1,1013.5714285714286,5.314285714285715,0.0,0.0,0.0,15.12857142857143,16.728571428571428,20.3,20.2,5,2,9074857,0,0.0,0.5680647467311558,0.8229838658936564,0
Faisalabad,2024,6,16.17142857142857,62.857142857142854,18.5,1015.4285714285714,5.857142857142857,0.0,0.0,0.0,17.414285714285715,15.12857142857143,15.4,20.3,6,2,9074857,0,0.0,0.6631226582407952,0.7485107481711011,0
Faisalabad,2024,7,16.685714285714287,52.2,13.9,1013.6,5.442857142857143,0.0,0.0,0.0,15.742857142857144,17.414285714285715,25.1,15.4,7,2,9074857,0,0.0,0.7485107481711011,0.6631226582407953,0
Faisalabad,2024,8,16.45714285714286,55.31428571428571,10.2,1015.2,5.442857142857143,0.0,0.0,0.0,16.17142857142857,15.742857142857144,18.5,25.1,8,2,9074857,0,0.0,0.8229838658936564,0.5680647467311558,0
Faisalabad,2024,9,19.728571428571428,48.471428571428575,30.0,1015.4285714285714,5.814285714285715,0.0,0.0,0.0,16.685714285714287,16.17142857142857,13.9,18.5,9,3,9074857,0,0.0,0.8854560256532098,0.4647231720437686,0
Faisalabad,2024,10,27.02857142857143,55.885714285714286,19.6,1015.5,5.414285714285714,0.0,0.0,0.0,16.45714285714286,16.685714285714287,10.2,13.9,10,3,9074857,0,0.0,0.9350162426854148,0.35460488704253557,0
Faisalabad,2024,11,28.2,46.214285714285715,20.2,1015.8857142857142,4.514285714285714,0.0,0.0,0.0,19.728571428571428,16.45714285714286,30.0,10.2,11,3,9074857,0,0.0,0.970941817426052,0.23931566428755804,0
Faisalabad,2024,12,28.4,52.714285714285715,17.9,1016.5,3.6571428571428575,0.0,0.0,0.0,27.02857142857143,19.728571428571428,19.6,30.0,12,3,9074857,0,0.0,0.992708874098054,0.120536680255323,0
Faisalabad,2024,13,27.285714285714285,51.17142857142857,20.1,1014.4714285714286,6.714285714285714,0.0,0.0,0.0,28.2,27.02857142857143,20.2,19.6,13,3,9074857,1,0.6931471805599453,1.0,-1.6081226496766366e-16,0
Faisalabad,2024,14,27.614285714285717,53.68571428571429,20.6,1014.2,5.3999999999999995,1.0,0.0,0.0,28.4,28.2,17.9,20.2,14,4,9074857,3,1.3862943611198906,0.992708874098054,-0.12053668025532288,0
Faisalabad,2024,15,26.87142857142857,60.128571428571426,15.4,1014.4857142857144,4.585714285714286,3.0,1.0,0.0,27.285714285714285,28.4,20.1,17.9,15,4,9074857,2,1.0986122886681098,0.9709418174260521,-0.2393156642875575,0
Faisalabad,2024,16,28.614285714285717,49.18571428571429,21.5,1015.1714285714286,5.257142857142857,2.0,3.0,1.0,27.614285714285717,27.285714285714285,20.6,20.1,16,4,9074857,0,0.0,0.9350162426854148,-0.35460488704253545,0
Faisalabad,2024,17,25.428571428571427,53.628571428571426,25.4,1013.8714285714286,4.457142857142857,0.0,2.0,3.0,26.87142857142857,27.614285714285717,15.4,20.6,17,4,9074857,1,0.6931471805599453,0.8854560256532099,-0.4647231720437685,0
Faisalabad,2024,18,27.0,46.957142857142856,24.5,1016.0714285714286,5.214285714285714,1.0,0.0,2.0,28.614285714285717,26.87142857142857,21.5,15.4,18,5,9074857,0,0.0,0.8229838658936565,-0.5680647467311557,0
Faisalabad,2024,19,27.957142857142856,62.271428571428565,20.5,1015.157142857143,4.142857142857143,0.0,1.0,0.0,25.428571428571427,28.614285714285717,25.4,21.5,19,5,9074857,2,1.0986122886681098,0.7485107481711013,-0.6631226582407951,0
Faisalabad,2024,20,25.814285714285713,63.25714285714286,20.9,1015.4142857142856,3.6714285714285713,2.0,0.0,1.0,27.0,25.428571428571427,24.5,25.4,20,5,9074857,2,1.0986122886681098,0.6631226582407952,-0.7485107481711012,0
Faisalabad,2024,21,27.842857142857145,59.44285714285714,23.6,1016.4142857142856,5.371428571428572,2.0,2.0,0.0,27.957142857142856,27.0,20.5,24.5,21,5,9074857,1,0.6931471805599453,0.5680647467311558,-0.8229838658936564,0
Faisalabad,2024,22,30.75714285714286,47.5,15.3,1015.2,4.771428571428571,1.0,2.0,2.0,25.814285714285713,27.957142857142856,20.9,20.5,22,6,9074857,0,0.0,0.46472317204376906,-0.8854560256532096,0
Faisalabad,2024,23,37.17142857142857,49.24285714285714,18.0,1013.9,4.0,0.0,1.0,2.0,27.842857142857145,25.814285714285713,23.6,20.9,23,6,9074857,0,0.0,0.35460488704253584,-0.9350162426854147,0
Faisalabad,2024,24,37.48571428571428,57.114285714285714,17.3,1013.842857142857,5.714285714285714,0.0,0.0,1.0,30.75714285714286,27.842857142857145,15.3,23.6,24,6,9074857,2,1.0986122886681098,0.23931566428755768,-0.970941817426052,0
Faisalabad,2024,25,38.67142857142857,60.67142857142857,18.2,1016.2142857142856,5.957142857142857,2.0,0.0,0.0,37.17142857142857,30.75714285714286,18.0,15.3,25,6,9074857,1,0.6931471805599453,0.12053668025532308,-0.992708874098054,0
Faisalabad,2024,26,38.81428571428571,53.5,11.3,1015.1,4.814285714285715,1.0,2.0,0.0,37.48571428571428,37.17142857142857,17.3,18.0,26,6,9074857,0,0.0,-3.216245299353273e-16,-1.0,0
Faisalabad,2024,27,39.42857142857143,44.642857142857146,44.8,1016.3285714285714,5.514285714285714,0.0,1.0,2.0,38.67142857142857,37.48571428571428,18.2,17.3,27,7,9074857,0,0.0,-0.12053668025532283,-0.992708874098054,1
Faisalabad,2024,28,38.285714285714285,46.7,71.4,1014.9571428571428,3.928571428571429,0.0,0.0,1.0,38.81428571428571,38.67142857142857,11.3,18.2,28,7,9074857,0,0.0,-0.23931566428755743,-0.9709418174260521,1
Faisalabad,2024,29,39.48571428571428,62.528571428571425,45.3,1015.3,5.1571428571428575,0.0,0.0,0.0,39.42857142857143,38.81428571428571,44.8,11.3,29,7,9074857,0,0.0,-0.3546048870425356,-0.9350162426854148,1
Faisalabad,2024,30,37.81428571428571,52.11428571428571,69.7,1013.7285714285716,5.214285714285714,0.0,0.0,0.0,38.285714285714285,39.42857142857143,71.4,44.8,30,7,9074857,0,0.0,-0.46472317204376806,-0.8854560256532101,1
Faisalabad,2024,31,38.357142857142854,54.08571428571429,60.7,1014.7142857142856,4.371428571428572,0.0,0.0,0.0,39.48571428571428,38.285714285714285,45.3,71.4,31,8,9074857,0,0.0,-0.5680647467311556,-0.8229838658936565,1
Faisalabad,2024,32,37.68571428571429,58.41428571428571,57.3,1013.8714285714286,5.1000000000000005,0.0,0.0,0.0,37.81428571428571,39.48571428571428,69.7,45.3,32,8,9074857,1,0.6931471805599453,-0.663122658240795,-0.7485107481711013,1
Faisalabad,2024,33,37.371428571428574,54.74285714285714,48.3,1014.842857142857,4.6000000000000005,1.0,0.0,0.0,38.357142857142854,37.81428571428571,60.7,69.7,33,8,9074857,1,0.6931471805599453,-0.7485107481711011,-0.6631226582407952,1
Faisalabad,2024,34,40.542857142857144,53.028571428571425,20.6,1015.3571428571428,6.185714285714285,1.0,1.0,0.0,37.68571428571429,38.357142857142854,57.3,60.7,34,8,9074857,0,0.0,-0.8229838658936564,-0.5680647467311559,1
Faisalabad,2024,35,35.785714285714285,59.17142857142857,41.7,1014.0,5.0,0.0,1.0,1.0,37.371428571428574,37.68571428571429,48.3,57.3,35,9,9074857,0,0.0,-0.8854560256532096,-0.4647231720437691,1
Faisalabad,2024,36,22.085714285714285,54.57142857142857,37.9,1015.7571428571428,5.428571428571429,0.0,0.0,1.0,40.542857142857144,37.371428571428574,20.6,48.3,36,9,9074857,1,0.6931471805599453,-0.9350162426854147,-0.3546048870425359,1
Faisalabad,2024,37,26.342857142857145,53.357142857142854,32.4,1013.657142857143,5.5,1.0,0.0,0.0,35.785714285714285,40.542857142857144,41.7,20.6,37,9,9074857,1,0.6931471805599453,-0.970941817426052,-0.23931566428755774,1
Faisalabad,2024,38,26.52857142857143,54.7,26.2,1013.8,4.0285714285714285,1.0,1.0,0.0,22.085714285714285,35.785714285714285,37.9,41.7,38,9,9074857,0,0.0,-0.992708874098054,-0.12053668025532357,1
Faisalabad,2024,39,25.37142857142857,53.628571428571426,53.4,1013.2285714285716,4.385714285714285,0.0,1.0,1.0,26.342857142857145,22.085714285714285,32.4,37.9,39,9,9074857,4,1.6094379124341005,-1.0,-1.8369701987210297e-16,1
Faisalabad,2024,40,25.014285714285712,48.714285714285715,24.2,1013.9285714285714,4.7,4.0,0.0,1.0,26.52857142857143,26.342857142857145,26.2,32.4,40,10,9074857,3,1.3862943611198906,-0.992708874098054,0.1205366802553232,1
Faisalabad,2024,41,23.8,57.55714285714286,14.8,1013.3,5.114285714285714,3.0,4.0,0.0,25.37142857142857,26.52857142857143,53.4,26.2,41,10,9074857,6,1.9459101490553132,-0.9709418174260521,0.23931566428755738,1
Faisalabad,2024,42,25.02857142857143,50.057142857142864,9.6,1016.8,5.257142857142857,6.0,3.0,4.0,25.014285714285712,25.37142857142857,24.2,53.4,42,10,9074857,4,1.6094379124341005,-0.9350162426854148,0.35460488704253557,1
Faisalabad,2024,43,23.4,49.457142857142856,21.2,1015.8142857142856,4.757142857142857,4.0,6.0,3.0,23.8,25.014285714285712,14.8,24.2,43,10,9074857,4,1.6094379124341005,-0.8854560256532101,0.464723172043768,1
Faisalabad,2024,44,24.585714285714285,61.67142857142857,11.7,1017.0857142857144,5.557142857142857,4.0,4.0,6.0,25.02857142857143,23.8,9.6,14.8,44,11,9074857,9,2.302585092994046,-0.822983865893657,0.5680647467311548,0
Faisalabad,2024,45,25.642857142857142,58.74285714285714,17.9,1016.1142857142858,5.385714285714286,9.0,4.0,4.0,23.4,25.02857142857143,21.2,9.6,45,11,9074857,10,2.3978952727983707,-0.7485107481711011,0.6631226582407953,0
Faisalabad,2024,46,24.728571428571428,56.971428571428575,21.3,1015.9,4.514285714285714,10.0,9.0,4.0,24.585714285714285,23.4,11.7,21.2,46,11,9074857,14,2.70805020110221,-0.6631226582407956,0.7485107481711007,0
Faisalabad,2024,47,24.614285714285717,46.957142857142856,20.5,1014.5142857142856,5.214285714285714,14.0,10.0,9.0,25.642857142857142,24.585714285714285,17.9,11.7,47,11,9074857,8,2.1972245773362196,-0.5680647467311559,0.8229838658936564,0
Faisalabad,2024,48,23.37142857142857,43.214285714285715,16.9,1016.2714285714284,5.642857142857143,8.0,14.0,10.0,24.728571428571428,25.642857142857142,21.3,17.9,48,12,9074857,8,2.1972245773362196,-0.4647231720437684,0.88545602565321,0
Faisalabad,2024,49,15.542857142857144,53.68571428571429,17.1,1013.2857142857144,5.457142857142857,8.0,8.0,14.0,24.614285714285717,24.728571428571428,20.5,21.3,49,12,9074857,4,1.6094379124341005,-0.35460488704253595,0.9350162426854147,0
Faisalabad,2024,50,15.842857142857142,60.3,18.9,1013.4285714285714,4.142857142857143,4.0,8.0,8.0,23.37142857142857,24.614285714285717,16.9,20.5,50,12,9074857,11,2.4849066497880004,-0.2393156642875578,0.970941817426052,0
Faisalabad,2024,51,15.757142857142858,59.60000000000001,19.6,1013.5428571428572,5.728571428571429,11.0,4.0,8.0,15.542857142857144,23.37142857142857,17.1,16.9,51,12,9074857,2,1.0986122886681098,-0.12053668025532363,0.992708874098054,0
Faisalabad,2024,52,16.271428571428572,56.81428571428573,18.2,1014.3857142857142,4.185714285714286,2.0,11.0,4.0,15.842857142857142,15.542857142857144,18.9,17.1,52,12,9074857,0,0.0,6.432490598706546e-16,1.0,0
Gujranwala,2013,4,17.67142857142857,42.1,8.5,1014.6857142857144,6.1571428571428575,0.0,0.0,0.0,17.7,13.975,13.8,17.4,4,1,5959213,0,0.0,0.4647231720437685,0.8854560256532099,0
Gujranwala,2013,5,15.2,58.128571428571426,30.4,1013.657142857143,4.385714285714286,0.0,0.0,0.0,19.342857142857145,17.7,23.2,13.8,5,2,5959213,0,0.0,0.5680647467311558,0.8229838658936564,0
Gujranwala,2013,6,17.985714285714288,54.84285714285714,18.7,1016.2285714285716,5.828571428571428,0.0,0.0,0.0,17.67142857142857,19.342857142857145,8.5,23.2,6,2,5959213,0,0.0,0.6631226582407952,0.7485107481711011,0
Gujranwala,2013,7,17.242857142857144,58.44285714285714,10.9,1014.5428571428572,5.042857142857143,0.0,0.0,0.0,15.2,17.67142857142857,30.4,8.5,7,2,5959213,0,0.0,0.7485107481711011,0.6631226582407953,0
Gujranwala,2013,8,16.7,61.885714285714286,17.3,1013.7285714285716,4.857142857142857,0.0,0.0,0.0,17.985714285714288,15.2,18.7,30.4,8,2,5959213,0,0.0,0.8229838658936564,0.5680647467311558,0
Gujranwala,2013,9,20.514285714285712,60.4,12.2,1014.6,5.7,0.0,0.0,0.0,17.242857142857144,17.985714285714288,10.9,18.7,9,3,5959213,0,0.0,0.8854560256532098,0.4647231720437686,0
Gujranwala,2013,10,26.657142857142855,58.42857142857143,27.5,1016.9,5.257142857142857,0.0,0.0,0.0,16.7,17.242857142857144,17.3,10.9,10,3,5959213,0,0.0,0.9350162426854148,0.35460488704253557,0
Gujranwala,2013,11,30.342857142857145,53.08571428571428,13.9,1015.3,4.785714285714286,0.0,0.0,0.0,20.514285714285712,16.7,12.2,17.3,11,3,5959213,0,0.0,0.970941817426052,0.23931566428755804,0
Gujranwala,2013,12,28.67142857142857,56.8,21.9,1013.2571428571428,4.271428571428571,0.0,0.0,0.0,26.657142857142855,20.514285714285712,27.5,12.2,12,3,5959213,0,0.0,0.992708874098054,0.120536680255323,0
Gujranwala,2013,13,28.25714285714286,58.81428571428571,15.8,1014.1285714285714,5.471428571428571,0.0,0.0,0.0,30.342857142857145,26.657142857142855,13.9,27.5,13,3,5959213,0,0.0,1.0,-1.6081226496766366e-16,0
Gujranwala,2013,14,26.12857142857143,52.15714285714286,21.2,1014.2428571428572,3.914285714285714,0.0,0.0,0.0,28.67142857142857,30.342857142857145,21.9,13.9,14,4,5959213,0,0.0,0.992708874098054,-0.12053668025532288,0
Gujranwala,2013,15,26.714285714285715,51.228571428571435,24.8,1017.0142857142856,3.4285714285714284,0.0,0.0,0.0,28.25714285714286,28.67142857142857,15.8,21.9,15,4,5959213,0,0.0,0.9709418174260521,-0.2393156642875575,0
Gujranwala,2013,16,25.67142857142857,49.41428571428571,17.3,1015.3142857142856,4.171428571428572,0.0,0.0,0.0,26.12857142857143,28.25714285714286,21.2,15.8,16,4,5959213,0,0.0,0.9350162426854148,-0.35460488704253545,0
Gujranwala,2013,17,25.17142857142857,51.028571428571425,20.3,1013.1142857142858,4.942857142857143,0.0,0.0,0.0,26.714285714285715,26.12857142857143,24.8,21.2,17,4,5959213,0,0.0,0.8854560256532099,-0.4647231720437685,0
Gujranwala,2013,18,27.4,55.25714285714286,10.6,1015.2714285714284,4.685714285714285,0.0,0.0,0.0,25.67142857142857,26.714285714285715,17.3,24.8,18,5,5959213,0,0.0,0.8229838658936565,-0.5680647467311557,0
Gujranwala,2013,19,27.842857142857145,53.457142857142856,7.8,1016.2857142857144,3.957142857142857,0.0,0.0,0.0,25.17142857142857,25.67142857142857,20.3,17.3,19,5,5959213,0,0.0,0.7485107481711013,-0.6631226582407951,0
Gujranwala,2013,20,27.02857142857143,58.24285714285714,16.1,1015.0714285714286,5.7,0.0,0.0,0.0,27.4,25.17142857142857,10.6,20.3,20,5,5959213,0,0.0,0.6631226582407952,-0.7485107481711012,0
Gujranwala,2013,21,26.585714285714285,46.31428571428571,13.4,1015.7,4.728571428571429,0.0,0.0,0.0,27.842857142857145,27.4,7.8,10.6,21,5,5959213,0,0.0,0.5680647467311558,-0.8229838658936564,0
Gujranwala,2013,22,29.585714285714285,53.34285714285714,11.2,1013.6142857142858,5.1571428571428575,0.0,0.0,0.0,27.02857142857143,27.842857142857145,16.1,7.8,22,6,5959213,0,0.0,0.46472317204376906,-0.8854560256532096,0
Gujranwala,2013,23,38.74285714285714,63.785714285714285,19.0,1014.2428571428572,4.814285714285714,0.0,0.0,0.0,26.585714285714285,27.02857142857143,13.4,16.1,23,6,5959213,0,0.0,0.35460488704253584,-0.9350162426854147,0
Gujranwala,2013,24,37.84285714285714,53.17142857142857,14.9,1017.5285714285714,5.485714285714286,0.0,0.0,0.0,29.585714285714285,26.585714285714285,11.2,13.4,24,6,5959213,0,0.0,0.23931566428755768,-0.970941817426052,0
Gujranwala,2013,25,37.385714285714286,63.128571428571426,23.8,1015.9285714285714,4.8,0.0,0.0,0.0,38.74285714285714,29.585714285714285,19.0,11.2,25,6,5959213,0,0.0,0.12053668025532308,-0.992708874098054,0
Gujranwala,2013,26,37.58571428571429,58.0,9.0,1014.1428571428572,5.328571428571428,0.0,0.0,0.0,37.84285714285714,38.74285714285714,14.9,19.0,26,6,5959213,0,0.0,-3.216245299353273e-16,-1.0,0
Gujranwala,2013,27,38.3,53.81428571428571,67.3,1014.1714285714286,3.757142857142857,0.0,0.0,0.0,37.385714285714286,37.84285714285714,23.8,14.9,27,7,5959213,0,0.0,-0.12053668025532283,-0.992708874098054,1
Gujranwala,2013,28,37.9,58.214285714285715,54.4,1014.6285714285714,5.928571428571429,0.0,0.0,0.0,37.58571428571429,37.385714285714286,9.0,23.8,28,7,5959213,0,0.0,-0.23931566428755743,-0.9709418174260521,1
Gujranwala,2013,29,37.98571428571428,56.371428571428574,68.0,1015.3,5.985714285714286,0.0,0.0,0.0,38.3,37.58571428571429,67.3,9.0,29,7,5959213,0,0.0,-0.3546048870425356,-0.9350162426854148,1
Gujranwala,2013,30,38.114285714285714,55.72857142857142,75.2,1014.5142857142856,4.714285714285714,0.0,0.0,0.0,37.9,38.3,54.4,67.3,30,7,5959213,0,0.0,-0.46472317204376806,-0.8854560256532101,1
Gujranwala,2013,31,37.4,61.34285714285714,57.599999999999994,1013.6,5.628571428571428,0.0,0.0,0.0,37.98571428571428,37.9,68.0,54.4,31,8,5959213,0,0.0,-0.5680647467311556,-0.8229838658936565,1
Gujranwala,2013,32,39.7,55.74285714285714,58.3,1014.9428571428572,6.385714285714286,0.0,0.0,0.0,38.114285714285714,37.98571428571428,75.2,68.0,32,8,5959213,0,0.0,-0.663122658240795,-0.7485107481711013,1
Gujranwala,2013,33,40.228571428571435,55.214285714285715,40.3,1015.4428571428572,5.871428571428572,0.0,0.0,0.0,37.4,38.114285714285714,57.599999999999994,75.2,33,8,5959213,0,0.0,-0.7485107481711011,-0.6631226582407952,1
Gujranwala,2013,34,39.2,45.32857142857143,52.099999999999994,1014.3285714285714,4.714285714285714,0.0,0.0,0.0,39.7,37.4,58.3,57.599999999999994,34,8,5959213,0,0.0,-0.8229838658936564,-0.5680647467311559,1
Gujranwala,2013,35,36.9,55.65714285714286,62.1,1015.0714285714286,6.871428571428572,0.0,0.0,0.0,40.228571428571435,39.7,40.3,58.3,35,9,5959213,0,0.0,-0.8854560256532096,-0.4647231720437691,1
Gujranwala,2013,36,22.057142857142857,55.857142857142854,33.6,1013.8714285714286,4.0,0.0,0.0,0.0,39.2,40.228571428571435,52.099999999999994,40.3,36,9,5959213,0,0.0,-0.9350162426854147,-0.3546048870425359,1
Gujranwala,2013,37,23.614285714285717,47.75714285714286,92.1,1014.0857142857144,4.528571428571429,0.0,0.0,0.0,36.9,39.2,62.1,52.099999999999994,37,9,5959213,0,0.0,-0.970941817426052,-0.23931566428755774,1
Gujranwala,2013,38,24.057142857142857,62.32857142857143,48.1,1014.4428571428572,4.5285714285714285,0.0,0.0,0.0,22.057142857142857,36.9,33.6,62.1,38,9,5959213,0,0.0,-0.992708874098054,-0.12053668025532357,1
Gujranwala,2013,39,25.17142857142857,58.6,48.7,1014.8857142857142,5.014285714285714,0.0,0.0,0.0,23.614285714285717,22.057142857142857,92.1,33.6,39,9,5959213,0,0.0,-1.0,-1.8369701987210297e-16,1
Gujranwala,2013,40,21.47142857142857,58.94285714285714,28.299999999999997,1015.2714285714284,4.5,0.0,0.0,0.0,24.057142857142857,23.614285714285717,48.1,92.1,40,10,5959213,0,0.0,-0.992708874098054,0.1205366802553232,1
Gujranwala,2013,41,23.6,64.64285714285714,9.0,1014.4714285714286,5.142857142857143,0.0,0.0,0.0,25.17142857142857,24.057142857142857,48.7,48.1,41,10,5959213,0,0.0,-0.9709418174260521,0.23931566428755738,1
Gujranwala,2013,42,23.47142857142857,50.5,13.3,1012.7857142857144,4.928571428571429,0.0,0.0,0.0,21.47142857142857,25.17142857142857,28.299999999999997,48.7,42,10,5959213,0,0.0,-0.9350162426854148,0.35460488704253557,1
Gujranwala,2013,43,23.314285714285713,51.98571428571428,15.8,1016.0714285714286,3.685714285714286,0.0,0.0,0.0,23.6,21.47142857142857,9.0,28.299999999999997,43,10,5959213,0,0.0,-0.8854560256532101,0.464723172043768,1
Gujranwala,2013,44,22.985714285714288,56.142857142857146,13.6,1015.1285714285714,4.8,0.0,0.0,0.0,23.47142857142857,23.6,13.3,9.0,44,11,5959213,0,0.0,-0.822983865893657,0.5680647467311548,0
Gujranwala,2013,45,22.0,43.5,14.4,1015.6,5.142857142857143,0.0,0.0,0.0,23.314285714285713,23.47142857142857,15.8,13.3,45,11,5959213,0,0.0,-0.7485107481711011,0.6631226582407953,0
Gujranwala,2013,46,23.157142857142855,59.714285714285715,20.0,1014.2857142857144,5.385714285714285,0.0,0.0,0.0,22.985714285714288,23.314285714285713,13.6,15.8,46,11,5959213,0,0.0,-0.6631226582407956,0.7485107481711007,0
Gujranwala,2013,47,23.228571428571428,49.81428571428571,21.0,1016.2857142857144,4.085714285714286,0.0,0.0,0.0,22.0,22.985714285714288,14.4,13.6,47,11,5959213,0,0.0,-0.5680647467311559,0.8229838658936564,0
Gujranwala,2013,48,22.557142857142857,61.27142857142858,15.1,1015.342857142857,4.3,0.0,0.0,0.0,23.157142857142855,22.0,20.0,14.4,48,12,5959213,0,0.0,-0.4647231720437684,0.88545602565321,0
Gujranwala,2013,49,16.271428571428572,66.4857142857143,18.8,1013.9142857142856,5.585714285714286,0.0,0.0,0.0,23.228571428571428,23.157142857142855,21.0,20.0,49,12,5959213,0,0.0,-0.35460488704253595,0.9350162426854147,0
Gujranwala,2013,50,16.085714285714285,59.885714285714286,21.7,1016.0571428571428,4.8428571428571425,0.0,0.0,0.0,22.557142857142857,23.228571428571428,15.1,21.0,50,12,5959213,0,0.0,-0.2393156642875578,0.970941817426052,0
Gujranwala,2013,51,16.014285714285712,54.18571428571429,19.8,1013.1285714285714,5.228571428571429,0.0,0.0,0.0,16.271428571428572,22.557142857142857,18.8,15.1,51,12,5959213,0,0.0,-0.12053668025532363,0.992708874098054,0
Gujranwala,2013,52,15.928571428571429,42.6,29.1,1015.5,5.542857142857143,0.0,0.0,0.0,16.085714285714285,16.271428571428572,21.7,18.8,52,12,5959213,0,0.0,6.432490598706546e-16,1.0,0
Gujranwala,2014,1,15.0625,54.1625,27.5,1012.9125,3.375,0.0,0.0,0.0,16.014285714285712,16.085714285714285,19.8,21.7,1,1,5959213,0,0.0,0.12053668025532305,0.992708874098054,0
Gujranwala,2014,2,16.942857142857143,57.98571428571428,13.8,1014.8571428571428,5.057142857142857,0.0,0.0,0.0,15.928571428571429,16.014285714285712,29.1,19.8,2,1,5959213,0,0.0,0.23931566428755774,0.970941817426052,0
Gujranwala,2014,3,15.8,59.17142857142857,27.0,1015.6857142857144,4.8999999999999995,0.0,0.0,0.0,15.0625,15.928571428571429,27.5,29.1,3,1,5959213,0,0.0,0.3546048870425356,0.9350162426854148,0
Gujranwala,2014,4,14.571428571428571,49.01428571428572,17.4,1013.3857142857142,4.085714285714286,0.0,0.0,0.0,16.942857142857143,15.0625,13.8,27.5,4,1,5959213,0,0.0,0.4647231720437685,0.8854560256532099,0
Gujranwala,2014,5,14.657142857142857,61.34285714285715,17.700000000000003,1014.9714285714286,5.528571428571429,0.0,0.0,0.0,15.8,16.942857142857143,27.0,13.8,5,2,5959213,0,0.0,0.5680647467311558,0.8229838658936564,0
Gujranwala,2014,6,17.2,54.84285714285714,17.3,1015.0285714285714,6.671428571428572,0.0,0.0,0.0,14.571428571428571,15.8,17.4,27.0,6,2,5959213,0,0.0,0.6631226582407952,0.7485107481711011,0
Gujranwala,2014,7,16.099999999999998,46.857142857142854,28.1,1015.1857142857144,6.314285714285715,0.0,0.0,0.0,14.657142857142857,14.571428571428571,17.700000000000003,17.4,7,2,5959213,0,0.0,0.7485107481711011,0.6631226582407953,0
Gujranwala,2014,8,16.857142857142858,55.528571428571425,24.0,1013.7285714285716,5.285714285714286,0.0,0.0,0.0,17.2,14.657142857142857,17.3,17.700000000000003,8,2,5959213,0,0.0,0.8229838658936564,0.5680647467311558,0
Gujranwala,2014,9,19.657142857142855,62.84285714285714,15.8,1016.0428571428572,4.771428571428571,0.0,0.0,0.0,16.099999999999998,17.2,28.1,17.3,9,3,5959213,0,0.0,0.8854560256532098,0.4647231720437686,0
Gujranwala,2014,10,27.271428571428572,59.74285714285714,17.5,1015.4857142857144,4.214285714285714,0.0,0.0,0.0,16.857142857142858,16.099999999999998,24.0,28.1,10,3,5959213,0,0.0,0.9350162426854148,0.35460488704253557,0
Gujranwala,2014,11,25.885714285714283,54.44285714285714,21.0,1014.9857142857144,4.828571428571428,0.0,0.0,0.0,19.657142857142855,16.857142857142858,15.8,24.0,11,3,5959213,0,0.0,0.970941817426052,0.23931566428755804,0
Gujranwala,2014,12,27.228571428571428,54.614285714285714,16.8,1014.6285714285714,5.128571428571428,0.0,0.0,0.0,27.271428571428572,19.657142857142855,17.5,15.8,12,3,5959213,0,0.0,0.992708874098054,0.120536680255323,0
Gujranwala,2014,13,25.714285714285715,52.285714285714285,14.1,1015.2,4.942857142857143,0.0,0.0,0.0,25.885714285714283,27.271428571428572,21.0,17.5,13,3,5959213,0,0.0,1.0,-1.6081226496766366e-16,0
Gujranwala,2014,14,27.428571428571427,52.91428571428572,16.2,1015.7571428571428,4.785714285714286,0.0,0.0,0.0,27.228571428571428,25.885714285714283,16.8,21.0,14,4,5959213,0,0.0,0.992708874098054,-0.12053668025532288,0
Gujranwala,2014,15,27.428571428571427,59.857142857142854,17.8,1014.4285714285714,5.485714285714286,0.0,0.0,0.0,25.714285714285715,27.228571428571428,14.1,16.8,15,4,5959213,0,0.0,0.9709418174260521,-0.2393156642875575,0
Gujranwala,2014,16,27.62857142857143,52.3,19.7,1015.0285714285714,4.828571428571428,0.0,0.0,0.0,27.428571428571427,25.714285714285715,16.2,14.1,16,4,5959213,0,0.0,0.9350162426854148,-0.35460488704253545,0
Gujranwala,2014,17,27.87142857142857,58.5,17.2,1015.342857142857,4.942857142857143,0.0,0.0,0.0,27.428571428571427,27.428571428571427,17.8,16.2,17,4,5959213,0,0.0,0.8854560256532099,-0.4647231720437685,0
Gujranwala,2014,18,28.942857142857143,63.15714285714286,24.7,1014.5,4.414285714285714,0.0,0.0,0.0,27.62857142857143,27.428571428571427,19.7,17.8,18,5,5959213,0,0.0,0.8229838658936565,-0.5680647467311557,0
Gujranwala,2014,19,27.014285714285712,53.74285714285715,13.8,1015.4,3.7857142857142856,0.0,0.0,0.0,27.87142857142857,27.62857142857143,17.2,19.7,19,5,5959213,0,0.0,0.7485107481711013,-0.6631226582407951,0
Gujranwala,2014,20,28.25714285714286,59.15714285714286,23.6,1016.4285714285714,4.8,0.0,0.0,0.0,28.942857142857143,27.87142857142857,24.7,17.2,20,5,5959213,0,0.0,0.6631226582407952,-0.7485107481711012,0
Gujranwala,2014,21,27.942857142857143,55.042857142857144,23.4,1015.4285714285714,4.671428571428572,0.0,0.0,0.0,27.014285714285712,28.942857142857143,13.8,24.7,21,5,5959213,0,0.0,0.5680647467311558,-0.8229838658936564,0
Gujranwala,2014,22,27.82857142857143,54.042857142857144,15.5,1014.3857142857142,5.3999999999999995,0.0,0.0,0.0,28.25714285714286,27.014285714285712,23.6,13.8,22,6,5959213,0,0.0,0.46472317204376906,-0.8854560256532096,0
Gujranwala,2014,23,38.142857142857146,64.8,13.2,1014.842857142857,3.942857142857143,0.0,0.0,0.0,27.942857142857143,28.25714285714286,23.4,23.6,23,6,5959213,0,0.0,0.35460488704253584,-0.9350162426854147,0
Gujranwala,2014,24,37.68571428571429,54.285714285714285,14.3,1014.9857142857144,5.942857142857143,0.0,0.0,0.0,27.82857142857143,27.942857142857143,15.5,23.4,24,6,5959213,0,0.0,0.23931566428755768,-0.970941817426052,0
Gujranwala,2014,25,36.357142857142854,62.971428571428575,22.3,1015.8857142857142,5.7,0.0,0.0,0.0,38.142857142857146,27.82857142857143,13.2,15.5,25,6,5959213,0,0.0,0.12053668025532308,-0.992708874098054,0
Gujranwala,2014,26,38.371428571428574,57.042857142857144,17.6,1015.3571428571428,5.5,0.0,0.0,0.0,37.68571428571429,38.142857142857146,14.3,13.2,26,6,5959213,0,0.0,-3.216245299353273e-16,-1.0,0
Gujranwala,2014,27,37.214285714285715,59.714285714285715,62.9,1014.5857142857144,5.6000000000000005,0.0,0.0,0.0,36.357142857142854,37.68571428571429,22.3,14.3,27,7,5959213,0,0.0,-0.12053668025532283,-0.992708874098054,1
Gujranwala,2014,28,38.2,64.18571428571428,61.2,1016.1428571428572,4.8999999999999995,0.0,0.0,0.0,38.371428571428574,36.357142857142854,17.6,22.3,28,7,5959213,0,0.0,-0.23931566428755743,-0.9709418174260521,1
Gujranwala,2014,29,38.8,64.98571428571428,66.6,1014.6,4.014285714285714,0.0,0.0,0.0,37.214285714285715,38.371428571428574,62.9,17.6,29,7,5959213,0,0.0,-0.3546048870425356,-0.9350162426854148,1
Gujranwala,2014,30,37.65714285714286,48.214285714285715,41.3,1013.4285714285714,5.171428571428572,0.0,0.0,0.0,38.2,37.214285714285715,61.2,62.9,30,7,5959213,0,0.0,-0.46472317204376806,-0.8854560256532101,1
Gujranwala,2014,31,37.58571428571429,49.68571428571429,34.6,1015.5571428571428,4.285714285714286,0.0,0.0,0.0,38.8,38.2,66.6,61.2,31,8,5959213,0,0.0,-0.5680647467311556,-0.8229838658936565,1
Gujranwala,2014,32,36.17142857142857,47.2,69.2,1012.9714285714286,5.6000000000000005,0.0,0.0,0.0,37.65714285714286,38.8,41.3,66.6,32,8,5959213,0,0.0,-0.663122658240795,-0.7485107481711013,1
Gujranwala,2014,33,36.7,51.885714285714286,42.6,1015.1,5.257142857142857,0.0,0.0,0.0,37.58571428571429,37.65714285714286,34.6,41.3,33,8,5959213,0,0.0,-0.7485107481711011,-0.6631226582407952,1
Gujranwala,2014,34,37.614285714285714,55.05714285714286,57.2,1014.2,5.1000000000000005,0.0,0.0,0.0,36.17142857142857,37.58571428571429,69.2,34.6,34,8,5959213,0,0.0,-0.8229838658936564,-0.5680647467311559,1
Gujranwala,2014,35,37.857142857142854,67.02857142857142,40.2,1014.1,3.857142857142857,0.0,0.0,0.0,36.7,36.17142857142857,42.6,69.2,35,8,5959213,0,0.0,-0.8854560256532096,-0.4647231720437691,1
Gujranwala,2014,36,25.271428571428572,50.25714285714286,45.2,1016.2571428571428,5.214285714285714,0.0,0.0,0.0,37.614285714285714,36.7,57.2,42.6,36,9,5959213,0,0.0,-0.9350162426854147,-0.3546048870425359,1
Gujranwala,2014,37,24.071428571428573,60.68571428571429,65.9,1015.5,5.7,0.0,0.0,0.0,37.857142857142854,37.614285714285714,40.2,57.2,37,9,5959213,0,0.0,-0.970941817426052,-0.23931566428755774,1
Gujranwala,2014,38,22.25714285714286,57.58571428571429,77.4,1014.0142857142856,4.714285714285714,0.0,0.0,0.0,25.271428571428572,37.857142857142854,45.2,40.2,38,9,5959213,0,0.0,-0.992708874098054,-0.12053668025532357,1
Gujranwala,2014,39,23.714285714285715,59.34285714285714,37.4,1015.1285714285714,5.771428571428571,0.0,0.0,0.0,24.071428571428573,25.271428571428572,65.9,45.2,39,9,5959213,0,0.0,-1.0,-1.8369701987210297e-16,1
Gujranwala,2014,40,22.442857142857143,56.457142857142856,19.4,1016.3571428571428,4.4714285714285715,0.0,0.0,0.0,22.25714285714286,24.071428571428573,77.4,65.9,40,10,5959213,0,0.0,-0.992708874098054,0.1205366802553232,1
Gujranwala,2014,41,23.314285714285713,56.41428571428571,11.2,1015.5428571428572,4.6571428571428575,0.0,0.0,0.0,23.714285714285715,22.25714285714286,37.4,77.4,41,10,5959213,0,0.0,-0.9709418174260521,0.23931566428755738,1
Gujranwala,2014,42,23.571428571428573,53.88571428571429,25.1,1015.0714285714286,4.742857142857143,0.0,0.0,0.0,22.442857142857143,23.714285714285715,19.4,37.4,42,10,5959213,0,0.0,-0.9350162426854148,0.35460488704253557,1
Gujranwala,2014,43,22.6,48.642857142857146,14.2,1016.0428571428572,6.414285714285714,0.0,0.0,0.0,23.314285714285713,22.442857142857143,11.2,19.4,43,10,5959213,0,0.0,-0.8854560256532101,0.464723172043768,1
Gujranwala,2014,44,23.585714285714285,61.94285714285714,19.3,1016.2285714285716,5.257142857142857,0.0,0.0,0.0,23.571428571428573,23.314285714285713,25.1,11.2,44,11,5959213,0,0.0,-0.822983865893657,0.5680647467311548,0
Gujranwala,2014,45,23.057142857142857,62.48571428571429,16.5,1014.5,5.085714285714286,0.0,0.0,0.0,22.6,23.571428571428573,14.2,25.1,45,11,5959213,0,0.0,-0.7485107481711011,0.6631226582407953,0
Gujranwala,2014,46,24.514285714285712,61.18571428571429,32.8,1015.0571428571428,5.128571428571428,0.0,0.0,0.0,23.585714285714285,22.6,19.3,14.2,46,11,5959213,0,0.0,-0.6631226582407956,0.7485107481711007,0
Gujranwala,2014,47,24.728571428571428,45.628571428571426,15.8,1014.0,5.257142857142857,0.0,0.0,0.0,23.057142857142857,23.585714285714285,16.5,19.3,47,11,5959213,0,0.0,-0.5680647467311559,0.8229838658936564,0
Gujranwala,2014,48,23.457142857142856,53.68571428571429,31.9,1015.5857142857144,5.871428571428572,0.0,0.0,0.0,24.514285714285712,23.057142857142857,32.8,16.5,48,11,5959213,0,0.0,-0.4647231720437684,0.88545602565321,0
Gujranwala,2014,49,16.242857142857144,61.857142857142854,24.5,1014.2714285714284,5.1571428571428575,0.0,0.0,0.0,24.728571428571428,24.514285714285712,15.8,32.8,49,12,5959213,0,0.0,-0.35460488704253595,0.9350162426854147,0
Gujranwala,2014,50,15.257142857142856,66.87142857142858,15.0,1014.0571428571428,4.685714285714285,0.0,0.0,0.0,23.457142857142856,24.728571428571428,31.9,15.8,50,12,5959213,0,0.0,-0.2393156642875578,0.970941817426052,0
Gujranwala,2014,51,13.55714285714286,59.91428571428571,9.9,1014.2428571428572,4.457142857142857,0.0,0.0,0.0,16.242857142857144,23.457142857142856,24.5,31.9,51,12,5959213,0,0.0,-0.12053668025532363,0.992708874098054,0
Gujranwala,2014,52,16.47142857142857,49.17142857142857,15.1,1014.7285714285716,4.385714285714285,0.0,0.0,0.0,15.257142857142856,16.242857142857144,15.0,24.5,52,12,5959213,0,0.0,6.432490598706546e-16,1.0,0
Gujranwala,2015,1,16.55,58.575,3.6,1013.775,5.25,0.0,0.0,0.0,13.55714285714286,15.257142857142856,9.9,15.0,1,1,5959213,0,0.0,0.12053668025532305,0.992708874098054,0
Gujranwala,2015,2,16.057142857142857,50.128571428571426,11.3,1015.6,4.885714285714286,0.0,0.0,0.0,16.47142857142857,13.55714285714286,15.1,9.9,2,1,5959213,0,0.0,0.23931566428755774,0.970941817426052,0
Gujranwala,2015,3,18.785714285714285,51.971428571428575,15.6,1014.1142857142858,5.328571428571428,0.0,0.0,0.0,16.55,16.47142857142857,3.6,15.1,3,1,5959213,0,0.0,0.3546048870425356,0.9350162426854148,0
Gujranwala,2015,4,16.385714285714283,61.142857142857146,17.8,1016.8714285714286,5.771428571428571,0.0,0.0,0.0,16.057142857142857,16.55,11.3,3.6,4,1,5959213,0,0.0,0.4647231720437685,0.8854560256532099,0
Gujranwala,2015,5,13.985714285714286,52.371428571428574,8.700000000000001,1015.657142857143,4.985714285714286,0.0,0.0,0.0,18.785714285714285,16.057142857142857,15.6,11.3,5,2,5959213,0,0.0,0.5680647467311558,0.8229838658936564,0
Gujranwala,2015,6,16.942857142857143,56.01428571428572,16.5,1014.9714285714286,5.442857142857143,0.0,0.0,0.0,16.385714285714283,18.785714285714285,17.8,15.6,6,2,5959213,0,0.0,0.6631226582407952,0.7485107481711011,0
Gujranwala,2015,7,15.94285714285714,67.04285714285714,6.2,1014.157142857143,4.514285714285714,0.0,0.0,0.0,13.985714285714286,16.385714285714283,8.700000000000001,17.8,7,2,5959213,0,0.0,0.7485107481711011,0.6631226582407953,0
Gujranwala,2015,8,15.471428571428572,54.48571428571428,8.6,1015.4714285714286,4.542857142857143,0.0,0.0,0.0,16.942857142857143,13.985714285714286,16.5,8.700000000000001,8,2,5959213,0,0.0,0.8229838658936564,0.5680647467311558,0
Gujranwala,2015,9,17.542857142857144,50.82857142857143,19.7,1013.1,5.628571428571428,0.0,0.0,0.0,15.94285714285714,16.942857142857143,6.2,16.5,9,3,5959213,0,0.0,0.8854560256532098,0.4647231720437686,0
Gujranwala,2015,10,26.1,57.214285714285715,13.5,1013.7285714285716,4.814285714285715,0.0,0.0,0.0,15.471428571428572,15.94285714285714,8.6,6.2,10,3,5959213,0,0.0,0.9350162426854148,0.35460488704253557,0
Gujranwala,2015,11,26.814285714285713,57.8,15.9,1016.6857142857144,3.857142857142857,0.0,0.0,0.0,17.542857142857144,15.471428571428572,19.7,8.6,11,3,5959213,0,0.0,0.970941817426052,0.23931566428755804,0
Gujranwala,2015,12,28.314285714285713,60.214285714285715,20.3,1014.4285714285714,4.271428571428571,0.0,0.0,0.0,26.1,17.542857142857144,13.5,19.7,12,3,5959213,0,0.0,0.992708874098054,0.120536680255323,0
Gujranwala,2015,13,27.114285714285717,59.457142857142856,21.5,1015.5571428571428,4.171428571428572,0.0,0.0,0.0,26.814285714285713,26.1,15.9,13.5,13,3,5959213,0,0.0,1.0,-1.6081226496766366e-16,0
Gujranwala,2015,14,27.25714285714286,51.785714285714285,23.1,1015.9714285714286,4.971428571428571,0.0,0.0,0.0,28.314285714285713,26.814285714285713,20.3,15.9,14,4,5959213,0,0.0,0.992708874098054,-0.12053668025532288,0
Gujranwala,2015,15,28.6,61.48571428571428,18.3,1015.2285714285716,5.514285714285714,0.0,0.0,0.0,27.114285714285717,28.314285714285713,21.5,20.3,15,4,5959213,0,0.0,0.9709418174260521,-0.2393156642875575,0
Gujranwala,2015,16,24.771428571428572,65.32857142857144,18.2,1015.7857142857144,5.428571428571429,0.0,0.0,0.0,27.25714285714286,27.114285714285717,23.1,21.5,16,4,5959213,0,0.0,0.9350162426854148,-0.35460488704253545,0
Gujranwala,2015,17,26.657142857142855,60.15714285714285,12.4,1014.0571428571428,4.942857142857143,0.0,0.0,0.0,28.6,27.25714285714286,18.3,23.1,17,4,5959213,0,0.0,0.8854560256532099,-0.4647231720437685,0
Gujranwala,2015,18,27.12857142857143,54.957142857142856,19.7,1015.5571428571428,4.4,0.0,0.0,0.0,24.771428571428572,28.6,18.2,18.3,18,5,5959213,0,0.0,0.8229838658936565,-0.5680647467311557,0
Gujranwala,2015,19,28.5,60.771428571428565,19.1,1015.5142857142856,5.228571428571429,0.0,0.0,0.0,26.657142857142855,24.771428571428572,12.4,18.2,19,5,5959213,0,0.0,0.7485107481711013,-0.6631226582407951,0
Gujranwala,2015,20,23.728571428571428,46.07142857142857,14.4,1014.6428571428572,5.685714285714286,0.0,0.0,0.0,27.12857142857143,26.657142857142855,19.7,12.4,20,5,5959213,0,0.0,0.6631226582407952,-0.7485107481711012,0
Gujranwala,2015,21,28.0,48.08571428571429,23.1,1016.2571428571428,4.4,0.0,0.0,0.0,28.5,27.12857142857143,19.1,19.7,21,5,5959213,0,0.0,0.5680647467311558,-0.8229838658936564,0
Gujranwala,2015,22,27.17142857142857,46.92857142857143,20.8,1015.657142857143,5.957142857142857,0.0,0.0,0.0,23.728571428571428,28.5,14.4,19.1,22,5,5959213,0,0.0,0.46472317204376906,-0.8854560256532096,0
Gujranwala,2015,23,38.55714285714286,64.05714285714285,15.4,1014.0,5.3428571428571425,0.0,0.0,0.0,28.0,23.728571428571428,23.1,14.4,23,6,5959213,0,0.0,0.35460488704253584,-0.9350162426854147,0
Gujranwala,2015,24,38.2,41.15714285714286,18.0,1014.0142857142856,5.214285714285714,0.0,0.0,0.0,27.17142857142857,28.0,20.8,23.1,24,6,5959213,0,0.0,0.23931566428755768,-0.970941817426052,0
Gujranwala,2015,25,38.42857142857143,63.042857142857144,25.4,1014.5285714285714,4.5,0.0,0.0,0.0,38.55714285714286,27.17142857142857,15.4,20.8,25,6,5959213,0,0.0,0.12053668025532308,-0.992708874098054,0
Gujranwala,2015,26,38.92857142857143,56.285714285714285,15.9,1013.1857142857144,5.114285714285714,0.0,0.0,0.0,38.2,38.55714285714286,18.0,15.4,26,6,5959213,0,0.0,-3.216245299353273e-16,-1.0,0
Gujranwala,2015,27,36.957142857142856,59.3,67.5,1013.4,6.8428571428571425,0.0,0.0,0.0,38.42857142857143,38.2,25.4,18.0,27,7,5959213,0,0.0,-0.12053668025532283,-0.992708874098054,1
Gujranwala,2015,28,38.042857142857144,57.728571428571435,39.8,1014.3285714285714,6.014285714285714,0.0,0.0,0.0,38.92857142857143,38.42857142857143,15.9,25.4,28,7,5959213,0,0.0,-0.23931566428755743,-0.9709418174260521,1
Gujranwala,2015,29,38.371428571428574,52.32857142857143,48.9,1015.2571428571428,4.057142857142857,0.0,0.0,0.0,36.957142857142856,38.92857142857143,67.5,15.9,29,7,5959213,0,0.0,-0.3546048870425356,-0.9350162426854148,1
Gujranwala,2015,30,37.7,62.81428571428571,46.7,1015.6714285714286,4.642857142857143,0.0,0.0,0.0,38.042857142857144,36.957142857142856,39.8,67.5,30,7,5959213,0,0.0,-0.46472317204376806,-0.8854560256532101,1
Gujranwala,2015,31,38.25714285714286,57.642857142857146,65.7,1014.0714285714286,5.542857142857143,0.0,0.0,0.0,38.371428571428574,38.042857142857144,48.9,39.8,31,8,5959213,0,0.0,-0.5680647467311556,-0.8229838658936565,1
Gujranwala,2015,32,36.92857142857143,55.24285714285714,56.8,1014.2,3.971428571428571,0.0,0.0,0.0,37.7,38.371428571428574,46.7,48.9,32,8,5959213,0,0.0,-0.663122658240795,-0.7485107481711013,1
Gujranwala,2015,33,39.8,60.371428571428574,46.5,1016.0285714285714,5.3428571428571425,0.0,0.0,0.0,38.25714285714286,37.7,65.7,46.7,33,8,5959213,0,0.0,-0.7485107481711011,-0.6631226582407952,1
Gujranwala,2015,34,38.01428571428572,48.65714285714286,39.1,1016.0142857142856,5.128571428571428,0.0,0.0,0.0,36.92857142857143,38.25714285714286,56.8,65.7,34,8,5959213,0,0.0,-0.8229838658936564,-0.5680647467311559,1
Gujranwala,2015,35,37.51428571428572,60.628571428571426,68.3,1015.7142857142856,4.014285714285714,0.0,0.0,0.0,39.8,36.92857142857143,46.5,56.8,35,8,5959213,0,0.0,-0.8854560256532096,-0.4647231720437691,1
Gujranwala,2015,36,25.24285714285714,58.785714285714285,50.900000000000006,1014.4142857142856,4.314285714285714,0.0,0.0,0.0,38.01428571428572,39.8,39.1,46.5,36,9,5959213,0,0.0,-0.9350162426854147,-0.3546048870425359,1
Gujranwala,2015,37,22.32857142857143,50.74285714285714,102.4,1015.5428571428572,5.5,0.0,0.0,0.0,37.51428571428572,38.01428571428572,68.3,39.1,37,9,5959213,0,0.0,-0.970941817426052,-0.23931566428755774,1
Gujranwala,2015,38,24.8,53.31428571428571,39.9,1014.0714285714286,5.057142857142857,0.0,0.0,0.0,25.24285714285714,37.51428571428572,50.900000000000006,68.3,38,9,5959213,0,0.0,-0.992708874098054,-0.12053668025532357,1
Gujranwala,2015,39,25.428571428571427,56.98571428571428,48.7,1015.9142857142856,4.5285714285714285,0.0,0.0,0.0,22.32857142857143,25.24285714285714,102.4,50.900000000000006,39,9,5959213,0,0.0,-1.0,-1.8369701987210297e-16,1
Gujranwala,2015,40,24.571428571428573,49.17142857142857,40.5,1016.2,4.1571428571428575,0.0,0.0,0.0,24.8,22.32857142857143,39.9,102.4,40,10,5959213,0,0.0,-0.992708874098054,0.1205366802553232,1
Gujranwala,2015,41,23.4,46.2,28.8,1013.5,4.242857142857143,0.0,0.0,0.0,25.428571428571427,24.8,48.7,39.9,41,10,5959213,0,0.0,-0.9709418174260521,0.23931566428755738,1
Gujranwala,2015,42,24.185714285714287,56.528571428571425,21.2,1013.3285714285714,3.7714285714285714,0.0,0.0,0.0,24.571428571428573,25.428571428571427,40.5,48.7,42,10,5959213,0,0.0,-0.9350162426854148,0.35460488704253557,1
Gujranwala,2015,43,22.785714285714285,47.957142857142856,14.9,1015.0142857142856,5.571428571428571,0.0,0.0,0.0,23.4,24.571428571428573,28.8,40.5,43,10,5959213,0,0.0,-0.8854560256532101,0.464723172043768,1
Gujranwala,2015,44,23.32857142857143,57.371428571428574,25.1,1015.4571428571428,5.014285714285714,0.0,0.0,0.0,24.185714285714287,23.4,21.2,28.8,44,11,5959213,0,0.0,-0.822983865893657,0.5680647467311548,0
Gujranwala,2015,45,23.285714285714285,55.971428571428575,14.5,1014.842857142857,5.528571428571429,0.0,0.0,0.0,22.785714285714285,24.185714285714287,14.9,21.2,45,11,5959213,0,0.0,-0.7485107481711011,0.6631226582407953,0
Gujranwala,2015,46,22.042857142857144,53.142857142857146,12.1,1016.0857142857144,5.385714285714286,0.0,0.0,0.0,23.32857142857143,22.785714285714285,25.1,14.9,46,11,5959213,0,0.0,-0.6631226582407956,0.7485107481711007,0
Gujranwala,2015,47,22.885714285714283,50.22857142857142,15.3,1016.3,4.871428571428572,0.0,0.0,0.0,23.285714285714285,23.32857142857143,14.5,25.1,47,11,5959213,0,0.0,-0.5680647467311559,0.8229838658936564,0
Gujranwala,2015,48,20.885714285714283,60.5,8.4,1015.1428571428572,4.242857142857143,0.0,0.0,0.0,22.042857142857144,23.285714285714285,12.1,14.5,48,11,5959213,0,0.0,-0.4647231720437684,0.88545602565321,0
Gujranwala,2015,49,16.714285714285715,66.12857142857142,13.8,1014.8857142857142,6.642857142857143,0.0,0.0,0.0,22.885714285714283,22.042857142857144,15.3,12.1,49,12,5959213,0,0.0,-0.35460488704253595,0.9350162426854147,0
Gujranwala,2015,50,16.9,51.74285714285714,18.3,1014.6714285714286,5.571428571428571,0.0,0.0,0.0,20.885714285714283,22.885714285714283,8.4,15.3,50,12,5959213,0,0.0,-0.2393156642875578,0.970941817426052,0
Gujranwala,2015,51,15.014285714285714,55.27142857142858,20.9,1013.5857142857144,4.685714285714285,0.0,0.0,0.0,16.714285714285715,20.885714285714283,13.8,8.4,51,12,5959213,0,0.0,-0.12053668025532363,0.992708874098054,0
Gujranwala,2015,52,17.271428571428572,46.857142857142854,25.9,1014.4714285714286,5.314285714285715,0.0,0.0,0.0,16.9,16.714285714285715,18.3,13.8,52,12,5959213,0,0.0,6.432490598706546e-16,1.0,0
Gujranwala,2015,53,16.5,58.9,7.5,1014.275,4.95,0.0,0.0,0.0,15.014285714285714,16.9,20.9,18.3,53,12,5959213,0,0.0,0.12053668025532314,0.992708874098054,0
Gujranwala,2016,1,17.314285714285713,52.142857142857146,31.3,1017.3857142857142,5.8428571428571425,0.0,0.0,0.0,17.271428571428572,15.014285714285714,25.9,20.9,1,1,5959213,0,0.0,0.12053668025532305,0.992708874098054,0
Gujranwala,2016,2,14.914285714285716,54.82857142857143,18.5,1015.0714285714286,4.1000000000000005,0.0,0.0,0.0,16.5,17.271428571428572,7.5,25.9,2,1,5959213,0,0.0,0.23931566428755774,0.970941817426052,0
Gujranwala,2016,3,14.971428571428572,63.6,19.4,1016.4142857142856,4.542857142857143,0.0,0.0,0.0,17.314285714285713,16.5,31.3,7.5,3,1,5959213,0,0.0,0.3546048870425356,0.9350162426854148,0
Gujranwala,2016,4,14.985714285714286,53.285714285714285,8.8,1015.0428571428572,5.328571428571428,0.0,0.0,0.0,14.914285714285716,17.314285714285713,18.5,31.3,4,1,5959213,0,0.0,0.4647231720437685,0.8854560256532099,0
Gujranwala,2016,5,15.242857142857144,47.15714285714285,20.9,1013.7428571428572,4.942857142857143,0.0,0.0,0.0,14.971428571428572,14.914285714285716,19.4,18.5,5,2,5959213,0,0.0,0.5680647467311558,0.8229838658936564,0
Gujranwala,2016,6,17.342857142857145,54.94285714285714,25.3,1015.2857142857144,4.585714285714286,0.0,0.0,0.0,14.985714285714286,14.971428571428572,8.8,19.4,6,2,5959213,0,0.0,0.6631226582407952,0.7485107481711011,0
Gujranwala,2016,7,15.6,48.528571428571425,20.9,1014.1,4.171428571428572,0.0,0.0,0.0,15.242857142857144,14.985714285714286,20.9,8.8,7,2,5959213,0,0.0,0.7485107481711011,0.6631226582407953,0
Gujranwala,2016,8,15.757142857142856,55.68571428571429,21.8,1015.7,4.6000000000000005,0.0,0.0,0.0,17.342857142857145,15.242857142857144,25.3,20.9,8,2,5959213,0,0.0,0.8229838658936564,0.5680647467311558,0
Gujranwala,2016,9,23.742857142857144,45.5,11.0,1014.0428571428572,5.6000000000000005,0.0,0.0,0.0,15.6,17.342857142857145,20.9,25.3,9,3,5959213,0,0.0,0.8854560256532098,0.4647231720437686,0
Gujranwala,2016,10,25.87142857142857,49.91428571428572,16.5,1015.6,4.571428571428571,0.0,0.0,0.0,15.757142857142856,15.6,21.8,20.9,10,3,5959213,0,0.0,0.9350162426854148,0.35460488704253557,0
Gujranwala,2016,11,26.0,51.34285714285714,14.9,1016.3714285714286,4.928571428571429,0.0,0.0,0.0,23.742857142857144,15.757142857142856,11.0,21.8,11,3,5959213,0,0.0,0.970941817426052,0.23931566428755804,0
Gujranwala,2016,12,26.271428571428572,55.18571428571427,17.6,1014.6,4.171428571428572,0.0,0.0,0.0,25.87142857142857,23.742857142857144,16.5,11.0,12,3,5959213,0,0.0,0.992708874098054,0.120536680255323,0
Gujranwala,2016,13,26.785714285714285,55.57142857142857,24.299999999999997,1014.5714285714286,5.1000000000000005,0.0,0.0,0.0,26.0,25.87142857142857,14.9,16.5,13,4,5959213,0,0.0,1.0,-1.6081226496766366e-16,0
Gujranwala,2016,14,26.085714285714285,46.94285714285714,14.4,1014.7571428571428,4.728571428571429,0.0,0.0,0.0,26.271428571428572,26.0,17.6,14.9,14,4,5959213,0,0.0,0.992708874098054,-0.12053668025532288,0
Gujranwala,2016,15,27.114285714285717,48.32857142857143,23.6,1015.7714285714284,5.2,0.0,0.0,0.0,26.785714285714285,26.271428571428572,24.299999999999997,17.6,15,4,5959213,0,0.0,0.9709418174260521,-0.2393156642875575,0
Gujranwala,2016,16,29.814285714285717,64.18571428571428,14.5,1013.4857142857144,5.728571428571429,0.0,0.0,0.0,26.085714285714285,26.785714285714285,14.4,24.299999999999997,16,4,5959213,0,0.0,0.9350162426854148,-0.35460488704253545,0
Gujranwala,2016,17,24.87142857142857,61.9,17.5,1014.2571428571428,5.742857142857143,0.0,0.0,0.0,27.114285714285717,26.085714285714285,23.6,14.4,17,5,5959213,0,0.0,0.8854560256532099,-0.4647231720437685,0
Gujranwala,2016,18,26.942857142857143,55.728571428571435,24.2,1012.8,5.3,0.0,0.0,0.0,29.814285714285717,27.114285714285717,14.5,23.6,18,5,5959213,0,0.0,0.8229838658936565,-0.5680647467311557,0
Gujranwala,2016,19,28.357142857142858,62.82857142857143,10.7,1013.4571428571428,5.314285714285715,0.0,0.0,0.0,24.87142857142857,29.814285714285717,17.5,14.5,19,5,5959213,0,0.0,0.7485107481711013,-0.6631226582407951,0
Gujranwala,2016,20,26.957142857142856,58.18571428571429,16.4,1015.4714285714286,4.928571428571429,0.0,0.0,0.0,26.942857142857143,24.87142857142857,24.2,17.5,20,5,5959213,0,0.0,0.6631226582407952,-0.7485107481711012,0
Gujranwala,2016,21,27.17142857142857,50.91428571428571,18.5,1015.4428571428572,4.814285714285715,0.0,0.0,0.0,28.357142857142858,26.942857142857143,10.7,24.2,21,5,5959213,0,0.0,0.5680647467311558,-0.8229838658936564,0
Gujranwala,2016,22,34.82857142857143,55.714285714285715,24.3,1013.4428571428572,3.928571428571429,0.0,0.0,0.0,26.957142857142856,28.357142857142858,16.4,10.7,22,6,5959213,0,0.0,0.46472317204376906,-0.8854560256532096,0
Gujranwala,2016,23,40.385714285714286,57.67142857142858,25.6,1014.7,4.414285714285714,0.0,0.0,0.0,27.17142857142857,26.957142857142856,18.5,16.4,23,6,5959213,0,0.0,0.35460488704253584,-0.9350162426854147,0
Gujranwala,2016,24,37.55714285714286,55.7,22.2,1016.0857142857144,4.757142857142857,0.0,0.0,0.0,34.82857142857143,27.17142857142857,24.3,18.5,24,6,5959213,0,0.0,0.23931566428755768,-0.970941817426052,0
Gujranwala,2016,25,37.58571428571429,54.91428571428571,27.4,1013.1857142857144,5.8428571428571425,0.0,0.0,0.0,40.385714285714286,34.82857142857143,25.6,24.3,25,6,5959213,0,0.0,0.12053668025532308,-0.992708874098054,0
Gujranwala,2016,26,39.08571428571429,54.08571428571429,34.7,1015.4428571428572,5.814285714285715,0.0,0.0,0.0,37.55714285714286,40.385714285714286,22.2,25.6,26,7,5959213,0,0.0,-3.216245299353273e-16,-1.0,1
Gujranwala,2016,27,37.01428571428572,60.142857142857146,58.0,1013.6142857142858,4.742857142857142,0.0,0.0,0.0,37.58571428571429,37.55714285714286,27.4,22.2,27,7,5959213,0,0.0,-0.12053668025532283,-0.992708874098054,1
Gujranwala,2016,28,39.857142857142854,60.3,59.900000000000006,1018.5571428571428,4.328571428571428,0.0,0.0,0.0,39.08571428571429,37.58571428571429,34.7,27.4,28,7,5959213,0,0.0,-0.23931566428755743,-0.9709418174260521,1
Gujranwala,2016,29,37.0,69.22857142857143,40.6,1015.5714285714286,3.3000000000000003,0.0,0.0,0.0,37.01428571428572,39.08571428571429,58.0,34.7,29,7,5959213,0,0.0,-0.3546048870425356,-0.9350162426854148,1
Gujranwala,2016,30,35.82857142857143,58.17142857142857,68.2,1017.1714285714286,4.171428571428572,0.0,0.0,0.0,39.857142857142854,37.01428571428572,59.900000000000006,58.0,30,7,5959213,0,0.0,-0.46472317204376806,-0.8854560256532101,1
Gujranwala,2016,31,37.65714285714286,58.32857142857143,30.7,1014.9285714285714,4.714285714285714,0.0,0.0,0.0,37.0,39.857142857142854,40.6,59.900000000000006,31,8,5959213,0,0.0,-0.5680647467311556,-0.8229838658936565,1
Gujranwala,2016,32,37.42857142857143,56.885714285714286,48.4,1014.0142857142856,5.428571428571429,0.0,0.0,0.0,35.82857142857143,37.0,68.2,40.6,32,8,5959213,0,0.0,-0.663122658240795,-0.7485107481711013,1
Gujranwala,2016,33,36.142857142857146,57.528571428571425,73.1,1014.9142857142856,5.542857142857143,0.0,0.0,0.0,37.65714285714286,35.82857142857143,30.7,68.2,33,8,5959213,0,0.0,-0.7485107481711011,-0.6631226582407952,1
Gujranwala,2016,34,38.357142857142854,57.285714285714285,33.2,1013.5857142857144,6.242857142857143,0.0,0.0,0.0,37.42857142857143,37.65714285714286,48.4,30.7,34,8,5959213,0,0.0,-0.8229838658936564,-0.5680647467311559,1
Gujranwala,2016,35,27.97142857142857,52.628571428571426,55.8,1015.9142857142856,4.428571428571429,0.0,0.0,0.0,36.142857142857146,37.42857142857143,73.1,48.4,35,9,5959213,1,0.6931471805599453,-0.8854560256532096,-0.4647231720437691,1
Gujranwala,2016,36,22.885714285714283,54.82857142857143,51.9,1014.0285714285714,5.457142857142857,1.0,0.0,0.0,38.357142857142854,36.142857142857146,33.2,73.1,36,9,5959213,2,1.0986122886681098,-0.9350162426854147,-0.3546048870425359,1
Gujranwala,2016,37,25.75714285714286,49.957142857142856,46.7,1014.8857142857144,4.285714285714286,2.0,1.0,0.0,27.97142857142857,38.357142857142854,55.8,33.2,37,9,5959213,0,0.0,-0.970941817426052,-0.23931566428755774,1
Gujranwala,2016,38,24.814285714285713,51.05714285714286,38.9,1014.9285714285714,5.728571428571429,0.0,2.0,1.0,22.885714285714283,27.97142857142857,51.9,55.8,38,9,5959213,0,0.0,-0.992708874098054,-0.12053668025532357,1
Gujranwala,2016,39,23.485714285714288,55.42857142857143,50.5,1016.4285714285714,5.028571428571429,0.0,0.0,2.0,25.75714285714286,22.885714285714283,46.7,51.9,39,10,5959213,0,0.0,-1.0,-1.8369701987210297e-16,1
Gujranwala,2016,40,22.25714285714286,55.1,17.3,1013.8571428571428,4.8428571428571425,0.0,0.0,0.0,24.814285714285713,25.75714285714286,38.9,46.7,40,10,5959213,1,0.6931471805599453,-0.992708874098054,0.1205366802553232,1
Gujranwala,2016,41,22.24285714285714,49.48571428571428,21.6,1013.2285714285716,6.042857142857143,1.0,0.0,0.0,23.485714285714288,24.814285714285713,50.5,38.9,41,10,5959213,0,0.0,-0.9709418174260521,0.23931566428755738,1
Gujranwala,2016,42,25.114285714285717,54.0,13.2,1014.4857142857144,4.957142857142857,0.0,1.0,0.0,22.25714285714286,23.485714285714288,17.3,50.5,42,10,5959213,1,0.6931471805599453,-0.9350162426854148,0.35460488704253557,1
Gujranwala,2016,43,23.457142857142856,50.05714285714286,19.8,1016.6428571428572,3.8285714285714287,1.0,0.0,1.0,22.24285714285714,22.25714285714286,21.6,17.3,43,10,5959213,0,0.0,-0.8854560256532101,0.464723172043768,1
Gujranwala,2016,44,23.071428571428573,52.51428571428572,18.9,1013.4857142857144,5.485714285714286,0.0,1.0,0.0,25.114285714285717,22.24285714285714,13.2,21.6,44,11,5959213,1,0.6931471805599453,-0.822983865893657,0.5680647467311548,0
Gujranwala,2016,45,25.8,46.74285714285714,12.7,1015.342857142857,4.557142857142857,1.0,0.0,1.0,23.457142857142856,25.114285714285717,19.8,13.2,45,11,5959213,0,0.0,-0.7485107481711011,0.6631226582407953,0
Gujranwala,2016,46,22.8,53.114285714285714,13.8,1016.4,4.742857142857143,0.0,1.0,0.0,23.071428571428573,23.457142857142856,18.9,19.8,46,11,5959213,1,0.6931471805599453,-0.6631226582407956,0.7485107481711007,0
Gujranwala,2016,47,24.314285714285713,60.871428571428574,14.1,1014.0857142857144,5.257142857142857,1.0,0.0,1.0,25.8,23.071428571428573,12.7,18.9,47,11,5959213,1,0.6931471805599453,-0.5680647467311559,0.8229838658936564,0
Gujranwala,2016,48,18.857142857142858,58.07142857142857,11.9,1014.8714285714286,5.442857142857143,1.0,1.0,0.0,22.8,25.8,13.8,12.7,48,12,5959213,0,0.0,-0.4647231720437684,0.88545602565321,0
Gujranwala,2016,49,17.385714285714286,63.7,16.2,1015.2571428571428,3.9142857142857146,0.0,1.0,1.0,24.314285714285713,22.8,14.1,13.8,49,12,5959213,1,0.6931471805599453,-0.35460488704253595,0.9350162426854147,0
Gujranwala,2016,50,18.414285714285715,57.01428571428572,15.9,1014.4428571428572,5.357142857142857,1.0,0.0,1.0,18.857142857142858,24.314285714285713,11.9,14.1,50,12,5959213,0,0.0,-0.2393156642875578,0.970941817426052,0
Gujranwala,2016,51,13.3,59.3,31.0,1015.9142857142856,4.242857142857143,0.0,1.0,0.0,17.385714285714286,18.857142857142858,16.2,11.9,51,12,5959213,0,0.0,-0.12053668025532363,0.992708874098054,0
Gujranwala,2016,52,15.433333333333332,51.7,12.7,1014.6,5.6000000000000005,0.0,0.0,1.0,18.414285714285715,17.385714285714286,15.9,16.2,52,12,5959213,1,0.6931471805599453,6.432490598706546e-16,1.0,0
Gujranwala,2016,53,16.2,58.63333333333333,4.1,1017.0666666666666,6.166666666666667,1.0,0.0,0.0,13.3,18.414285714285715,31.0,15.9,53,1,5959213,0,0.0,0.12053668025532314,0.992708874098054,0
Gujranwala,2017,1,16.428571428571427,49.385714285714286,22.5,1013.0857142857144,4.3428571428571425,0.0,1.0,0.0,15.433333333333332,13.3,12.7,31.0,1,1,5959213,0,0.0,0.12053668025532305,0.992708874098054,0
Gujranwala,2017,2,16.87142857142857,50.48571428571428,29.4,1016.2428571428572,5.214285714285714,0.0,0.0,1.0,16.2,15.433333333333332,4.1,12.7,2,1,5959213,0,0.0,0.23931566428755774,0.970941817426052,0
Gujranwala,2017,3,17.014285714285712,61.771428571428565,14.5,1014.4571428571428,4.685714285714285,0.0,0.0,0.0,16.428571428571427,16.2,22.5,4.1,3,1,5959213,0,0.0,0.3546048870425356,0.9350162426854148,0
Gujranwala,2017,4,15.585714285714284,41.957142857142856,21.8,1014.7714285714284,4.285714285714286,0.0,0.0,0.0,16.87142857142857,16.428571428571427,29.4,22.5,4,1,5959213,0,0.0,0.4647231720437685,0.8854560256532099,0
Gujranwala,2017,5,16.642857142857142,56.52857142857143,15.4,1014.3857142857142,5.3999999999999995,0.0,0.0,0.0,17.014285714285712,16.87142857142857,14.5,29.4,5,2,5959213,0,0.0,0.5680647467311558,0.8229838658936564,0
Gujranwala,2017,6,16.95714285714286,56.7,6.199999999999999,1015.9142857142856,3.6714285714285713,0.0,0.0,0.0,15.585714285714284,17.014285714285712,21.8,14.5,6,2,5959213,0,0.0,0.6631226582407952,0.7485107481711011,0
Gujranwala,2017,7,16.52857142857143,57.25714285714286,14.7,1016.4285714285714,5.414285714285714,0.0,0.0,0.0,16.642857142857142,15.585714285714284,15.4,21.8,7,2,5959213,0,0.0,0.7485107481711011,0.6631226582407953,0
Gujranwala,2017,8,15.885714285714286,64.14285714285714,24.7,1013.8714285714284,4.571428571428571,0.0,0.0,0.0,16.95714285714286,16.642857142857142,6.199999999999999,15.4,8,2,5959213,0,0.0,0.8229838658936564,0.5680647467311558,0
Gujranwala,2017,9,23.814285714285717,61.44285714285714,16.4,1014.5571428571428,5.185714285714285,0.0,0.0,0.0,16.52857142857143,16.95714285714286,14.7,6.199999999999999,9,3,5959213,0,0.0,0.8854560256532098,0.4647231720437686,0
Gujranwala,2017,10,29.342857142857145,67.4857142857143,12.8,1015.4857142857144,4.514285714285714,0.0,0.0,0.0,15.885714285714286,16.52857142857143,24.7,14.7,10,3,5959213,0,0.0,0.9350162426854148,0.35460488704253557,0
Gujranwala,2017,11,27.771428571428572,47.5,9.8,1013.9714285714286,6.071428571428571,0.0,0.0,0.0,23.814285714285717,15.885714285714286,16.4,24.7,11,3,5959213,0,0.0,0.970941817426052,0.23931566428755804,0
Gujranwala,2017,12,26.17142857142857,57.142857142857146,20.1,1015.4714285714286,5.271428571428571,0.0,0.0,0.0,29.342857142857145,23.814285714285717,12.8,16.4,12,3,5959213,0,0.0,0.992708874098054,0.120536680255323,0
Gujranwala,2017,13,27.32857142857143,56.528571428571425,22.4,1014.7857142857144,4.114285714285715,0.0,0.0,0.0,27.771428571428572,29.342857142857145,9.8,12.8,13,4,5959213,0,0.0,1.0,-1.6081226496766366e-16,0
Gujranwala,2017,14,26.685714285714287,48.785714285714285,24.5,1014.3142857142856,5.528571428571429,0.0,0.0,0.0,26.17142857142857,27.771428571428572,20.1,9.8,14,4,5959213,0,0.0,0.992708874098054,-0.12053668025532288,0
Gujranwala,2017,15,31.042857142857144,51.785714285714285,8.7,1015.0,5.028571428571429,0.0,0.0,0.0,27.32857142857143,26.17142857142857,22.4,20.1,15,4,5959213,0,0.0,0.9709418174260521,-0.2393156642875575,0
Gujranwala,2017,16,27.942857142857143,57.4,15.1,1015.0,4.728571428571429,0.0,0.0,0.0,26.685714285714287,27.32857142857143,24.5,22.4,16,4,5959213,0,0.0,0.9350162426854148,-0.35460488704253545,0
Gujranwala,2017,17,27.12857142857143,60.08571428571429,13.5,1015.9428571428572,5.057142857142857,0.0,0.0,0.0,31.042857142857144,26.685714285714287,8.7,24.5,17,4,5959213,1,0.6931471805599453,0.8854560256532099,-0.4647231720437685,0
Gujranwala,2017,18,26.87142857142857,47.4,15.2,1015.4285714285714,5.628571428571428,1.0,0.0,0.0,27.942857142857143,31.042857142857144,15.1,8.7,18,5,5959213,0,0.0,0.8229838658936565,-0.5680647467311557,0
Gujranwala,2017,19,26.52857142857143,55.6,23.7,1015.6,5.7,0.0,1.0,0.0,27.12857142857143,27.942857142857143,13.5,15.1,19,5,5959213,2,1.0986122886681098,0.7485107481711013,-0.6631226582407951,0
Gujranwala,2017,20,26.87142857142857,57.2,13.4,1013.8285714285714,5.414285714285714,2.0,0.0,1.0,26.87142857142857,27.12857142857143,15.2,13.5,20,5,5959213,0,0.0,0.6631226582407952,-0.7485107481711012,0
Gujranwala,2017,21,28.885714285714283,58.871428571428574,14.6,1014.5142857142856,5.285714285714286,0.0,2.0,0.0,26.52857142857143,26.87142857142857,23.7,15.2,21,5,5959213,2,1.0986122886681098,0.5680647467311558,-0.8229838658936564,0
Gujranwala,2017,22,32.714285714285715,58.44285714285714,18.9,1014.9857142857144,3.928571428571429,2.0,0.0,2.0,26.87142857142857,26.52857142857143,13.4,23.7,22,6,5959213,0,0.0,0.46472317204376906,-0.8854560256532096,0
Gujranwala,2017,23,36.5,56.728571428571435,10.1,1015.1142857142858,5.485714285714286,0.0,2.0,0.0,28.885714285714283,26.87142857142857,14.6,13.4,23,6,5959213,0,0.0,0.35460488704253584,-0.9350162426854147,0
Gujranwala,2017,24,37.44285714285714,68.42857142857143,7.1,1012.3,4.628571428571428,0.0,0.0,2.0,32.714285714285715,28.885714285714283,18.9,14.6,24,6,5959213,0,0.0,0.23931566428755768,-0.970941817426052,0
Gujranwala,2017,25,38.142857142857146,50.24285714285714,8.4,1013.5142857142856,5.271428571428571,0.0,0.0,0.0,36.5,32.714285714285715,10.1,18.9,25,6,5959213,0,0.0,0.12053668025532308,-0.992708874098054,0
Gujranwala,2017,26,38.17142857142857,57.12857142857143,21.8,1015.1857142857144,4.3999999999999995,0.0,0.0,0.0,37.44285714285714,36.5,7.1,10.1,26,7,5959213,0,0.0,-3.216245299353273e-16,-1.0,1
Gujranwala,2017,27,38.65714285714286,53.214285714285715,64.6,1014.4428571428572,5.457142857142856,0.0,0.0,0.0,38.142857142857146,37.44285714285714,8.4,7.1,27,7,5959213,0,0.0,-0.12053668025532283,-0.992708874098054,1
Gujranwala,2017,28,38.8,59.39999999999999,42.7,1014.5428571428572,4.242857142857143,0.0,0.0,0.0,38.17142857142857,38.142857142857146,21.8,8.4,28,7,5959213,0,0.0,-0.23931566428755743,-0.9709418174260521,1
Gujranwala,2017,29,38.871428571428574,54.84285714285714,39.4,1014.0285714285714,5.285714285714286,0.0,0.0,0.0,38.65714285714286,38.17142857142857,64.6,21.8,29,7,5959213,0,0.0,-0.3546048870425356,-0.9350162426854148,1
Gujranwala,2017,30,38.57142857142857,58.9,49.2,1014.2285714285716,6.3999999999999995,0.0,0.0,0.0,38.8,38.65714285714286,42.7,64.6,30,7,5959213,1,0.6931471805599453,-0.46472317204376806,-0.8854560256532101,1
Gujranwala,2017,31,37.41428571428571,59.614285714285714,76.5,1016.7,6.485714285714286,1.0,0.0,0.0,38.871428571428574,38.8,39.4,42.7,31,8,5959213,0,0.0,-0.5680647467311556,-0.8229838658936565,1
Gujranwala,2017,32,38.214285714285715,54.74285714285714,60.6,1016.0428571428572,4.771428571428571,0.0,1.0,0.0,38.57142857142857,38.871428571428574,49.2,39.4,32,8,5959213,1,0.6931471805599453,-0.663122658240795,-0.7485107481711013,1
Gujranwala,2017,33,38.628571428571426,53.728571428571435,53.3,1015.5857142857144,5.0,1.0,0.0,1.0,37.41428571428571,38.57142857142857,76.5,49.2,33,8,5959213,0,0.0,-0.7485107481711011,-0.6631226582407952,1
Gujranwala,2017,34,38.9,61.92857142857143,53.8,1014.9857142857144,4.171428571428572,0.0,1.0,0.0,38.214285714285715,37.41428571428571,60.6,76.5,34,8,5959213,0,0.0,-0.8229838658936564,-0.5680647467311559,1
Gujranwala,2017,35,31.728571428571428,53.442857142857136,50.7,1014.657142857143,4.857142857142857,0.0,0.0,1.0,38.628571428571426,38.214285714285715,53.3,60.6,35,9,5959213,0,0.0,-0.8854560256532096,-0.4647231720437691,1
Gujranwala,2017,36,22.485714285714288,43.371428571428574,50.4,1014.9428571428572,3.685714285714286,0.0,0.0,0.0,38.9,38.628571428571426,53.8,53.3,36,9,5959213,0,0.0,-0.9350162426854147,-0.3546048870425359,1
Gujranwala,2017,37,24.1,48.8,41.8,1014.9571428571428,5.314285714285715,0.0,0.0,0.0,31.728571428571428,38.9,50.7,53.8,37,9,5959213,0,0.0,-0.970941817426052,-0.23931566428755774,1
Gujranwala,2017,38,21.271428571428572,58.771428571428565,41.1,1015.5857142857144,4.785714285714286,0.0,0.0,0.0,22.485714285714288,31.728571428571428,50.4,50.7,38,9,5959213,0,0.0,-0.992708874098054,-0.12053668025532357,1
Gujranwala,2017,39,26.17142857142857,51.57142857142857,58.8,1015.4142857142856,4.385714285714285,0.0,0.0,0.0,24.1,22.485714285714288,41.8,50.4,39,10,5959213,0,0.0,-1.0,-1.8369701987210297e-16,1
Gujranwala,2017,40,23.7,50.7,31.1,1014.5285714285714,4.6571428571428575,0.0,0.0,0.0,21.271428571428572,24.1,41.1,41.8,40,10,5959213,1,0.6931471805599453,-0.992708874098054,0.1205366802553232,1
Gujranwala,2017,41,23.74285714285714,49.371428571428574,16.8,1014.9285714285714,4.385714285714285,1.0,0.0,0.0,26.17142857142857,21.271428571428572,58.8,41.1,41,10,5959213,0,0.0,-0.9709418174260521,0.23931566428755738,1
Gujranwala,2017,42,21.414285714285715,51.11428571428571,22.6,1016.4285714285714,5.142857142857143,0.0,1.0,0.0,23.7,26.17142857142857,31.1,58.8,42,10,5959213,0,0.0,-0.9350162426854148,0.35460488704253557,1
Gujranwala,2017,43,23.74285714285714,57.74285714285714,6.5,1015.7428571428572,4.428571428571429,0.0,0.0,1.0,23.74285714285714,23.7,16.8,31.1,43,10,5959213,0,0.0,-0.8854560256532101,0.464723172043768,1
Gujranwala,2017,44,24.614285714285717,54.8,16.700000000000003,1016.8857142857142,5.171428571428572,0.0,0.0,0.0,21.414285714285715,23.74285714285714,22.6,16.8,44,11,5959213,0,0.0,-0.822983865893657,0.5680647467311548,0
Gujranwala,2017,45,24.157142857142855,55.75714285714286,16.6,1016.5714285714286,4.485714285714286,0.0,0.0,0.0,23.74285714285714,21.414285714285715,6.5,22.6,45,11,5959213,0,0.0,-0.7485107481711011,0.6631226582407953,0
Gujranwala,2017,46,22.885714285714283,67.77142857142857,20.0,1016.2714285714284,6.385714285714286,0.0,0.0,0.0,24.614285714285717,23.74285714285714,16.700000000000003,6.5,46,11,5959213,2,1.0986122886681098,-0.6631226582407956,0.7485107481711007,0
Gujranwala,2017,47,23.085714285714285,65.45714285714287,18.0,1014.3571428571428,5.471428571428571,2.0,0.0,0.0,24.157142857142855,24.614285714285717,16.6,16.700000000000003,47,11,5959213,0,0.0,-0.5680647467311559,0.8229838658936564,0
Gujranwala,2017,48,21.8,59.628571428571426,19.5,1014.3571428571428,4.771428571428571,0.0,2.0,0.0,22.885714285714283,24.157142857142855,20.0,16.6,48,12,5959213,0,0.0,-0.4647231720437684,0.88545602565321,0
Gujranwala,2017,49,14.785714285714286,61.2,23.7,1015.2142857142856,3.914285714285714,0.0,0.0,2.0,23.085714285714285,22.885714285714283,18.0,20.0,49,12,5959213,0,0.0,-0.35460488704253595,0.9350162426854147,0
Gujranwala,2017,50,15.9,53.57142857142857,20.7,1014.3714285714286,6.071428571428571,0.0,0.0,0.0,21.8,23.085714285714285,19.5,18.0,50,12,5959213,0,0.0,-0.2393156642875578,0.970941817426052,0
Gujranwala,2017,51,15.599999999999998,51.885714285714286,10.5,1016.5714285714286,5.285714285714286,0.0,0.0,0.0,14.785714285714286,21.8,23.7,19.5,51,12,5959213,0,0.0,-0.12053668025532363,0.992708874098054,0
Gujranwala,2017,52,15.7125,50.175,31.5,1014.6375,4.25,0.0,0.0,0.0,15.9,14.785714285714286,20.7,23.7,52,1,5959213,0,0.0,6.432490598706546e-16,1.0,0
Gujranwala,2018,1,13.5375,56.1875,16.4,1015.8625,4.5,0.0,0.0,0.0,15.599999999999998,15.9,10.5,20.7,1,1,5959213,0,0.0,0.12053668025532305,0.992708874098054,0
Gujranwala,2018,2,16.242857142857144,52.82857142857143,9.3,1014.6428571428572,3.985714285714286,0.0,0.0,0.0,15.7125,15.599999999999998,31.5,10.5,2,1,5959213,0,0.0,0.23931566428755774,0.970941817426052,0
Gujranwala,2018,3,16.8,49.542857142857144,15.2,1015.6714285714286,4.571428571428571,0.0,0.0,0.0,13.5375,15.7125,16.4,31.5,3,1,5959213,0,0.0,0.3546048870425356,0.9350162426854148,0
Gujranwala,2018,4,15.514285714285714,63.84285714285714,6.2,1015.5857142857144,5.571428571428571,0.0,0.0,0.0,16.242857142857144,13.5375,9.3,16.4,4,1,5959213,0,0.0,0.4647231720437685,0.8854560256532099,0
Gujranwala,2018,5,16.75714285714286,62.9,13.4,1014.1857142857144,4.8,0.0,0.0,0.0,16.8,16.242857142857144,15.2,9.3,5,2,5959213,0,0.0,0.5680647467311558,0.8229838658936564,0
Gujranwala,2018,6,17.17142857142857,54.34285714285714,7.1000000000000005,1014.0714285714286,5.2,0.0,0.0,0.0,15.514285714285714,16.8,6.2,15.2,6,2,5959213,0,0.0,0.6631226582407952,0.7485107481711011,0
Gujranwala,2018,7,15.928571428571429,47.41428571428571,19.1,1017.9571428571428,6.042857142857144,0.0,0.0,0.0,16.75714285714286,15.514285714285714,13.4,6.2,7,2,5959213,0,0.0,0.7485107481711011,0.6631226582407953,0
Gujranwala,2018,8,17.6,52.41428571428571,15.4,1015.5142857142856,4.785714285714286,0.0,0.0,0.0,17.17142857142857,16.75714285714286,7.1000000000000005,13.4,8,2,5959213,0,0.0,0.8229838658936564,0.5680647467311558,0
Gujranwala,2018,9,22.7,64.02857142857144,21.1,1013.7857142857144,6.042857142857143,0.0,0.0,0.0,15.928571428571429,17.17142857142857,19.1,7.1000000000000005,9,3,5959213,0,0.0,0.8854560256532098,0.4647231720437686,0
Gujranwala,2018,10,26.74285714285714,71.77142857142857,26.4,1017.2142857142856,5.557142857142857,0.0,0.0,0.0,17.6,15.928571428571429,15.4,19.1,10,3,5959213,0,0.0,0.9350162426854148,0.35460488704253557,0
Gujranwala,2018,11,28.3,47.728571428571435,29.9,1013.842857142857,4.985714285714286,0.0,0.0,0.0,22.7,17.6,21.1,15.4,11,3,5959213,0,0.0,0.970941817426052,0.23931566428755804,0
Gujranwala,2018,12,25.928571428571427,50.142857142857146,32.5,1013.6428571428572,4.6571428571428575,0.0,0.0,0.0,26.74285714285714,22.7,26.4,21.1,12,3,5959213,0,0.0,0.992708874098054,0.120536680255323,0
Gujranwala,2018,13,28.642857142857142,54.528571428571425,35.0,1014.3,5.3,0.0,0.0,0.0,28.3,26.74285714285714,29.9,26.4,13,4,5959213,0,0.0,1.0,-1.6081226496766366e-16,0
Gujranwala,2018,14,27.114285714285717,48.74285714285714,21.5,1015.6714285714286,3.971428571428571,0.0,0.0,0.0,25.928571428571427,28.3,32.5,29.9,14,4,5959213,0,0.0,0.992708874098054,-0.12053668025532288,0
Gujranwala,2018,15,27.771428571428572,53.957142857142856,37.8,1015.6285714285714,5.757142857142857,0.0,0.0,0.0,28.642857142857142,25.928571428571427,35.0,32.5,15,4,5959213,0,0.0,0.9709418174260521,-0.2393156642875575,0
Gujranwala,2018,16,26.1,50.65714285714286,15.5,1013.3142857142856,4.0,0.0,0.0,0.0,27.114285714285717,28.642857142857142,21.5,35.0,16,4,5959213,0,0.0,0.9350162426854148,-0.35460488704253545,0
Gujranwala,2018,17,26.74285714285714,47.728571428571435,11.4,1016.7,4.1,0.0,0.0,0.0,27.771428571428572,27.114285714285717,37.8,21.5,17,4,5959213,0,0.0,0.8854560256532099,-0.4647231720437685,0
Gujranwala,2018,18,26.357142857142858,48.142857142857146,22.6,1017.657142857143,4.857142857142857,0.0,0.0,0.0,26.1,27.771428571428572,15.5,37.8,18,5,5959213,0,0.0,0.8229838658936565,-0.5680647467311557,0
Gujranwala,2018,19,25.8,53.05714285714286,14.0,1015.2285714285716,4.442857142857143,0.0,0.0,0.0,26.74285714285714,26.1,11.4,15.5,19,5,5959213,0,0.0,0.7485107481711013,-0.6631226582407951,0
Gujranwala,2018,20,28.75714285714286,52.15714285714286,11.0,1015.9857142857144,4.857142857142857,0.0,0.0,0.0,26.357142857142858,26.74285714285714,22.6,11.4,20,5,5959213,0,0.0,0.6631226582407952,-0.7485107481711012,0
Gujranwala,2018,21,27.614285714285717,61.81428571428571,22.1,1016.4,5.1000000000000005,0.0,0.0,0.0,25.8,26.357142857142858,14.0,22.6,21,5,5959213,1,0.6931471805599453,0.5680647467311558,-0.8229838658936564,0
Gujranwala,2018,22,30.97142857142857,54.357142857142854,26.8,1015.7428571428572,4.3428571428571425,1.0,0.0,0.0,28.75714285714286,25.8,11.0,14.0,22,6,5959213,0,0.0,0.46472317204376906,-0.8854560256532096,0
Gujranwala,2018,23,37.98571428571428,57.18571428571429,14.9,1015.8142857142856,4.642857142857143,0.0,1.0,0.0,27.614285714285717,28.75714285714286,22.1,11.0,23,6,5959213,1,0.6931471805599453,0.35460488704253584,-0.9350162426854147,0
Gujranwala,2018,24,39.728571428571435,53.228571428571435,16.6,1013.5428571428572,4.628571428571428,1.0,0.0,1.0,30.97142857142857,27.614285714285717,26.8,22.1,24,6,5959213,0,0.0,0.23931566428755768,-0.970941817426052,0
Gujranwala,2018,25,37.75714285714286,57.8,11.8,1014.6142857142858,4.642857142857143,0.0,1.0,0.0,37.98571428571428,30.97142857142857,14.9,26.8,25,6,5959213,1,0.6931471805599453,0.12053668025532308,-0.992708874098054,0
Gujranwala,2018,26,37.6,59.871428571428574,17.0,1016.0571428571428,4.728571428571429,1.0,0.0,1.0,39.728571428571435,37.98571428571428,16.6,14.9,26,7,5959213,1,0.6931471805599453,-3.216245299353273e-16,-1.0,1
Gujranwala,2018,27,38.6,62.371428571428574,31.4,1016.2142857142856,5.2,1.0,1.0,0.0,37.75714285714286,39.728571428571435,11.8,16.6,27,7,5959213,0,0.0,-0.12053668025532283,-0.992708874098054,1
Gujranwala,2018,28,38.0,48.68571428571429,70.8,1014.8,4.8,0.0,1.0,1.0,37.6,37.75714285714286,17.0,11.8,28,7,5959213,0,0.0,-0.23931566428755743,-0.9709418174260521,1
Gujranwala,2018,29,39.05714285714286,61.48571428571428,71.4,1014.657142857143,4.542857142857143,0.0,0.0,1.0,38.6,37.6,31.4,17.0,29,7,5959213,0,0.0,-0.3546048870425356,-0.9350162426854148,1
Gujranwala,2018,30,38.17142857142857,60.84285714285714,59.1,1015.9714285714286,3.6714285714285713,0.0,0.0,0.0,38.0,38.6,70.8,31.4,30,7,5959213,0,0.0,-0.46472317204376806,-0.8854560256532101,1
Gujranwala,2018,31,39.75714285714286,50.07142857142857,34.0,1014.5142857142856,4.785714285714286,0.0,0.0,0.0,39.05714285714286,38.0,71.4,70.8,31,8,5959213,0,0.0,-0.5680647467311556,-0.8229838658936565,1
Gujranwala,2018,32,36.48571428571429,49.628571428571426,41.1,1013.6857142857144,4.171428571428572,0.0,0.0,0.0,38.17142857142857,39.05714285714286,59.1,71.4,32,8,5959213,2,1.0986122886681098,-0.663122658240795,-0.7485107481711013,1
Gujranwala,2018,33,38.98571428571428,43.55714285714286,29.8,1014.1,3.971428571428571,2.0,0.0,0.0,39.75714285714286,38.17142857142857,34.0,59.1,33,8,5959213,0,0.0,-0.7485107481711011,-0.6631226582407952,1
Gujranwala,2018,34,38.3,45.01428571428571,53.5,1014.2142857142856,5.442857142857143,0.0,2.0,0.0,36.48571428571429,39.75714285714286,41.1,34.0,34,8,5959213,0,0.0,-0.8229838658936564,-0.5680647467311559,1
Gujranwala,2018,35,32.08571428571429,60.285714285714285,37.3,1015.0571428571428,5.114285714285714,0.0,0.0,2.0,38.98571428571428,36.48571428571429,29.8,41.1,35,9,5959213,0,0.0,-0.8854560256532096,-0.4647231720437691,1
Gujranwala,2018,36,23.657142857142855,63.214285714285715,79.8,1015.0142857142856,5.8428571428571425,0.0,0.0,0.0,38.3,38.98571428571428,53.5,29.8,36,9,5959213,0,0.0,-0.9350162426854147,-0.3546048870425359,1
Gujranwala,2018,37,23.0,50.18571428571429,53.5,1014.7857142857144,4.742857142857143,0.0,0.0,0.0,32.08571428571429,38.3,37.3,53.5,37,9,5959213,0,0.0,-0.970941817426052,-0.23931566428755774,1
Gujranwala,2018,38,23.02857142857143,62.57142857142857,66.4,1015.9571428571428,4.2,0.0,0.0,0.0,23.657142857142855,32.08571428571429,79.8,37.3,38,9,5959213,0,0.0,-0.992708874098054,-0.12053668025532357,1
Gujranwala,2018,39,22.242857142857144,47.84285714285714,48.599999999999994,1014.7571428571428,5.3,0.0,0.0,0.0,23.0,23.657142857142855,53.5,79.8,39,9,5959213,0,0.0,-1.0,-1.8369701987210297e-16,1
Gujranwala,2018,40,24.6,55.385714285714286,13.7,1014.2285714285716,4.514285714285714,0.0,0.0,0.0,23.02857142857143,23.0,66.4,53.5,40,10,5959213,0,0.0,-0.992708874098054,0.1205366802553232,1
Gujranwala,2018,41,23.685714285714283,59.25714285714286,14.9,1015.4142857142856,5.814285714285715,0.0,0.0,0.0,22.242857142857144,23.02857142857143,48.599999999999994,66.4,41,10,5959213,0,0.0,-0.9709418174260521,0.23931566428755738,1
Gujranwala,2018,42,23.114285714285717,48.42857142857143,28.8,1014.3,5.414285714285714,0.0,0.0,0.0,24.6,22.242857142857144,13.7,48.599999999999994,42,10,5959213,0,0.0,-0.9350162426854148,0.35460488704253557,1
Gujranwala,2018,43,23.442857142857143,59.17142857142857,16.3,1014.4428571428572,5.185714285714285,0.0,0.0,0.0,23.685714285714283,24.6,14.9,13.7,43,10,5959213,0,0.0,-0.8854560256532101,0.464723172043768,1
Gujranwala,2018,44,23.114285714285717,51.028571428571425,20.7,1015.3,4.7,0.0,0.0,0.0,23.114285714285717,23.685714285714283,28.8,14.9,44,11,5959213,0,0.0,-0.822983865893657,0.5680647467311548,0
Gujranwala,2018,45,21.542857142857144,55.642857142857146,21.0,1014.1714285714286,4.314285714285714,0.0,0.0,0.0,23.442857142857143,23.114285714285717,16.3,28.8,45,11,5959213,0,0.0,-0.7485107481711011,0.6631226582407953,0
Gujranwala,2018,46,23.642857142857142,55.94285714285714,13.9,1016.0,5.142857142857143,0.0,0.0,0.0,23.114285714285717,23.442857142857143,20.7,16.3,46,11,5959213,0,0.0,-0.6631226582407956,0.7485107481711007,0
Gujranwala,2018,47,23.62857142857143,52.228571428571435,21.4,1015.0142857142856,4.0,0.0,0.0,0.0,21.542857142857144,23.114285714285717,21.0,20.7,47,11,5959213,0,0.0,-0.5680647467311559,0.8229838658936564,0
Gujranwala,2018,48,22.557142857142857,55.2,14.0,1013.5,4.4714285714285715,0.0,0.0,0.0,23.642857142857142,21.542857142857144,13.9,21.0,48,12,5959213,0,0.0,-0.4647231720437684,0.88545602565321,0
Gujranwala,2018,49,15.957142857142856,61.6,13.0,1013.8,4.214285714285714,0.0,0.0,0.0,23.62857142857143,23.642857142857142,21.4,13.9,49,12,5959213,0,0.0,-0.35460488704253595,0.9350162426854147,0
Gujranwala,2018,50,15.585714285714287,65.65714285714286,10.1,1015.8857142857142,5.257142857142858,0.0,0.0,0.0,22.557142857142857,23.62857142857143,14.0,21.4,50,12,5959213,0,0.0,-0.2393156642875578,0.970941817426052,0
Gujranwala,2018,51,15.542857142857144,52.44285714285714,13.4,1014.7857142857144,4.228571428571429,0.0,0.0,0.0,15.957142857142856,22.557142857142857,13.0,14.0,51,12,5959213,0,0.0,-0.12053668025532363,0.992708874098054,0
Gujranwala,2018,52,16.185714285714287,48.81428571428571,20.3,1012.842857142857,5.642857142857143,0.0,0.0,0.0,15.585714285714287,15.957142857142856,10.1,13.0,52,12,5959213,0,0.0,6.432490598706546e-16,1.0,0
Gujranwala,2019,1,15.5125,49.9625,15.1,1013.85,3.625,0.0,0.0,0.0,15.542857142857144,15.585714285714287,13.4,10.1,1,1,5959213,0,0.0,0.12053668025532305,0.992708874098054,0
Gujranwala,2019,2,16.74285714285714,50.971428571428575,10.7,1013.8857142857142,5.1000000000000005,0.0,0.0,0.0,16.185714285714287,15.542857142857144,20.3,13.4,2,1,5959213,0,0.0,0.23931566428755774,0.970941817426052,0
Gujranwala,2019,3,16.442857142857143,58.42857142857143,14.9,1013.9857142857144,5.128571428571428,0.0,0.0,0.0,15.5125,16.185714285714287,15.1,20.3,3,1,5959213,0,0.0,0.3546048870425356,0.9350162426854148,0
Gujranwala,2019,4,16.557142857142857,54.371428571428574,9.1,1013.5285714285714,3.971428571428571,0.0,0.0,0.0,16.74285714285714,15.5125,10.7,15.1,4,1,5959213,0,0.0,0.4647231720437685,0.8854560256532099,0
Gujranwala,2019,5,17.942857142857143,53.642857142857146,19.3,1016.3142857142856,4.828571428571428,0.0,0.0,0.0,16.442857142857143,16.74285714285714,14.9,10.7,5,2,5959213,0,0.0,0.5680647467311558,0.8229838658936564,0
Gujranwala,2019,6,16.47142857142857,54.25714285714285,14.2,1014.2142857142856,4.828571428571428,0.0,0.0,0.0,16.557142857142857,16.442857142857143,9.1,14.9,6,2,5959213,0,0.0,0.6631226582407952,0.7485107481711011,0
Gujranwala,2019,7,16.014285714285712,41.785714285714285,7.6,1014.1714285714286,6.214285714285714,0.0,0.0,0.0,17.942857142857143,16.557142857142857,19.3,9.1,7,2,5959213,0,0.0,0.7485107481711011,0.6631226582407953,0
Gujranwala,2019,8,17.228571428571428,61.971428571428575,20.0,1013.5142857142856,5.728571428571429,0.0,0.0,0.0,16.47142857142857,17.942857142857143,14.2,19.3,8,2,5959213,0,0.0,0.8229838658936564,0.5680647467311558,0
Gujranwala,2019,9,19.857142857142858,57.9,30.0,1015.6285714285714,5.6571428571428575,0.0,0.0,0.0,16.014285714285712,16.47142857142857,7.6,14.2,9,3,5959213,0,0.0,0.8854560256532098,0.4647231720437686,0
Gujranwala,2019,10,25.985714285714288,49.58571428571429,17.3,1014.9142857142856,5.442857142857143,0.0,0.0,0.0,17.228571428571428,16.014285714285712,20.0,7.6,10,3,5959213,0,0.0,0.9350162426854148,0.35460488704253557,0
Gujranwala,2019,11,25.428571428571427,52.1,23.7,1015.6,5.471428571428571,0.0,0.0,0.0,19.857142857142858,17.228571428571428,30.0,20.0,11,3,5959213,0,0.0,0.970941817426052,0.23931566428755804,0
Gujranwala,2019,12,27.014285714285712,59.07142857142857,11.5,1016.3571428571428,5.357142857142857,0.0,0.0,0.0,25.985714285714288,19.857142857142858,17.3,30.0,12,3,5959213,0,0.0,0.992708874098054,0.120536680255323,0
Gujranwala,2019,13,25.957142857142856,56.142857142857146,31.0,1014.5571428571428,4.057142857142857,0.0,0.0,0.0,25.428571428571427,25.985714285714288,23.7,17.3,13,3,5959213,0,0.0,1.0,-1.6081226496766366e-16,0
Gujranwala,2019,14,27.82857142857143,45.3,24.3,1015.8857142857142,4.557142857142857,0.0,0.0,0.0,27.014285714285712,25.428571428571427,11.5,23.7,14,4,5959213,0,0.0,0.992708874098054,-0.12053668025532288,0
Gujranwala,2019,15,27.214285714285715,59.142857142857146,19.1,1014.7142857142856,4.828571428571428,0.0,0.0,0.0,25.957142857142856,27.014285714285712,31.0,11.5,15,4,5959213,0,0.0,0.9709418174260521,-0.2393156642875575,0
Gujranwala,2019,16,27.314285714285713,47.628571428571426,22.4,1016.1428571428572,4.914285714285714,0.0,0.0,0.0,27.82857142857143,25.957142857142856,24.3,31.0,16,4,5959213,0,0.0,0.9350162426854148,-0.35460488704253545,0
Gujranwala,2019,17,27.12857142857143,58.214285714285715,20.0,1013.8714285714286,5.414285714285714,0.0,0.0,0.0,27.214285714285715,27.82857142857143,19.1,24.3,17,4,5959213,1,0.6931471805599453,0.8854560256532099,-0.4647231720437685,0
Gujranwala,2019,18,26.842857142857145,54.6,25.8,1014.1428571428572,4.7,1.0,0.0,0.0,27.314285714285713,27.214285714285715,22.4,19.1,18,5,5959213,0,0.0,0.8229838658936565,-0.5680647467311557,0
Gujranwala,2019,19,27.457142857142856,50.542857142857144,11.6,1015.157142857143,5.728571428571429,0.0,1.0,0.0,27.12857142857143,27.314285714285713,20.0,22.4,19,5,5959213,0,0.0,0.7485107481711013,-0.6631226582407951,0
Gujranwala,2019,20,27.042857142857144,49.371428571428574,26.8,1015.5428571428572,4.971428571428571,0.0,0.0,1.0,26.842857142857145,27.12857142857143,25.8,20.0,20,5,5959213,0,0.0,0.6631226582407952,-0.7485107481711012,0
Gujranwala,2019,21,26.4,59.65714285714286,6.3,1014.3285714285714,3.8857142857142857,0.0,0.0,0.0,27.457142857142856,26.842857142857145,11.6,25.8,21,5,5959213,0,0.0,0.5680647467311558,-0.8229838658936564,0
Gujranwala,2019,22,29.228571428571428,43.371428571428574,16.0,1014.9428571428572,4.785714285714286,0.0,0.0,0.0,27.042857142857144,27.457142857142856,26.8,11.6,22,6,5959213,0,0.0,0.46472317204376906,-0.8854560256532096,0
Gujranwala,2019,23,37.385714285714286,45.228571428571435,14.0,1014.0,5.542857142857143,0.0,0.0,0.0,26.4,27.042857142857144,6.3,26.8,23,6,5959213,0,0.0,0.35460488704253584,-0.9350162426854147,0
Gujranwala,2019,24,39.25714285714286,48.128571428571426,27.3,1013.7142857142856,4.985714285714286,0.0,0.0,0.0,29.228571428571428,26.4,16.0,6.3,24,6,5959213,0,0.0,0.23931566428755768,-0.970941817426052,0
Gujranwala,2019,25,38.271428571428565,54.65714285714286,16.8,1015.0714285714286,5.571428571428571,0.0,0.0,0.0,37.385714285714286,29.228571428571428,14.0,16.0,25,6,5959213,0,0.0,0.12053668025532308,-0.992708874098054,0
Gujranwala,2019,26,40.114285714285714,50.971428571428575,15.1,1014.6857142857144,4.585714285714286,0.0,0.0,0.0,39.25714285714286,37.385714285714286,27.3,14.0,26,6,5959213,0,0.0,-3.216245299353273e-16,-1.0,0
Gujranwala,2019,27,38.32857142857143,49.44285714285714,40.8,1013.6142857142858,4.442857142857143,0.0,0.0,0.0,38.271428571428565,39.25714285714286,16.8,27.3,27,7,5959213,0,0.0,-0.12053668025532283,-0.992708874098054,1
Gujranwala,2019,28,39.5,43.471428571428575,45.6,1014.1857142857144,3.971428571428571,0.0,0.0,0.0,40.114285714285714,38.271428571428565,15.1,16.8,28,7,5959213,0,0.0,-0.23931566428755743,-0.9709418174260521,1
Gujranwala,2019,29,37.55714285714286,55.92857142857143,56.3,1012.6714285714286,4.257142857142857,0.0,0.0,0.0,38.32857142857143,40.114285714285714,40.8,15.1,29,7,5959213,0,0.0,-0.3546048870425356,-0.9350162426854148,1
Gujranwala,2019,30,38.84285714285714,49.785714285714285,42.1,1014.7428571428572,6.0,0.0,0.0,0.0,39.5,38.32857142857143,45.6,40.8,30,7,5959213,0,0.0,-0.46472317204376806,-0.8854560256532101,1
Gujranwala,2019,31,38.214285714285715,56.81428571428571,44.8,1014.9714285714286,4.528571428571429,0.0,0.0,0.0,37.55714285714286,39.5,56.3,45.6,31,8,5959213,0,0.0,-0.5680647467311556,-0.8229838658936565,1
Gujranwala,2019,32,37.542857142857144,46.98571428571428,38.599999999999994,1014.7285714285716,5.428571428571429,0.0,0.0,0.0,38.84285714285714,37.55714285714286,42.1,56.3,32,8,5959213,0,0.0,-0.663122658240795,-0.7485107481711013,1
Gujranwala,2019,33,38.57142857142857,60.34285714285714,41.3,1015.657142857143,4.785714285714286,0.0,0.0,0.0,38.214285714285715,38.84285714285714,44.8,42.1,33,8,5959213,0,0.0,-0.7485107481711011,-0.6631226582407952,1
Gujranwala,2019,34,38.285714285714285,59.57142857142857,41.3,1015.8285714285714,5.142857142857143,0.0,0.0,0.0,37.542857142857144,38.214285714285715,38.599999999999994,44.8,34,8,5959213,1,0.6931471805599453,-0.8229838658936564,-0.5680647467311559,1
Gujranwala,2019,35,35.214285714285715,58.42857142857143,44.4,1015.7857142857144,5.928571428571429,1.0,0.0,0.0,38.57142857142857,37.542857142857144,41.3,38.599999999999994,35,9,5959213,0,0.0,-0.8854560256532096,-0.4647231720437691,1
Gujranwala,2019,36,23.357142857142858,50.728571428571435,85.1,1014.2142857142856,5.271428571428571,0.0,1.0,0.0,38.285714285714285,38.57142857142857,41.3,41.3,36,9,5959213,0,0.0,-0.9350162426854147,-0.3546048870425359,1
Gujranwala,2019,37,23.842857142857145,52.628571428571426,69.5,1016.9714285714286,4.4714285714285715,0.0,0.0,1.0,35.214285714285715,38.285714285714285,44.4,41.3,37,9,5959213,0,0.0,-0.970941817426052,-0.23931566428755774,1
Gujranwala,2019,38,23.25714285714286,66.02857142857144,38.1,1011.9,5.285714285714286,0.0,0.0,0.0,23.357142857142858,35.214285714285715,85.1,44.4,38,9,5959213,6,1.9459101490553132,-0.992708874098054,-0.12053668025532357,1
Gujranwala,2019,39,21.842857142857145,51.771428571428565,44.6,1013.9714285714286,4.857142857142857,6.0,0.0,0.0,23.842857142857145,23.357142857142858,69.5,85.1,39,9,5959213,5,1.791759469228055,-1.0,-1.8369701987210297e-16,1
Gujranwala,2019,40,22.885714285714283,54.457142857142856,20.6,1015.1714285714286,5.285714285714286,5.0,6.0,0.0,23.25714285714286,23.842857142857145,38.1,69.5,40,10,5959213,4,1.6094379124341005,-0.992708874098054,0.1205366802553232,1
Gujranwala,2019,41,25.471428571428568,55.128571428571426,4.9,1013.2142857142856,6.1571428571428575,4.0,5.0,6.0,21.842857142857145,23.25714285714286,44.6,38.1,41,10,5959213,11,2.4849066497880004,-0.9709418174260521,0.23931566428755738,1
Gujranwala,2019,42,21.17142857142857,59.528571428571425,12.2,1015.842857142857,4.614285714285714,11.0,4.0,5.0,22.885714285714283,21.842857142857145,20.6,44.6,42,10,5959213,4,1.6094379124341005,-0.9350162426854148,0.35460488704253557,1
Gujranwala,2019,43,24.271428571428572,47.128571428571426,23.5,1015.4857142857144,5.5,4.0,11.0,4.0,25.471428571428568,22.885714285714283,4.9,20.6,43,10,5959213,6,1.9459101490553132,-0.8854560256532101,0.464723172043768,1
Gujranwala,2019,44,22.12857142857143,47.528571428571425,11.4,1015.4714285714286,5.214285714285714,6.0,4.0,11.0,21.17142857142857,25.471428571428568,12.2,4.9,44,11,5959213,4,1.6094379124341005,-0.822983865893657,0.5680647467311548,0
Gujranwala,2019,45,22.885714285714283,64.87142857142858,18.6,1013.8285714285714,4.685714285714285,4.0,6.0,4.0,24.271428571428572,21.17142857142857,23.5,12.2,45,11,5959213,2,1.0986122886681098,-0.7485107481711011,0.6631226582407953,0
Gujranwala,2019,46,22.957142857142856,50.15714285714286,14.6,1014.6,5.257142857142857,2.0,4.0,6.0,22.12857142857143,24.271428571428572,11.4,23.5,46,11,5959213,2,1.0986122886681098,-0.6631226582407956,0.7485107481711007,0
Gujranwala,2019,47,22.37142857142857,48.82857142857143,20.5,1015.0142857142856,5.8,2.0,2.0,4.0,22.885714285714283,22.12857142857143,18.6,11.4,47,11,5959213,0,0.0,-0.5680647467311559,0.8229838658936564,0
Gujranwala,2019,48,19.814285714285713,59.75714285714286,18.2,1016.9428571428572,4.942857142857143,0.0,2.0,2.0,22.957142857142856,22.885714285714283,14.6,18.6,48,12,5959213,0,0.0,-0.4647231720437684,0.88545602565321,0
Gujranwala,2019,49,14.0,48.18571428571429,4.6,1013.7142857142856,5.242857142857142,0.0,0.0,2.0,22.37142857142857,22.957142857142856,20.5,14.6,49,12,5959213,0,0.0,-0.35460488704253595,0.9350162426854147,0
Gujranwala,2019,50,16.157142857142855,60.728571428571435,11.4,1015.8,5.357142857142857,0.0,0.0,0.0,19.814285714285713,22.37142857142857,18.2,20.5,50,12,5959213,0,0.0,-0.2393156642875578,0.970941817426052,0
Gujranwala,2019,51,17.17142857142857,60.01428571428572,5.7,1014.1285714285714,5.771428571428571,0.0,0.0,0.0,14.0,19.814285714285713,4.6,18.2,51,12,5959213,0,0.0,-0.12053668025532363,0.992708874098054,0
Gujranwala,2019,52,15.514285714285714,38.214285714285715,26.4,1013.7,4.7,0.0,0.0,0.0,16.157142857142855,14.0,11.4,4.6,52,12,5959213,0,0.0,6.432490598706546e-16,1.0,0
Gujranwala,2020,1,15.580000000000002,50.48,14.0,1016.0,5.46,0.0,0.0,0.0,17.17142857142857,16.157142857142855,5.7,11.4,1,1,5959213,0,0.0,0.12053668025532305,0.992708874098054,0
Gujranwala,2020,2,17.385714285714283,59.114285714285714,6.9,1015.8,4.671428571428572,0.0,0.0,0.0,15.514285714285714,17.17142857142857,26.4,5.7,2,1,5959213,0,0.0,0.23931566428755774,0.970941817426052,0
Gujranwala,2020,3,17.442857142857143,51.542857142857144,22.2,1015.5142857142856,4.714285714285714,0.0,0.0,0.0,15.580000000000002,15.514285714285714,14.0,26.4,3,1,5959213,0,0.0,0.3546048870425356,0.9350162426854148,0
Gujranwala,2020,4,16.5,51.528571428571425,30.3,1014.342857142857,3.4571428571428577,0.0,0.0,0.0,17.385714285714283,15.580000000000002,6.9,14.0,4,1,5959213,0,0.0,0.4647231720437685,0.8854560256532099,0
Gujranwala,2020,5,14.414285714285716,50.8,21.5,1013.5428571428572,5.642857142857143,0.0,0.0,0.0,17.442857142857143,17.385714285714283,22.2,6.9,5,2,5959213,0,0.0,0.5680647467311558,0.8229838658936564,0
Gujranwala,2020,6,15.7,46.84285714285714,20.7,1015.3857142857142,4.571428571428571,0.0,0.0,0.0,16.5,17.442857142857143,30.3,22.2,6,2,5959213,0,0.0,0.6631226582407952,0.7485107481711011,0
Gujranwala,2020,7,16.214285714285715,56.92857142857143,12.2,1014.5,5.957142857142857,0.0,0.0,0.0,14.414285714285716,16.5,21.5,30.3,7,2,5959213,0,0.0,0.7485107481711011,0.6631226582407953,0
Gujranwala,2020,8,15.742857142857144,60.885714285714286,14.9,1017.5857142857144,5.271428571428571,0.0,0.0,0.0,15.7,14.414285714285716,20.7,21.5,8,2,5959213,0,0.0,0.8229838658936564,0.5680647467311558,0
Gujranwala,2020,9,16.7,55.457142857142856,16.9,1015.0285714285714,4.942857142857143,0.0,0.0,0.0,16.214285714285715,15.7,12.2,20.7,9,3,5959213,0,0.0,0.8854560256532098,0.4647231720437686,0
Gujranwala,2020,10,25.1,57.885714285714286,13.1,1016.3571428571428,4.185714285714286,0.0,0.0,0.0,15.742857142857144,16.214285714285715,14.9,12.2,10,3,5959213,0,0.0,0.9350162426854148,0.35460488704253557,0
Gujranwala,2020,11,29.014285714285712,58.528571428571425,17.2,1015.1285714285714,4.685714285714285,0.0,0.0,0.0,16.7,15.742857142857144,16.9,14.9,11,3,5959213,0,0.0,0.970941817426052,0.23931566428755804,0
Gujranwala,2020,12,29.1,43.94285714285714,18.4,1013.3285714285714,5.457142857142857,0.0,0.0,0.0,25.1,16.7,13.1,16.9,12,3,5959213,0,0.0,0.992708874098054,0.120536680255323,0
Gujranwala,2020,13,31.24285714285714,60.771428571428565,10.2,1015.0,5.514285714285714,0.0,0.0,0.0,29.014285714285712,25.1,17.2,13.1,13,3,5959213,0,0.0,1.0,-1.6081226496766366e-16,0
Gujranwala,2020,14,27.342857142857145,56.871428571428574,29.0,1016.2857142857144,5.185714285714285,0.0,0.0,0.0,29.1,29.014285714285712,18.4,17.2,14,4,5959213,0,0.0,0.992708874098054,-0.12053668025532288,0
Gujranwala,2020,15,26.814285714285713,56.74285714285714,18.7,1014.6857142857144,4.3428571428571425,0.0,0.0,0.0,31.24285714285714,29.1,10.2,18.4,15,4,5959213,0,0.0,0.9709418174260521,-0.2393156642875575,0
Gujranwala,2020,16,29.185714285714287,58.57142857142857,22.7,1014.8,5.571428571428571,0.0,0.0,0.0,27.342857142857145,31.24285714285714,29.0,10.2,16,4,5959213,0,0.0,0.9350162426854148,-0.35460488704253545,0
Gujranwala,2020,17,29.985714285714288,60.67142857142857,11.3,1015.9857142857144,4.171428571428572,0.0,0.0,0.0,26.814285714285713,27.342857142857145,18.7,29.0,17,4,5959213,0,0.0,0.8854560256532099,-0.4647231720437685,0
Gujranwala,2020,18,24.214285714285715,53.67142857142857,17.0,1016.3714285714286,4.714285714285714,0.0,0.0,0.0,29.185714285714287,26.814285714285713,22.7,18.7,18,5,5959213,0,0.0,0.8229838658936565,-0.5680647467311557,0
Gujranwala,2020,19,27.557142857142857,58.34285714285714,15.4,1015.657142857143,5.1000000000000005,0.0,0.0,0.0,29.985714285714288,29.185714285714287,11.3,22.7,19,5,5959213,0,0.0,0.7485107481711013,-0.6631226582407951,0
Gujranwala,2020,20,27.114285714285717,53.11428571428571,21.0,1015.5571428571428,4.228571428571429,0.0,0.0,0.0,24.214285714285715,29.985714285714288,17.0,11.3,20,5,5959213,0,0.0,0.6631226582407952,-0.7485107481711012,0
Gujranwala,2020,21,27.37142857142857,46.81428571428573,15.4,1015.1714285714286,4.914285714285714,0.0,0.0,0.0,27.557142857142857,24.214285714285715,15.4,17.0,21,5,5959213,0,0.0,0.5680647467311558,-0.8229838658936564,0
Gujranwala,2020,22,25.785714285714285,55.92857142857143,17.3,1015.3714285714286,4.885714285714286,0.0,0.0,0.0,27.114285714285717,27.557142857142857,21.0,15.4,22,5,5959213,0,0.0,0.46472317204376906,-0.8854560256532096,0
Gujranwala,2020,23,39.07142857142857,55.82857142857143,19.3,1015.5714285714286,6.828571428571428,0.0,0.0,0.0,27.37142857142857,27.114285714285717,15.4,21.0,23,6,5959213,2,1.0986122886681098,0.35460488704253584,-0.9350162426854147,0
Gujranwala,2020,24,39.05714285714286,50.4,19.7,1014.9,4.914285714285714,2.0,0.0,0.0,25.785714285714285,27.37142857142857,17.3,15.4,24,6,5959213,0,0.0,0.23931566428755768,-0.970941817426052,0
Gujranwala,2020,25,37.042857142857144,51.542857142857144,21.1,1014.4142857142856,4.871428571428572,0.0,2.0,0.0,39.07142857142857,25.785714285714285,19.3,17.3,25,6,5959213,0,0.0,0.12053668025532308,-0.992708874098054,0
Gujranwala,2020,26,37.65714285714286,59.08571428571429,9.3,1015.0857142857144,4.957142857142856,0.0,0.0,2.0,39.05714285714286,39.07142857142857,19.7,19.3,26,6,5959213,0,0.0,-3.216245299353273e-16,-1.0,0
Gujranwala,2020,27,37.957142857142856,63.91428571428571,47.7,1016.4571428571428,4.428571428571429,0.0,0.0,0.0,37.042857142857144,39.05714285714286,21.1,19.7,27,7,5959213,0,0.0,-0.12053668025532283,-0.992708874098054,1
Gujranwala,2020,28,36.357142857142854,58.57142857142857,44.0,1015.1857142857144,6.128571428571428,0.0,0.0,0.0,37.65714285714286,37.042857142857144,9.3,21.1,28,7,5959213,0,0.0,-0.23931566428755743,-0.9709418174260521,1
Gujranwala,2020,29,38.42857142857143,56.9,60.7,1014.9,5.742857142857143,0.0,0.0,0.0,37.957142857142856,37.65714285714286,47.7,9.3,29,7,5959213,0,0.0,-0.3546048870425356,-0.9350162426854148,1
Gujranwala,2020,30,39.528571428571425,55.74285714285714,65.1,1014.157142857143,4.871428571428572,0.0,0.0,0.0,36.357142857142854,37.957142857142856,44.0,47.7,30,7,5959213,0,0.0,-0.46472317204376806,-0.8854560256532101,1
Gujranwala,2020,31,38.285714285714285,55.15714285714286,73.3,1014.4142857142856,6.171428571428572,0.0,0.0,0.0,38.42857142857143,36.357142857142854,60.7,44.0,31,8,5959213,0,0.0,-0.5680647467311556,-0.8229838658936565,1
Gujranwala,2020,32,37.51428571428572,55.98571428571428,56.8,1014.2714285714284,4.314285714285714,0.0,0.0,0.0,39.528571428571425,38.42857142857143,65.1,60.7,32,8,5959213,0,0.0,-0.663122658240795,-0.7485107481711013,1
Gujranwala,2020,33,38.5,49.44285714285714,51.8,1015.6142857142858,3.757142857142857,0.0,0.0,0.0,38.285714285714285,39.528571428571425,73.3,65.1,33,8,5959213,2,1.0986122886681098,-0.7485107481711011,-0.6631226582407952,1
Gujranwala,2020,34,36.51428571428571,53.81428571428571,54.7,1015.9714285714286,4.757142857142857,2.0,0.0,0.0,37.51428571428572,38.285714285714285,56.8,73.3,34,8,5959213,2,1.0986122886681098,-0.8229838658936564,-0.5680647467311559,1
Gujranwala,2020,35,36.357142857142854,56.142857142857146,54.8,1013.8571428571428,5.914285714285714,2.0,2.0,0.0,38.5,37.51428571428572,51.8,56.8,35,8,5959213,0,0.0,-0.8854560256532096,-0.4647231720437691,1
Gujranwala,2020,36,24.62857142857143,63.31428571428571,88.0,1012.8142857142856,5.114285714285714,0.0,2.0,2.0,36.51428571428571,38.5,54.7,51.8,36,9,5959213,0,0.0,-0.9350162426854147,-0.3546048870425359,1
Gujranwala,2020,37,24.0,56.4,60.2,1013.0428571428572,2.7285714285714286,0.0,0.0,2.0,36.357142857142854,36.51428571428571,54.8,54.7,37,9,5959213,0,0.0,-0.970941817426052,-0.23931566428755774,1
Gujranwala,2020,38,25.571428571428573,56.128571428571426,22.1,1013.5571428571428,4.614285714285714,0.0,0.0,0.0,24.62857142857143,36.357142857142854,88.0,54.8,38,9,5959213,2,1.0986122886681098,-0.992708874098054,-0.12053668025532357,1
Gujranwala,2020,39,23.8,63.91428571428572,38.4,1014.6285714285714,5.757142857142857,2.0,0.0,0.0,24.0,24.62857142857143,60.2,88.0,39,9,5959213,0,0.0,-1.0,-1.8369701987210297e-16,1
Gujranwala,2020,40,22.714285714285715,58.34285714285714,46.0,1015.0285714285714,5.314285714285715,0.0,2.0,0.0,25.571428571428573,24.0,22.1,60.2,40,10,5959213,0,0.0,-0.992708874098054,0.1205366802553232,1
Gujranwala,2020,41,23.32857142857143,47.385714285714286,28.6,1016.342857142857,4.571428571428571,0.0,0.0,2.0,23.8,25.571428571428573,38.4,22.1,41,10,5959213,0,0.0,-0.9709418174260521,0.23931566428755738,1
Gujranwala,2020,42,22.82857142857143,57.41428571428571,34.4,1015.0857142857144,6.1000000000000005,0.0,0.0,0.0,22.714285714285715,23.8,46.0,38.4,42,10,5959213,0,0.0,-0.9350162426854148,0.35460488704253557,1
Gujranwala,2020,43,25.414285714285715,49.542857142857144,13.9,1015.1857142857144,5.185714285714285,0.0,0.0,0.0,23.32857142857143,22.714285714285715,28.6,46.0,43,10,5959213,0,0.0,-0.8854560256532101,0.464723172043768,1
Gujranwala,2020,44,22.885714285714283,64.17142857142858,16.599999999999998,1013.7142857142856,6.3428571428571425,0.0,0.0,0.0,22.82857142857143,23.32857142857143,34.4,28.6,44,11,5959213,0,0.0,-0.822983865893657,0.5680647467311548,0
Gujranwala,2020,45,22.814285714285713,54.57142857142857,8.3,1015.7142857142856,5.328571428571428,0.0,0.0,0.0,25.414285714285715,22.82857142857143,13.9,34.4,45,11,5959213,0,0.0,-0.7485107481711011,0.6631226582407953,0
Gujranwala,2020,46,24.342857142857145,58.17142857142858,29.6,1014.6142857142858,6.3428571428571425,0.0,0.0,0.0,22.885714285714283,25.414285714285715,16.599999999999998,13.9,46,11,5959213,0,0.0,-0.6631226582407956,0.7485107481711007,0
Gujranwala,2020,47,24.314285714285713,53.528571428571425,23.2,1014.0,4.728571428571429,0.0,0.0,0.0,22.814285714285713,22.885714285714283,8.3,16.599999999999998,47,11,5959213,0,0.0,-0.5680647467311559,0.8229838658936564,0
Gujranwala,2020,48,27.642857142857142,53.214285714285715,6.9,1014.3285714285714,3.542857142857143,0.0,0.0,0.0,24.342857142857145,22.814285714285713,29.6,8.3,48,11,5959213,0,0.0,-0.4647231720437684,0.88545602565321,0
Gujranwala,2020,49,16.8,55.92857142857143,16.4,1014.7,4.142857142857143,0.0,0.0,0.0,24.314285714285713,24.342857142857145,23.2,29.6,49,12,5959213,0,0.0,-0.35460488704253595,0.9350162426854147,0
Gujranwala,2020,50,16.0,53.214285714285715,31.8,1013.6,5.085714285714286,0.0,0.0,0.0,27.642857142857142,24.314285714285713,6.9,23.2,50,12,5959213,2,1.0986122886681098,-0.2393156642875578,0.970941817426052,0
Gujranwala,2020,51,14.742857142857144,60.028571428571425,13.7,1014.3714285714286,5.8428571428571425,2.0,0.0,0.0,16.8,27.642857142857142,16.4,6.9,51,12,5959213,0,0.0,-0.12053668025532363,0.992708874098054,0
Gujranwala,2020,52,15.6,57.55714285714286,10.3,1014.6857142857144,4.271428571428571,0.0,2.0,0.0,16.0,16.8,31.8,16.4,52,12,5959213,0,0.0,6.432490598706546e-16,1.0,0
Gujranwala,2020,53,15.3,57.925,15.2,1013.8,5.4,0.0,0.0,2.0,14.742857142857144,16.0,13.7,31.8,53,12,5959213,0,0.0,0.12053668025532314,0.992708874098054,0
Gujranwala,2021,1,17.37142857142857,56.6,10.9,1014.4428571428572,4.228571428571429,0.0,0.0,0.0,15.6,14.742857142857144,10.3,13.7,1,1,5959213,0,0.0,0.12053668025532305,0.992708874098054,0
Gujranwala,2021,2,15.842857142857143,53.528571428571425,19.3,1014.0857142857144,5.542857142857143,0.0,0.0,0.0,15.3,15.6,15.2,10.3,2,1,5959213,0,0.0,0.23931566428755774,0.970941817426052,0
Gujranwala,2021,3,15.614285714285714,65.11428571428571,15.3,1014.1857142857144,4.8428571428571425,0.0,0.0,0.0,17.37142857142857,15.3,10.9,15.2,3,1,5959213,0,0.0,0.3546048870425356,0.9350162426854148,0
Gujranwala,2021,4,16.0,55.32857142857142,20.6,1014.2142857142856,4.8428571428571425,0.0,0.0,0.0,15.842857142857143,17.37142857142857,19.3,10.9,4,1,5959213,0,0.0,0.4647231720437685,0.8854560256532099,0
Gujranwala,2021,5,15.314285714285717,47.48571428571428,21.5,1015.2428571428572,5.185714285714285,0.0,0.0,0.0,15.614285714285714,15.842857142857143,15.3,19.3,5,2,5959213,0,0.0,0.5680647467311558,0.8229838658936564,0
Gujranwala,2021,6,14.342857142857143,57.028571428571425,7.500000000000001,1013.4,3.7,0.0,0.0,0.0,16.0,15.614285714285714,20.6,15.3,6,2,5959213,0,0.0,0.6631226582407952,0.7485107481711011,0
Gujranwala,2021,7,15.214285714285714,54.042857142857144,10.8,1015.4857142857144,4.642857142857143,0.0,0.0,0.0,15.314285714285717,16.0,21.5,20.6,7,2,5959213,0,0.0,0.7485107481711011,0.6631226582407953,0
Gujranwala,2021,8,14.342857142857143,51.628571428571426,17.0,1013.6428571428572,5.2,0.0,0.0,0.0,14.342857142857143,15.314285714285717,7.500000000000001,21.5,8,2,5959213,0,0.0,0.8229838658936564,0.5680647467311558,0
Gujranwala,2021,9,25.585714285714285,52.18571428571429,19.4,1015.0857142857144,5.114285714285714,0.0,0.0,0.0,15.214285714285714,14.342857142857143,10.8,7.500000000000001,9,3,5959213,0,0.0,0.8854560256532098,0.4647231720437686,0
Gujranwala,2021,10,25.67142857142857,49.44285714285714,15.4,1016.4714285714286,4.557142857142857,0.0,0.0,0.0,14.342857142857143,15.214285714285714,17.0,10.8,10,3,5959213,0,0.0,0.9350162426854148,0.35460488704253557,0
Gujranwala,2021,11,29.457142857142856,58.7,22.1,1016.4571428571428,4.271428571428571,0.0,0.0,0.0,25.585714285714285,14.342857142857143,19.4,17.0,11,3,5959213,0,0.0,0.970941817426052,0.23931566428755804,0
Gujranwala,2021,12,26.12857142857143,51.18571428571429,11.4,1014.3857142857142,5.114285714285714,0.0,0.0,0.0,25.67142857142857,25.585714285714285,15.4,19.4,12,3,5959213,0,0.0,0.992708874098054,0.120536680255323,0
Gujranwala,2021,13,27.87142857142857,50.885714285714286,9.9,1014.842857142857,4.414285714285714,0.0,0.0,0.0,29.457142857142856,25.67142857142857,22.1,15.4,13,4,5959213,0,0.0,1.0,-1.6081226496766366e-16,0
Gujranwala,2021,14,26.17142857142857,65.61428571428571,20.9,1016.1285714285716,5.014285714285714,0.0,0.0,0.0,26.12857142857143,29.457142857142856,11.4,22.1,14,4,5959213,0,0.0,0.992708874098054,-0.12053668025532288,0
Gujranwala,2021,15,25.87142857142857,59.957142857142856,14.9,1016.2857142857144,4.871428571428572,0.0,0.0,0.0,27.87142857142857,26.12857142857143,9.9,11.4,15,4,5959213,0,0.0,0.9709418174260521,-0.2393156642875575,0
Gujranwala,2021,16,27.37142857142857,58.8,16.1,1014.7428571428572,4.728571428571429,0.0,0.0,0.0,26.17142857142857,27.87142857142857,20.9,9.9,16,4,5959213,0,0.0,0.9350162426854148,-0.35460488704253545,0
Gujranwala,2021,17,26.957142857142856,49.771428571428565,14.2,1017.8857142857142,5.071428571428571,0.0,0.0,0.0,25.87142857142857,26.17142857142857,14.9,20.9,17,5,5959213,0,0.0,0.8854560256532099,-0.4647231720437685,0
Gujranwala,2021,18,27.142857142857142,62.67142857142857,15.0,1014.4428571428572,5.2,0.0,0.0,0.0,27.37142857142857,25.87142857142857,16.1,14.9,18,5,5959213,0,0.0,0.8229838658936565,-0.5680647467311557,0
Gujranwala,2021,19,26.428571428571427,57.94285714285714,15.4,1015.8,5.185714285714285,0.0,0.0,0.0,26.957142857142856,27.37142857142857,14.2,16.1,19,5,5959213,0,0.0,0.7485107481711013,-0.6631226582407951,0
Gujranwala,2021,20,27.985714285714288,66.94285714285714,18.3,1017.0,5.357142857142857,0.0,0.0,0.0,27.142857142857142,26.957142857142856,15.0,14.2,20,5,5959213,0,0.0,0.6631226582407952,-0.7485107481711012,0
Gujranwala,2021,21,29.142857142857142,56.214285714285715,13.9,1015.2,4.471428571428571,0.0,0.0,0.0,26.428571428571427,27.142857142857142,15.4,15.0,21,5,5959213,0,0.0,0.5680647467311558,-0.8229838658936564,0
Gujranwala,2021,22,37.94285714285714,47.628571428571426,16.8,1014.9857142857144,4.628571428571428,0.0,0.0,0.0,27.985714285714288,26.428571428571427,18.3,15.4,22,6,5959213,0,0.0,0.46472317204376906,-0.8854560256532096,0
Gujranwala,2021,23,39.214285714285715,59.885714285714286,19.0,1014.3571428571428,5.8,0.0,0.0,0.0,29.142857142857142,27.985714285714288,13.9,18.3,23,6,5959213,0,0.0,0.35460488704253584,-0.9350162426854147,0
Gujranwala,2021,24,37.94285714285714,61.214285714285715,23.7,1015.8714285714286,4.6000000000000005,0.0,0.0,0.0,37.94285714285714,29.142857142857142,16.8,13.9,24,6,5959213,0,0.0,0.23931566428755768,-0.970941817426052,0
Gujranwala,2021,25,38.114285714285714,56.885714285714286,18.4,1014.8714285714286,5.0,0.0,0.0,0.0,39.214285714285715,37.94285714285714,19.0,16.8,25,6,5959213,0,0.0,0.12053668025532308,-0.992708874098054,0
Gujranwala,2021,26,39.542857142857144,54.92857142857143,33.1,1016.3571428571428,5.542857142857143,0.0,0.0,0.0,37.94285714285714,39.214285714285715,23.7,19.0,26,7,5959213,0,0.0,-3.216245299353273e-16,-1.0,1
Gujranwala,2021,27,37.84285714285714,59.55714285714286,29.5,1016.0142857142856,4.5,0.0,0.0,0.0,38.114285714285714,37.94285714285714,18.4,23.7,27,7,5959213,0,0.0,-0.12053668025532283,-0.992708874098054,1
Gujranwala,2021,28,38.1,48.885714285714286,34.2,1015.2,5.314285714285715,0.0,0.0,0.0,39.542857142857144,38.114285714285714,33.1,18.4,28,7,5959213,0,0.0,-0.23931566428755743,-0.9709418174260521,1
Gujranwala,2021,29,37.34285714285714,59.24285714285714,58.5,1015.6142857142858,5.685714285714285,0.0,0.0,0.0,37.84285714285714,39.542857142857144,29.5,33.1,29,7,5959213,0,0.0,-0.3546048870425356,-0.9350162426854148,1
Gujranwala,2021,30,38.885714285714286,50.9,26.6,1015.157142857143,4.5,0.0,0.0,0.0,38.1,37.84285714285714,34.2,29.5,30,8,5959213,0,0.0,-0.46472317204376806,-0.8854560256532101,1
Gujranwala,2021,31,39.3,66.8,58.7,1014.9714285714286,4.014285714285714,0.0,0.0,0.0,37.34285714285714,38.1,58.5,34.2,31,8,5959213,0,0.0,-0.5680647467311556,-0.8229838658936565,1
Gujranwala,2021,32,39.67142857142857,47.871428571428574,64.89999999999999,1014.8142857142856,5.014285714285714,0.0,0.0,0.0,38.885714285714286,37.34285714285714,26.6,58.5,32,8,5959213,0,0.0,-0.663122658240795,-0.7485107481711013,1
Gujranwala,2021,33,37.285714285714285,48.92857142857143,37.3,1013.4,4.671428571428572,0.0,0.0,0.0,39.3,38.885714285714286,58.7,26.6,33,8,5959213,0,0.0,-0.7485107481711011,-0.6631226582407952,1
Gujranwala,2021,34,40.028571428571425,61.18571428571429,45.7,1014.8142857142856,5.642857142857143,0.0,0.0,0.0,39.67142857142857,39.3,64.89999999999999,58.7,34,8,5959213,0,0.0,-0.8229838658936564,-0.5680647467311559,1
Gujranwala,2021,35,29.300000000000004,51.142857142857146,38.7,1015.3714285714286,5.6000000000000005,0.0,0.0,0.0,37.285714285714285,39.67142857142857,37.3,64.89999999999999,35,9,5959213,0,0.0,-0.8854560256532096,-0.4647231720437691,1
Gujranwala,2021,36,24.785714285714285,54.32857142857143,77.7,1013.4,5.357142857142857,0.0,0.0,0.0,40.028571428571425,37.285714285714285,45.7,37.3,36,9,5959213,0,0.0,-0.9350162426854147,-0.3546048870425359,1
Gujranwala,2021,37,23.0,46.228571428571435,54.5,1015.2428571428572,4.442857142857143,0.0,0.0,0.0,29.300000000000004,40.028571428571425,38.7,45.7,37,9,5959213,0,0.0,-0.970941817426052,-0.23931566428755774,1
Gujranwala,2021,38,23.985714285714288,62.8,48.5,1015.7142857142856,5.257142857142857,0.0,0.0,0.0,24.785714285714285,29.300000000000004,77.7,38.7,38,9,5959213,0,0.0,-0.992708874098054,-0.12053668025532357,1
Gujranwala,2021,39,23.014285714285712,54.028571428571425,43.0,1015.3285714285714,5.371428571428572,0.0,0.0,0.0,23.0,24.785714285714285,54.5,77.7,39,10,5959213,3,1.3862943611198906,-1.0,-1.8369701987210297e-16,1
Gujranwala,2021,40,22.885714285714283,59.91428571428571,14.0,1014.4142857142856,4.757142857142857,3.0,0.0,0.0,23.985714285714288,23.0,48.5,54.5,40,10,5959213,3,1.3862943611198906,-0.992708874098054,0.1205366802553232,1
Gujranwala,2021,41,24.728571428571428,48.385714285714286,33.6,1014.6,6.4,3.0,3.0,0.0,23.014285714285712,23.985714285714288,43.0,48.5,41,10,5959213,15,2.772588722239781,-0.9709418174260521,0.23931566428755738,1
Gujranwala,2021,42,23.271428571428572,48.042857142857144,9.7,1014.4571428571428,6.3428571428571425,15.0,3.0,3.0,22.885714285714283,23.014285714285712,14.0,43.0,42,10,5959213,28,3.367295829986474,-0.9350162426854148,0.35460488704253557,1
Gujranwala,2021,43,22.32857142857143,44.84285714285714,12.8,1014.9142857142856,5.814285714285715,28.0,15.0,3.0,24.728571428571428,22.885714285714283,33.6,14.0,43,10,5959213,42,3.7612001156935624,-0.8854560256532101,0.464723172043768,1
Gujranwala,2021,44,22.928571428571427,50.07142857142857,18.9,1015.2571428571428,5.1000000000000005,42.0,28.0,15.0,23.271428571428572,24.728571428571428,9.7,33.6,44,11,5959213,45,3.828641396489095,-0.822983865893657,0.5680647467311548,0
Gujranwala,2021,45,22.785714285714285,55.128571428571426,26.3,1014.7714285714284,4.285714285714286,45.0,42.0,28.0,22.32857142857143,23.271428571428572,12.8,9.7,45,11,5959213,54,4.007333185232471,-0.7485107481711011,0.6631226582407953,0
Gujranwala,2021,46,22.985714285714288,60.114285714285714,6.800000000000001,1013.7,3.2571428571428567,54.0,45.0,42.0,22.928571428571427,22.32857142857143,18.9,12.8,46,11,5959213,48,3.8918202981106265,-0.6631226582407956,0.7485107481711007,0
Gujranwala,2021,47,22.6,58.2,18.4,1017.3857142857142,4.6000000000000005,48.0,54.0,45.0,22.785714285714285,22.928571428571427,26.3,18.9,47,11,5959213,27,3.332204510175204,-0.5680647467311559,0.8229838658936564,0
Gujranwala,2021,48,18.357142857142858,58.44285714285714,12.9,1013.9,5.742857142857143,27.0,48.0,54.0,22.985714285714288,22.785714285714285,6.800000000000001,26.3,48,12,5959213,7,2.0794415416798357,-0.4647231720437684,0.88545602565321,0
Gujranwala,2021,49,17.0,60.385714285714286,9.2,1016.1428571428572,5.8428571428571425,7.0,27.0,48.0,22.6,22.985714285714288,18.4,6.800000000000001,49,12,5959213,6,1.9459101490553132,-0.35460488704253595,0.9350162426854147,0
Gujranwala,2021,50,14.55714285714286,59.285714285714285,29.4,1014.8857142857142,4.4,6.0,7.0,27.0,18.357142857142858,22.6,12.9,18.4,50,12,5959213,4,1.6094379124341005,-0.2393156642875578,0.970941817426052,0
Gujranwala,2021,51,15.357142857142858,48.2,10.5,1015.8285714285714,5.885714285714286,4.0,6.0,7.0,17.0,18.357142857142858,9.2,12.9,51,12,5959213,0,0.0,-0.12053668025532363,0.992708874098054,0
Gujranwala,2021,52,14.88,48.36,7.300000000000001,1016.58,5.4799999999999995,0.0,4.0,6.0,14.55714285714286,17.0,29.4,9.2,52,12,5959213,0,0.0,6.432490598706546e-16,1.0,0
Gujranwala,2021,53,13.5,71.83333333333333,2.3000000000000003,1017.4666666666668,5.3999999999999995,0.0,0.0,4.0,15.357142857142858,14.55714285714286,10.5,29.4,53,1,5959213,0,0.0,0.12053668025532314,0.992708874098054,0
Gujranwala,2022,1,17.142857142857142,58.7,28.4,1014.8714285714284,5.3428571428571425,0.0,0.0,0.0,14.88,15.357142857142858,7.300000000000001,10.5,1,1,5959213,0,0.0,0.12053668025532305,0.992708874098054,0
Gujranwala,2022,2,18.04285714285714,55.94285714285714,18.0,1015.1285714285714,3.8,0.0,0.0,0.0,13.5,14.88,2.3000000000000003,7.300000000000001,2,1,5959213,0,0.0,0.23931566428755774,0.970941817426052,0
Gujranwala,2022,3,18.17142857142857,53.271428571428565,20.0,1015.6714285714286,3.9571428571428577,0.0,0.0,0.0,17.142857142857142,13.5,28.4,2.3000000000000003,3,1,5959213,0,0.0,0.3546048870425356,0.9350162426854148,0
Gujranwala,2022,4,18.428571428571427,62.68571428571429,14.1,1014.7857142857144,6.071428571428571,0.0,0.0,0.0,18.04285714285714,17.142857142857142,18.0,28.4,4,1,5959213,0,0.0,0.4647231720437685,0.8854560256532099,0
Gujranwala,2022,5,14.928571428571429,58.01428571428572,8.200000000000001,1015.0142857142856,5.528571428571429,0.0,0.0,0.0,18.17142857142857,18.04285714285714,20.0,18.0,5,2,5959213,0,0.0,0.5680647467311558,0.8229838658936564,0
Gujranwala,2022,6,18.271428571428572,58.17142857142857,25.4,1015.0428571428572,5.171428571428572,0.0,0.0,0.0,18.428571428571427,18.17142857142857,14.1,20.0,6,2,5959213,0,0.0,0.6631226582407952,0.7485107481711011,0
Gujranwala,2022,7,15.928571428571429,55.957142857142856,27.0,1016.3285714285714,4.914285714285714,0.0,0.0,0.0,14.928571428571429,18.428571428571427,8.200000000000001,14.1,7,2,5959213,0,0.0,0.7485107481711011,0.6631226582407953,0
Gujranwala,2022,8,14.171428571428573,59.08571428571429,14.2,1014.3857142857142,5.071428571428571,0.0,0.0,0.0,18.271428571428572,14.928571428571429,25.4,8.200000000000001,8,2,5959213,0,0.0,0.8229838658936564,0.5680647467311558,0
Gujranwala,2022,9,25.542857142857144,53.32857142857143,20.1,1014.8714285714286,5.1571428571428575,0.0,0.0,0.0,15.928571428571429,18.271428571428572,27.0,25.4,9,3,5959213,0,0.0,0.8854560256532098,0.4647231720437686,0
Gujranwala,2022,10,28.74285714285714,49.84285714285714,12.0,1014.6,5.014285714285714,0.0,0.0,0.0,14.171428571428573,15.928571428571429,14.2,27.0,10,3,5959213,0,0.0,0.9350162426854148,0.35460488704253557,0
Gujranwala,2022,11,25.071428571428573,56.65714285714286,18.7,1016.9142857142856,5.628571428571428,0.0,0.0,0.0,25.542857142857144,14.171428571428573,20.1,14.2,11,3,5959213,0,0.0,0.970941817426052,0.23931566428755804,0
Gujranwala,2022,12,26.914285714285715,66.7,17.0,1016.6428571428572,4.914285714285714,0.0,0.0,0.0,28.74285714285714,25.542857142857144,12.0,20.1,12,3,5959213,0,0.0,0.992708874098054,0.120536680255323,0
Gujranwala,2022,13,26.8,57.6,18.2,1014.4857142857144,5.614285714285714,0.0,0.0,0.0,25.071428571428573,28.74285714285714,18.7,12.0,13,4,5959213,0,0.0,1.0,-1.6081226496766366e-16,0
Gujranwala,2022,14,25.928571428571427,61.92857142857143,17.6,1016.9857142857144,5.557142857142857,0.0,0.0,0.0,26.914285714285715,25.071428571428573,17.0,18.7,14,4,5959213,0,0.0,0.992708874098054,-0.12053668025532288,0
Gujranwala,2022,15,28.728571428571428,63.58571428571429,15.1,1015.7285714285716,5.785714285714286,0.0,0.0,0.0,26.8,26.914285714285715,18.2,17.0,15,4,5959213,0,0.0,0.9709418174260521,-0.2393156642875575,0
Gujranwala,2022,16,29.842857142857145,55.25714285714286,19.0,1016.0428571428572,5.885714285714286,0.0,0.0,0.0,25.928571428571427,26.8,17.6,18.2,16,4,5959213,0,0.0,0.9350162426854148,-0.35460488704253545,0
Gujranwala,2022,17,26.4,55.228571428571435,12.2,1016.7714285714284,4.771428571428571,0.0,0.0,0.0,28.728571428571428,25.928571428571427,15.1,17.6,17,5,5959213,0,0.0,0.8854560256532099,-0.4647231720437685,0
Gujranwala,2022,18,25.928571428571427,58.528571428571425,26.3,1014.3714285714286,4.814285714285715,0.0,0.0,0.0,29.842857142857145,28.728571428571428,19.0,15.1,18,5,5959213,0,0.0,0.8229838658936565,-0.5680647467311557,0
Gujranwala,2022,19,26.771428571428572,50.34285714285714,14.3,1013.8571428571428,3.957142857142857,0.0,0.0,0.0,26.4,29.842857142857145,12.2,19.0,19,5,5959213,0,0.0,0.7485107481711013,-0.6631226582407951,0
Gujranwala,2022,20,26.12857142857143,56.42857142857143,14.3,1015.3142857142856,5.3428571428571425,0.0,0.0,0.0,25.928571428571427,26.4,26.3,12.2,20,5,5959213,1,0.6931471805599453,0.6631226582407952,-0.7485107481711012,0
Gujranwala,2022,21,28.514285714285712,58.57142857142857,11.5,1014.7857142857144,6.042857142857143,1.0,0.0,0.0,26.771428571428572,25.928571428571427,14.3,26.3,21,5,5959213,0,0.0,0.5680647467311558,-0.8229838658936564,0
Gujranwala,2022,22,37.385714285714286,62.628571428571426,15.5,1014.342857142857,4.285714285714286,0.0,1.0,0.0,26.12857142857143,26.771428571428572,14.3,14.3,22,6,5959213,0,0.0,0.46472317204376906,-0.8854560256532096,0
Gujranwala,2022,23,39.42857142857143,54.31428571428571,15.7,1014.842857142857,4.685714285714285,0.0,0.0,1.0,28.514285714285712,26.12857142857143,11.5,14.3,23,6,5959213,0,0.0,0.35460488704253584,-0.9350162426854147,0
Gujranwala,2022,24,40.24285714285714,57.67142857142857,10.9,1014.6285714285716,5.614285714285714,0.0,0.0,0.0,37.385714285714286,28.514285714285712,15.5,11.5,24,6,5959213,0,0.0,0.23931566428755768,-0.970941817426052,0
Gujranwala,2022,25,37.94285714285714,52.92857142857143,12.5,1015.8142857142856,5.757142857142857,0.0,0.0,0.0,39.42857142857143,37.385714285714286,15.7,15.5,25,6,5959213,0,0.0,0.12053668025532308,-0.992708874098054,0
Gujranwala,2022,26,38.971428571428575,45.557142857142864,34.9,1014.7857142857144,4.628571428571428,0.0,0.0,0.0,40.24285714285714,39.42857142857143,10.9,15.7,26,7,5959213,0,0.0,-3.216245299353273e-16,-1.0,1
Gujranwala,2022,27,38.114285714285714,53.885714285714286,53.5,1013.8142857142856,5.914285714285714,0.0,0.0,0.0,37.94285714285714,40.24285714285714,12.5,10.9,27,7,5959213,0,0.0,-0.12053668025532283,-0.992708874098054,1
Gujranwala,2022,28,37.6,53.25714285714286,58.1,1015.1285714285714,5.314285714285715,0.0,0.0,0.0,38.971428571428575,37.94285714285714,34.9,12.5,28,7,5959213,2,1.0986122886681098,-0.23931566428755743,-0.9709418174260521,1
Gujranwala,2022,29,38.042857142857144,56.528571428571425,51.9,1016.6857142857144,4.814285714285715,2.0,0.0,0.0,38.114285714285714,38.971428571428575,53.5,34.9,29,7,5959213,0,0.0,-0.3546048870425356,-0.9350162426854148,1
Gujranwala,2022,30,36.34285714285714,53.01428571428572,67.6,1014.2,6.314285714285715,0.0,2.0,0.0,37.6,38.114285714285714,58.1,53.5,30,7,5959213,2,1.0986122886681098,-0.46472317204376806,-0.8854560256532101,1
Gujranwala,2022,31,38.31428571428571,62.542857142857144,54.400000000000006,1014.4857142857144,4.8428571428571425,2.0,0.0,2.0,38.042857142857144,37.6,51.9,58.1,31,8,5959213,0,0.0,-0.5680647467311556,-0.8229838658936565,1
Gujranwala,2022,32,38.91428571428571,63.32857142857143,65.4,1015.2428571428572,4.685714285714285,0.0,2.0,0.0,36.34285714285714,38.042857142857144,67.6,51.9,32,8,5959213,0,0.0,-0.663122658240795,-0.7485107481711013,1
Gujranwala,2022,33,39.6,51.07142857142857,53.9,1016.5428571428572,5.571428571428571,0.0,0.0,2.0,38.31428571428571,36.34285714285714,54.400000000000006,67.6,33,8,5959213,8,2.1972245773362196,-0.7485107481711011,-0.6631226582407952,1
Gujranwala,2022,34,39.17142857142857,50.65714285714286,79.3,1015.5571428571428,4.714285714285714,8.0,0.0,0.0,38.91428571428571,38.31428571428571,65.4,54.400000000000006,34,8,5959213,8,2.1972245773362196,-0.8229838658936564,-0.5680647467311559,1
Gujranwala,2022,35,29.9,55.44285714285714,59.9,1014.9571428571428,3.128571428571429,8.0,8.0,0.0,39.6,38.91428571428571,53.9,65.4,35,9,5959213,40,3.713572066704308,-0.8854560256532096,-0.4647231720437691,1
Gujranwala,2022,36,24.0,46.34285714285714,30.9,1014.2714285714284,5.3999999999999995,40.0,8.0,8.0,39.17142857142857,39.6,79.3,53.9,36,9,5959213,45,3.828641396489095,-0.9350162426854147,-0.3546048870425359,1
Gujranwala,2022,37,24.442857142857143,48.17142857142858,38.8,1015.5285714285714,4.314285714285714,45.0,40.0,8.0,29.9,39.17142857142857,59.9,79.3,37,9,5959213,71,4.276666119016055,-0.970941817426052,-0.23931566428755774,1
Gujranwala,2022,38,24.985714285714288,57.5,25.7,1015.5571428571428,5.5,71.0,45.0,40.0,24.0,29.9,30.9,59.9,38,9,5959213,122,4.812184355372417,-0.992708874098054,-0.12053668025532357,1
Gujranwala,2022,39,24.228571428571428,55.0,28.3,1016.7857142857144,5.785714285714286,122.0,71.0,45.0,24.442857142857143,24.0,38.8,30.9,39,10,5959213,141,4.955827057601261,-1.0,-1.8369701987210297e-16,1
Gujranwala,2022,40,25.185714285714287,50.51428571428572,8.7,1012.3285714285714,5.728571428571429,141.0,122.0,71.0,24.985714285714288,24.442857142857143,25.7,38.8,40,10,5959213,137,4.927253685157205,-0.992708874098054,0.1205366802553232,1
Gujranwala,2022,41,23.557142857142857,58.957142857142856,11.7,1014.8714285714286,6.1000000000000005,137.0,141.0,122.0,24.228571428571428,24.985714285714288,28.3,25.7,41,10,5959213,163,5.099866427824199,-0.9709418174260521,0.23931566428755738,1
Gujranwala,2022,42,24.614285714285717,47.542857142857144,25.1,1015.3,4.414285714285714,163.0,137.0,141.0,25.185714285714287,24.228571428571428,8.7,28.3,42,10,5959213,133,4.897839799950911,-0.9350162426854148,0.35460488704253557,1
Gujranwala,2022,43,23.385714285714283,51.31428571428571,17.2,1016.5857142857144,4.1,133.0,163.0,137.0,23.557142857142857,25.185714285714287,11.7,8.7,43,10,5959213,130,4.875197323201151,-0.8854560256532101,0.464723172043768,1
Gujranwala,2022,44,24.071428571428573,46.385714285714286,18.8,1014.3714285714286,5.1000000000000005,130.0,133.0,163.0,24.614285714285717,23.557142857142857,25.1,11.7,44,11,5959213,93,4.543294782270004,-0.822983865893657,0.5680647467311548,0
Gujranwala,2022,45,22.314285714285713,52.82857142857143,15.0,1015.3428571428572,5.271428571428571,93.0,130.0,133.0,23.385714285714283,24.614285714285717,17.2,25.1,45,11,5959213,89,4.499809670330265,-0.7485107481711011,0.6631226582407953,0
Gujranwala,2022,46,24.0,59.31428571428571,22.5,1017.5857142857144,4.957142857142857,89.0,93.0,130.0,24.071428571428573,23.385714285714283,18.8,17.2,46,11,5959213,62,4.143134726391533,-0.6631226582407956,0.7485107481711007,0
Gujranwala,2022,47,22.285714285714285,45.3,10.7,1015.2857142857144,5.614285714285714,62.0,89.0,93.0,22.314285714285713,24.071428571428573,15.0,18.8,47,11,5959213,31,3.4657359027997265,-0.5680647467311559,0.8229838658936564,0
Gujranwala,2022,48,19.785714285714285,51.957142857142856,17.8,1013.8285714285714,5.957142857142856,31.0,62.0,89.0,24.0,22.314285714285713,22.5,15.0,48,12,5959213,13,2.6390573296152584,-0.4647231720437684,0.88545602565321,0
Gujranwala,2022,49,16.9,56.08571428571428,28.8,1015.0,4.585714285714286,13.0,31.0,62.0,22.285714285714285,24.0,10.7,22.5,49,12,5959213,8,2.1972245773362196,-0.35460488704253595,0.9350162426854147,0
Gujranwala,2022,50,16.357142857142858,53.142857142857146,15.6,1016.6714285714286,5.057142857142857,8.0,13.0,31.0,19.785714285714285,22.285714285714285,17.8,10.7,50,12,5959213,3,1.3862943611198906,-0.2393156642875578,0.970941817426052,0
Gujranwala,2022,51,17.114285714285714,61.65714285714286,15.6,1017.0,4.185714285714286,3.0,8.0,13.0,16.9,19.785714285714285,28.8,17.8,51,12,5959213,1,0.6931471805599453,-0.12053668025532363,0.992708874098054,0
Gujranwala,2022,52,15.65,57.8,9.8,1012.4125,4.7625,1.0,3.0,8.0,16.357142857142858,16.9,15.6,28.8,52,1,5959213,0,0.0,6.432490598706546e-16,1.0,0
Gujranwala,2023,1,16.414285714285715,55.857142857142854,25.0,1016.6285714285714,4.957142857142857,0.0,1.0,3.0,17.114285714285714,16.357142857142858,15.6,15.6,1,1,5959213,0,0.0,0.12053668025532305,0.992708874098054,0
Gujranwala,2023,2,18.185714285714287,54.2,14.2,1014.9285714285714,5.185714285714285,0.0,0.0,1.0,15.65,17.114285714285714,9.8,15.6,2,1,5959213,0,0.0,0.23931566428755774,0.970941817426052,0
Gujranwala,2023,3,14.942857142857145,61.1,12.4,1013.3142857142856,4.685714285714285,0.0,0.0,0.0,16.414285714285715,15.65,25.0,9.8,3,1,5959213,0,0.0,0.3546048870425356,0.9350162426854148,0
Gujranwala,2023,4,15.785714285714286,53.48571428571428,10.7,1015.6,5.142857142857143,0.0,0.0,0.0,18.185714285714287,16.414285714285715,14.2,25.0,4,1,5959213,0,0.0,0.4647231720437685,0.8854560256532099,0
Gujranwala,2023,5,16.27142857142857,54.971428571428575,18.6,1014.6285714285714,5.328571428571428,0.0,0.0,0.0,14.942857142857145,18.185714285714287,12.4,14.2,5,2,5959213,0,0.0,0.5680647467311558,0.8229838658936564,0
Gujranwala,2023,6,17.52857142857143,51.9,12.1,1017.2142857142856,4.971428571428571,0.0,0.0,0.0,15.785714285714286,14.942857142857145,10.7,12.4,6,2,5959213,0,0.0,0.6631226582407952,0.7485107481711011,0
Gujranwala,2023,7,16.571428571428573,55.32857142857142,20.3,1015.0428571428572,5.8,0.0,0.0,0.0,16.27142857142857,15.785714285714286,18.6,10.7,7,2,5959213,0,0.0,0.7485107481711011,0.6631226582407953,0
Gujranwala,2023,8,16.514285714285716,61.81428571428571,22.8,1015.0428571428572,4.771428571428571,0.0,0.0,0.0,17.52857142857143,16.27142857142857,12.1,18.6,8,2,5959213,0,0.0,0.8229838658936564,0.5680647467311558,0
Gujranwala,2023,9,24.12857142857143,54.028571428571425,13.5,1014.5714285714286,4.828571428571428,0.0,0.0,0.0,16.571428571428573,17.52857142857143,20.3,12.1,9,3,5959213,0,0.0,0.8854560256532098,0.4647231720437686,0
Gujranwala,2023,10,25.157142857142855,48.44285714285714,15.8,1015.1142857142858,5.385714285714286,0.0,0.0,0.0,16.514285714285716,16.571428571428573,22.8,20.3,10,3,5959213,1,0.6931471805599453,0.9350162426854148,0.35460488704253557,0
Gujranwala,2023,11,27.47142857142857,47.285714285714285,21.299999999999997,1012.5428571428572,5.414285714285714,1.0,0.0,0.0,24.12857142857143,16.514285714285716,13.5,22.8,11,3,5959213,0,0.0,0.970941817426052,0.23931566428755804,0
Gujranwala,2023,12,28.642857142857142,60.214285714285715,18.4,1015.4,5.042857142857143,0.0,1.0,0.0,25.157142857142855,24.12857142857143,15.8,13.5,12,3,5959213,1,0.6931471805599453,0.992708874098054,0.120536680255323,0
Gujranwala,2023,13,27.771428571428572,65.68571428571428,21.0,1015.5142857142856,5.228571428571429,1.0,0.0,1.0,27.47142857142857,25.157142857142855,21.299999999999997,15.8,13,4,5959213,0,0.0,1.0,-1.6081226496766366e-16,0
Gujranwala,2023,14,26.914285714285715,54.82857142857143,19.7,1014.2857142857144,4.685714285714285,0.0,1.0,0.0,28.642857142857142,27.47142857142857,18.4,21.299999999999997,14,4,5959213,2,1.0986122886681098,0.992708874098054,-0.12053668025532288,0
Gujranwala,2023,15,27.12857142857143,54.371428571428574,12.9,1014.7571428571428,3.9857142857142858,2.0,0.0,1.0,27.771428571428572,28.642857142857142,21.0,18.4,15,4,5959213,1,0.6931471805599453,0.9709418174260521,-0.2393156642875575,0
Gujranwala,2023,16,27.4,52.714285714285715,24.8,1016.9285714285714,5.957142857142857,1.0,2.0,0.0,26.914285714285715,27.771428571428572,19.7,21.0,16,4,5959213,0,0.0,0.9350162426854148,-0.35460488704253545,0
Gujranwala,2023,17,27.228571428571428,54.18571428571429,16.3,1014.8714285714286,5.614285714285714,0.0,1.0,2.0,27.12857142857143,26.914285714285715,12.9,19.7,17,4,5959213,0,0.0,0.8854560256532099,-0.4647231720437685,0
Gujranwala,2023,18,29.37142857142857,50.17142857142857,23.5,1013.7428571428572,5.142857142857143,0.0,0.0,1.0,27.4,27.12857142857143,24.8,12.9,18,5,5959213,0,0.0,0.8229838658936565,-0.5680647467311557,0
Gujranwala,2023,19,29.285714285714285,55.82857142857143,30.4,1013.7285714285714,5.714285714285714,0.0,0.0,0.0,27.228571428571428,27.4,16.3,24.8,19,5,5959213,0,0.0,0.7485107481711013,-0.6631226582407951,0
Gujranwala,2023,20,27.014285714285712,55.94285714285714,17.5,1015.7571428571428,4.2,0.0,0.0,0.0,29.37142857142857,27.228571428571428,23.5,16.3,20,5,5959213,0,0.0,0.6631226582407952,-0.7485107481711012,0
Gujranwala,2023,21,28.17142857142857,55.5,15.9,1013.842857142857,5.8428571428571425,0.0,0.0,0.0,29.285714285714285,29.37142857142857,30.4,23.5,21,5,5959213,0,0.0,0.5680647467311558,-0.8229838658936564,0
Gujranwala,2023,22,34.1,55.8,20.2,1014.7,4.214285714285714,0.0,0.0,0.0,27.014285714285712,29.285714285714285,17.5,30.4,22,6,5959213,0,0.0,0.46472317204376906,-0.8854560256532096,0
Gujranwala,2023,23,39.371428571428574,45.92857142857143,11.7,1014.1142857142858,5.3428571428571425,0.0,0.0,0.0,28.17142857142857,27.014285714285712,15.9,17.5,23,6,5959213,0,0.0,0.35460488704253584,-0.9350162426854147,0
Gujranwala,2023,24,37.7,56.771428571428565,27.0,1014.6857142857144,5.428571428571429,0.0,0.0,0.0,34.1,28.17142857142857,20.2,15.9,24,6,5959213,0,0.0,0.23931566428755768,-0.970941817426052,0
Gujranwala,2023,25,40.25714285714286,56.62857142857143,22.3,1016.4714285714286,4.5,0.0,0.0,0.0,39.371428571428574,34.1,11.7,20.2,25,6,5959213,0,0.0,0.12053668025532308,-0.992708874098054,0
Gujranwala,2023,26,38.042857142857144,47.542857142857144,30.299999999999997,1016.4142857142856,4.3999999999999995,0.0,0.0,0.0,37.7,39.371428571428574,27.0,11.7,26,7,5959213,1,0.6931471805599453,-3.216245299353273e-16,-1.0,1
Gujranwala,2023,27,36.7,56.0,66.8,1018.7857142857144,5.014285714285714,1.0,0.0,0.0,40.25714285714286,37.7,22.3,27.0,27,7,5959213,0,0.0,-0.12053668025532283,-0.992708874098054,1
Gujranwala,2023,28,37.94285714285714,47.957142857142856,97.3,1015.3857142857144,6.057142857142857,0.0,1.0,0.0,38.042857142857144,40.25714285714286,30.299999999999997,22.3,28,7,5959213,2,1.0986122886681098,-0.23931566428755743,-0.9709418174260521,1
Gujranwala,2023,29,38.27142857142858,56.98571428571428,38.8,1012.9714285714286,6.257142857142857,2.0,0.0,1.0,36.7,38.042857142857144,66.8,30.299999999999997,29,7,5959213,0,0.0,-0.3546048870425356,-0.9350162426854148,1
Gujranwala,2023,30,36.51428571428572,51.271428571428565,41.400000000000006,1016.3571428571428,4.371428571428571,0.0,2.0,0.0,37.94285714285714,36.7,97.3,66.8,30,7,5959213,0,0.0,-0.46472317204376806,-0.8854560256532101,1
Gujranwala,2023,31,39.48571428571428,57.357142857142854,50.6,1014.2857142857144,5.2,0.0,0.0,2.0,38.27142857142858,37.94285714285714,38.8,97.3,31,8,5959213,0,0.0,-0.5680647467311556,-0.8229838658936565,1
Gujranwala,2023,32,35.42857142857143,58.042857142857144,52.7,1014.5714285714286,5.442857142857143,0.0,0.0,0.0,36.51428571428572,38.27142857142858,41.400000000000006,38.8,32,8,5959213,4,1.6094379124341005,-0.663122658240795,-0.7485107481711013,1
Gujranwala,2023,33,37.357142857142854,57.385714285714286,45.2,1015.6285714285714,5.257142857142857,4.0,0.0,0.0,39.48571428571428,36.51428571428572,50.6,41.400000000000006,33,8,5959213,4,1.6094379124341005,-0.7485107481711011,-0.6631226582407952,1
Gujranwala,2023,34,38.41428571428571,54.642857142857146,62.6,1014.9285714285714,4.114285714285715,4.0,4.0,0.0,35.42857142857143,39.48571428571428,52.7,50.6,34,8,5959213,10,2.3978952727983707,-0.8229838658936564,-0.5680647467311559,1
Gujranwala,2023,35,31.37142857142857,49.4,63.7,1014.5571428571428,3.557142857142857,10.0,4.0,4.0,37.357142857142854,35.42857142857143,45.2,52.7,35,9,5959213,11,2.4849066497880004,-0.8854560256532096,-0.4647231720437691,1
Gujranwala,2023,36,22.67142857142857,52.1,71.6,1015.7142857142856,4.585714285714286,11.0,10.0,4.0,38.41428571428571,37.357142857142854,62.6,45.2,36,9,5959213,9,2.302585092994046,-0.9350162426854147,-0.3546048870425359,1
Gujranwala,2023,37,22.62857142857143,46.24285714285714,47.8,1015.9857142857144,4.228571428571429,9.0,11.0,10.0,31.37142857142857,38.41428571428571,63.7,62.6,37,9,5959213,18,2.9444389791664403,-0.970941817426052,-0.23931566428755774,1
Gujranwala,2023,38,23.32857142857143,56.628571428571426,54.3,1015.3714285714286,3.628571428571429,18.0,9.0,11.0,22.67142857142857,31.37142857142857,71.6,63.7,38,9,5959213,24,3.218875824868201,-0.992708874098054,-0.12053668025532357,1
Gujranwala,2023,39,22.82857142857143,53.74285714285714,65.6,1014.0857142857144,4.1,24.0,18.0,9.0,22.62857142857143,22.67142857142857,47.8,71.6,39,10,5959213,27,3.332204510175204,-1.0,-1.8369701987210297e-16,1
Gujranwala,2023,40,24.442857142857143,53.82857142857143,6.0,1014.2142857142856,5.1000000000000005,27.0,24.0,18.0,23.32857142857143,22.62857142857143,54.3,47.8,40,10,5959213,49,3.912023005428146,-0.992708874098054,0.1205366802553232,1
Gujranwala,2023,41,25.685714285714287,60.27142857142858,14.0,1015.2142857142856,4.6571428571428575,49.0,27.0,24.0,22.82857142857143,23.32857142857143,65.6,54.3,41,10,5959213,60,4.110873864173311,-0.9709418174260521,0.23931566428755738,1
Gujranwala,2023,42,23.17142857142857,50.1,12.7,1014.8142857142856,4.857142857142857,60.0,49.0,27.0,24.442857142857143,22.82857142857143,6.0,65.6,42,10,5959213,69,4.248495242049359,-0.9350162426854148,0.35460488704253557,1
Gujranwala,2023,43,22.842857142857145,61.17142857142857,28.6,1015.7285714285714,6.0,69.0,60.0,49.0,25.685714285714287,24.442857142857143,14.0,6.0,43,10,5959213,85,4.454347296253507,-0.8854560256532101,0.464723172043768,1
Gujranwala,2023,44,22.857142857142858,39.32857142857143,6.8999999999999995,1015.8571428571428,5.685714285714285,85.0,69.0,60.0,23.17142857142857,25.685714285714287,12.7,14.0,44,11,5959213,73,4.30406509320417,-0.822983865893657,0.5680647467311548,0
Gujranwala,2023,45,21.342857142857145,55.885714285714286,19.5,1013.8714285714286,4.0,73.0,85.0,69.0,22.842857142857145,23.17142857142857,28.6,12.7,45,11,5959213,74,4.31748811353631,-0.7485107481711011,0.6631226582407953,0
Gujranwala,2023,46,22.357142857142858,63.51428571428572,16.8,1014.9571428571428,5.242857142857142,74.0,73.0,85.0,22.857142857142858,22.842857142857145,6.8999999999999995,28.6,46,11,5959213,47,3.871201010907891,-0.6631226582407956,0.7485107481711007,0
Gujranwala,2023,47,23.37142857142857,54.08571428571429,11.5,1017.0,4.514285714285714,47.0,74.0,73.0,21.342857142857145,22.857142857142858,19.5,6.8999999999999995,47,11,5959213,42,3.7612001156935624,-0.5680647467311559,0.8229838658936564,0
Gujranwala,2023,48,19.8,49.128571428571426,21.3,1014.2428571428572,4.171428571428572,42.0,47.0,74.0,22.357142857142858,21.342857142857145,16.8,19.5,48,12,5959213,10,2.3978952727983707,-0.4647231720437684,0.88545602565321,0
Gujranwala,2023,49,16.385714285714286,55.0,11.9,1013.2571428571428,5.985714285714286,10.0,42.0,47.0,23.37142857142857,22.357142857142858,11.5,16.8,49,12,5959213,4,1.6094379124341005,-0.35460488704253595,0.9350162426854147,0
Gujranwala,2023,50,15.214285714285714,46.614285714285714,24.5,1015.7714285714284,6.8999999999999995,4.0,10.0,42.0,19.8,23.37142857142857,21.3,11.5,50,12,5959213,7,2.0794415416798357,-0.2393156642875578,0.970941817426052,0
Gujranwala,2023,51,17.414285714285715,58.4,23.4,1016.3714285714286,4.1,7.0,4.0,10.0,16.385714285714286,19.8,11.9,21.3,51,12,5959213,1,0.6931471805599453,-0.12053668025532363,0.992708874098054,0
Gujranwala,2023,52,17.45,51.825,18.6,1015.8875,5.8125,1.0,7.0,4.0,15.214285714285714,16.385714285714286,24.5,11.9,52,1,5959213,0,0.0,6.432490598706546e-16,1.0,0
Gujranwala,2024,1,17.71111111111111,56.86666666666666,22.8,1014.8555555555556,4.199999999999999,0.0,1.0,7.0,17.414285714285715,15.214285714285714,23.4,24.5,1,1,5959213,0,0.0,0.12053668025532305,0.992708874098054,0
Gujranwala,2024,2,15.12857142857143,58.82857142857143,10.9,1015.2,4.457142857142857,0.0,0.0,1.0,17.45,17.414285714285715,18.6,23.4,2,1,5959213,0,0.0,0.23931566428755774,0.970941817426052,0
Gujranwala,2024,3,16.5,53.98571428571428,8.0,1014.5714285714286,5.042857142857143,0.0,0.0,0.0,17.71111111111111,17.45,22.8,18.6,3,1,5959213,0,0.0,0.3546048870425356,0.9350162426854148,0
Gujranwala,2024,4,16.071428571428573,60.357142857142854,16.9,1014.7142857142856,5.571428571428571,0.0,0.0,0.0,15.12857142857143,17.71111111111111,10.9,22.8,4,1,5959213,0,0.0,0.4647231720437685,0.8854560256532099,0
Gujranwala,2024,5,17.885714285714286,67.48571428571428,12.8,1014.5428571428572,5.357142857142857,0.0,0.0,0.0,16.5,15.12857142857143,8.0,10.9,5,2,5959213,0,0.0,0.5680647467311558,0.8229838658936564,0
Gujranwala,2024,6,17.0,45.528571428571425,19.2,1015.7285714285716,5.285714285714286,0.0,0.0,0.0,16.071428571428573,16.5,16.9,8.0,6,2,5959213,0,0.0,0.6631226582407952,0.7485107481711011,0
Gujranwala,2024,7,17.485714285714288,47.84285714285714,16.2,1015.4571428571428,5.271428571428571,0.0,0.0,0.0,17.885714285714286,16.071428571428573,12.8,16.9,7,2,5959213,0,0.0,0.7485107481711011,0.6631226582407953,0
Gujranwala,2024,8,15.2,58.028571428571425,19.4,1016.2,4.942857142857143,0.0,0.0,0.0,17.0,17.885714285714286,19.2,12.8,8,2,5959213,0,0.0,0.8229838658936564,0.5680647467311558,0
Gujranwala,2024,9,21.6,49.628571428571426,12.4,1016.0857142857144,5.457142857142856,0.0,0.0,0.0,17.485714285714288,17.0,16.2,19.2,9,3,5959213,0,0.0,0.8854560256532098,0.4647231720437686,0
Gujranwala,2024,10,27.614285714285717,62.542857142857144,21.9,1014.0142857142856,5.585714285714286,0.0,0.0,0.0,15.2,17.485714285714288,19.4,16.2,10,3,5959213,0,0.0,0.9350162426854148,0.35460488704253557,0
Gujranwala,2024,11,26.414285714285715,57.95714285714286,10.9,1014.7714285714284,5.257142857142857,0.0,0.0,0.0,21.6,15.2,12.4,19.4,11,3,5959213,0,0.0,0.970941817426052,0.23931566428755804,0
Gujranwala,2024,12,26.357142857142858,60.0,18.6,1014.9,4.257142857142857,0.0,0.0,0.0,27.614285714285717,21.6,21.9,12.4,12,3,5959213,0,0.0,0.992708874098054,0.120536680255323,0
Gujranwala,2024,13,27.271428571428572,53.042857142857144,4.699999999999999,1015.2714285714284,4.2,0.0,0.0,0.0,26.414285714285715,27.614285714285717,10.9,21.9,13,3,5959213,0,0.0,1.0,-1.6081226496766366e-16,0
Gujranwala,2024,14,26.842857142857145,59.642857142857146,21.3,1017.8285714285714,5.685714285714285,0.0,0.0,0.0,26.357142857142858,26.414285714285715,18.6,10.9,14,4,5959213,0,0.0,0.992708874098054,-0.12053668025532288,0
Gujranwala,2024,15,27.957142857142856,54.31428571428571,10.5,1016.8,4.6571428571428575,0.0,0.0,0.0,27.271428571428572,26.357142857142858,4.699999999999999,18.6,15,4,5959213,0,0.0,0.9709418174260521,-0.2393156642875575,0
Gujranwala,2024,16,27.814285714285713,67.47142857142858,9.8,1016.0857142857144,4.8999999999999995,0.0,0.0,0.0,26.842857142857145,27.271428571428572,21.3,4.699999999999999,16,4,5959213,0,0.0,0.9350162426854148,-0.35460488704253545,0
Gujranwala,2024,17,24.157142857142855,57.642857142857146,25.0,1015.0714285714286,4.142857142857143,0.0,0.0,0.0,27.957142857142856,26.842857142857145,10.5,21.3,17,4,5959213,0,0.0,0.8854560256532099,-0.4647231720437685,0
Gujranwala,2024,18,25.442857142857143,53.84285714285714,14.2,1016.3,4.585714285714286,0.0,0.0,0.0,27.814285714285713,27.957142857142856,9.8,10.5,18,5,5959213,0,0.0,0.8229838658936565,-0.5680647467311557,0
Gujranwala,2024,19,27.82857142857143,55.028571428571425,27.4,1013.6428571428572,5.328571428571428,0.0,0.0,0.0,24.157142857142855,27.814285714285713,25.0,9.8,19,5,5959213,0,0.0,0.7485107481711013,-0.6631226582407951,0
Gujranwala,2024,20,25.82857142857143,55.614285714285714,16.2,1013.1857142857144,4.728571428571429,0.0,0.0,0.0,25.442857142857143,24.157142857142855,14.2,25.0,20,5,5959213,0,0.0,0.6631226582407952,-0.7485107481711012,0
Gujranwala,2024,21,28.314285714285713,57.55714285714286,20.9,1016.1,4.285714285714286,0.0,0.0,0.0,27.82857142857143,25.442857142857143,27.4,14.2,21,5,5959213,1,0.6931471805599453,0.5680647467311558,-0.8229838658936564,0
Gujranwala,2024,22,31.52857142857143,60.22857142857142,17.0,1016.9571428571428,3.8285714285714287,1.0,0.0,0.0,25.82857142857143,27.82857142857143,16.2,27.4,22,6,5959213,0,0.0,0.46472317204376906,-0.8854560256532096,0
Gujranwala,2024,23,38.028571428571425,54.271428571428565,21.8,1014.9,4.957142857142857,0.0,1.0,0.0,28.314285714285713,25.82857142857143,20.9,16.2,23,6,5959213,2,1.0986122886681098,0.35460488704253584,-0.9350162426854147,0
Gujranwala,2024,24,37.3,48.714285714285715,12.9,1015.4714285714286,4.371428571428572,2.0,0.0,1.0,31.52857142857143,28.314285714285713,17.0,20.9,24,6,5959213,0,0.0,0.23931566428755768,-0.970941817426052,0
Gujranwala,2024,25,37.01428571428572,52.9,17.6,1015.8,5.957142857142857,0.0,2.0,0.0,38.028571428571425,31.52857142857143,21.8,17.0,25,6,5959213,1,0.6931471805599453,0.12053668025532308,-0.992708874098054,0
Gujranwala,2024,26,38.857142857142854,54.214285714285715,13.7,1012.8714285714284,4.885714285714286,1.0,0.0,2.0,37.3,38.028571428571425,12.9,21.8,26,6,5959213,0,0.0,-3.216245299353273e-16,-1.0,0
Gujranwala,2024,27,38.371428571428574,62.07142857142857,65.0,1014.5,4.985714285714286,0.0,1.0,0.0,37.01428571428572,37.3,17.6,12.9,27,7,5959213,0,0.0,-0.12053668025532283,-0.992708874098054,1
Gujranwala,2024,28,37.81428571428571,53.55714285714286,46.900000000000006,1015.9428571428572,5.514285714285714,0.0,0.0,1.0,38.857142857142854,37.01428571428572,13.7,17.6,28,7,5959213,0,0.0,-0.23931566428755743,-0.9709418174260521,1
Gujranwala,2024,29,38.25714285714286,53.42857142857143,67.3,1015.5428571428572,4.857142857142857,0.0,0.0,0.0,38.371428571428574,38.857142857142854,65.0,13.7,29,7,5959213,0,0.0,-0.3546048870425356,-0.9350162426854148,1
Gujranwala,2024,30,38.957142857142856,55.75714285714286,46.6,1016.7571428571428,5.428571428571429,0.0,0.0,0.0,37.81428571428571,38.371428571428574,46.900000000000006,65.0,30,7,5959213,0,0.0,-0.46472317204376806,-0.8854560256532101,1
Gujranwala,2024,31,38.92857142857143,59.6,108.9,1017.1714285714286,3.914285714285714,0.0,0.0,0.0,38.25714285714286,37.81428571428571,67.3,46.900000000000006,31,8,5959213,0,0.0,-0.5680647467311556,-0.8229838658936565,1
Gujranwala,2024,32,38.32857142857143,59.68571428571429,27.6,1016.3,4.785714285714286,0.0,0.0,0.0,38.957142857142856,38.25714285714286,46.6,67.3,32,8,5959213,1,0.6931471805599453,-0.663122658240795,-0.7485107481711013,1
Gujranwala,2024,33,38.08571428571429,47.028571428571425,30.6,1016.3285714285714,5.3,1.0,0.0,0.0,38.92857142857143,38.957142857142856,108.9,46.6,33,8,5959213,1,0.6931471805599453,-0.7485107481711011,-0.6631226582407952,1
Gujranwala,2024,34,35.44285714285714,50.67142857142857,62.3,1016.8571428571428,4.8,1.0,1.0,0.0,38.32857142857143,38.92857142857143,27.6,108.9,34,8,5959213,1,0.6931471805599453,-0.8229838658936564,-0.5680647467311559,1
Gujranwala,2024,35,36.74285714285714,48.271428571428565,33.6,1016.2142857142856,4.257142857142857,1.0,1.0,1.0,38.08571428571429,38.32857142857143,30.6,27.6,35,9,5959213,2,1.0986122886681098,-0.8854560256532096,-0.4647231720437691,1
Gujranwala,2024,36,25.4,58.8,39.7,1015.5285714285714,5.114285714285714,2.0,1.0,1.0,35.44285714285714,38.08571428571429,62.3,30.6,36,9,5959213,0,0.0,-0.9350162426854147,-0.3546048870425359,1
Gujranwala,2024,37,24.12857142857143,47.028571428571425,52.2,1016.157142857143,4.285714285714286,0.0,2.0,1.0,36.74285714285714,35.44285714285714,33.6,62.3,37,9,5959213,4,1.6094379124341005,-0.970941817426052,-0.23931566428755774,1
Gujranwala,2024,38,23.814285714285713,63.285714285714285,23.9,1015.7714285714284,4.785714285714286,4.0,0.0,2.0,25.4,36.74285714285714,39.7,33.6,38,9,5959213,3,1.3862943611198906,-0.992708874098054,-0.12053668025532357,1
Gujranwala,2024,39,23.714285714285715,52.128571428571426,93.2,1014.6714285714286,4.6571428571428575,3.0,4.0,0.0,24.12857142857143,25.4,52.2,39.7,39,9,5959213,3,1.3862943611198906,-1.0,-1.8369701987210297e-16,1
Gujranwala,2024,40,22.842857142857145,53.2,22.1,1014.4857142857144,5.285714285714286,3.0,3.0,4.0,23.814285714285713,24.12857142857143,23.9,52.2,40,10,5959213,4,1.6094379124341005,-0.992708874098054,0.1205366802553232,1
Gujranwala,2024,41,24.357142857142858,51.98571428571428,23.0,1015.5571428571428,4.5285714285714285,4.0,3.0,3.0,23.714285714285715,23.814285714285713,93.2,23.9,41,10,5959213,3,1.3862943611198906,-0.9709418174260521,0.23931566428755738,1
Gujranwala,2024,42,24.4,53.714285714285715,28.0,1015.6142857142858,5.885714285714286,3.0,4.0,3.0,22.842857142857145,23.714285714285715,22.1,93.2,42,10,5959213,4,1.6094379124341005,-0.9350162426854148,0.35460488704253557,1
Gujranwala,2024,43,22.585714285714285,48.714285714285715,10.9,1018.1,4.785714285714286,4.0,3.0,4.0,24.357142857142858,22.842857142857145,23.0,22.1,43,10,5959213,1,0.6931471805599453,-0.8854560256532101,0.464723172043768,1
Gujranwala,2024,44,23.357142857142858,53.971428571428575,18.4,1014.5,5.285714285714286,1.0,4.0,3.0,24.4,24.357142857142858,28.0,23.0,44,11,5959213,1,0.6931471805599453,-0.822983865893657,0.5680647467311548,0
Gujranwala,2024,45,23.67142857142857,58.65714285714286,12.0,1015.2857142857144,4.085714285714286,1.0,1.0,4.0,22.585714285714285,24.4,10.9,28.0,45,11,5959213,5,1.791759469228055,-0.7485107481711011,0.6631226582407953,0
Gujranwala,2024,46,25.4,57.8,25.1,1015.3142857142856,4.5285714285714285,5.0,1.0,1.0,23.357142857142858,22.585714285714285,18.4,10.9,46,11,5959213,5,1.791759469228055,-0.6631226582407956,0.7485107481711007,0
Gujranwala,2024,47,23.2,46.68571428571429,11.3,1014.8571428571428,5.914285714285714,5.0,5.0,1.0,23.67142857142857,23.357142857142858,12.0,18.4,47,11,5959213,3,1.3862943611198906,-0.5680647467311559,0.8229838658936564,0
Gujranwala,2024,48,22.114285714285717,47.24285714285714,26.799999999999997,1015.7428571428572,3.9857142857142858,3.0,5.0,5.0,25.4,23.67142857142857,25.1,12.0,48,12,5959213,2,1.0986122886681098,-0.4647231720437684,0.88545602565321,0
Gujranwala,2024,49,15.314285714285717,46.885714285714286,24.7,1015.4428571428572,5.528571428571429,2.0,3.0,5.0,23.2,25.4,11.3,25.1,49,12,5959213,2,1.0986122886681098,-0.35460488704253595,0.9350162426854147,0
Gujranwala,2024,50,16.0,64.75714285714285,12.5,1012.6428571428572,4.242857142857143,2.0,2.0,3.0,22.114285714285717,23.2,26.799999999999997,11.3,50,12,5959213,0,0.0,-0.2393156642875578,0.970941817426052,0
Gujranwala,2024,51,17.67142857142857,55.785714285714285,25.5,1016.2714285714284,4.1571428571428575,0.0,2.0,2.0,15.314285714285717,22.114285714285717,24.7,26.799999999999997,51,12,5959213,0,0.0,-0.12053668025532363,0.992708874098054,0
Gujranwala,2024,52,15.342857142857142,54.67142857142857,17.1,1014.842857142857,6.257142857142857,0.0,0.0,2.0,16.0,15.314285714285717,12.5,24.7,52,12,5959213,0,0.0,6.432490598706546e-16,1.0,0
Islamabad,2013,4,12.985714285714286,66.02857142857144,32.6,1017.3857142857142,4.414285714285714,0.0,0.0,0.0,12.05714285714286,10.6625,23.2,37.5,4,1,2363593,0,0.0,0.4647231720437685,0.8854560256532099,0
Islamabad,2013,5,11.242857142857144,60.214285714285715,33.4,1013.0,5.385714285714286,0.0,0.0,0.0,12.514285714285714,12.05714285714286,16.2,23.2,5,2,2363593,0,0.0,0.5680647467311558,0.8229838658936564,0
Islamabad,2013,6,10.757142857142856,66.58571428571429,22.3,1012.2142857142856,4.642857142857143,0.0,0.0,0.0,12.985714285714286,12.514285714285714,32.6,16.2,6,2,2363593,0,0.0,0.6631226582407952,0.7485107481711011,0
Islamabad,2013,7,10.44285714285714,65.81428571428572,33.8,1015.2,6.028571428571429,0.0,0.0,0.0,11.242857142857144,12.985714285714286,33.4,32.6,7,2,2363593,0,0.0,0.7485107481711011,0.6631226582407953,0
Islamabad,2013,8,12.257142857142856,70.02857142857142,29.0,1014.0857142857144,5.185714285714285,0.0,0.0,0.0,10.757142857142856,11.242857142857144,22.3,33.4,8,2,2363593,0,0.0,0.8229838658936564,0.5680647467311558,0
Islamabad,2013,9,15.385714285714286,57.42857142857143,22.8,1016.0,4.857142857142857,0.0,0.0,0.0,10.44285714285714,10.757142857142856,33.8,22.3,9,3,2363593,0,0.0,0.8854560256532098,0.4647231720437686,0
Islamabad,2013,10,20.62857142857143,66.94285714285715,22.7,1015.5857142857144,5.8,0.0,0.0,0.0,12.257142857142856,10.44285714285714,29.0,33.8,10,3,2363593,0,0.0,0.9350162426854148,0.35460488704253557,0
Islamabad,2013,11,23.771428571428572,66.02857142857144,30.8,1014.7285714285716,4.7,0.0,0.0,0.0,15.385714285714286,12.257142857142856,22.8,29.0,11,3,2363593,0,0.0,0.970941817426052,0.23931566428755804,0
Islamabad,2013,12,24.014285714285712,63.142857142857146,18.7,1014.2428571428572,5.128571428571428,0.0,0.0,0.0,20.62857142857143,15.385714285714286,22.7,22.8,12,3,2363593,0,0.0,0.992708874098054,0.120536680255323,0
Islamabad,2013,13,24.842857142857145,67.38571428571429,29.4,1016.4285714285714,4.371428571428572,0.0,0.0,0.0,23.771428571428572,20.62857142857143,30.8,22.7,13,3,2363593,0,0.0,1.0,-1.6081226496766366e-16,0
Islamabad,2013,14,23.228571428571428,66.01428571428572,31.4,1016.7428571428572,6.071428571428571,0.0,0.0,0.0,24.014285714285712,23.771428571428572,18.7,30.8,14,4,2363593,0,0.0,0.992708874098054,-0.12053668025532288,0
Islamabad,2013,15,21.2,63.55714285714286,31.9,1015.5714285714286,6.228571428571429,0.0,0.0,0.0,24.842857142857145,24.014285714285712,29.4,18.7,15,4,2363593,0,0.0,0.9709418174260521,-0.2393156642875575,0
Islamabad,2013,16,23.442857142857143,72.24285714285715,25.4,1015.3714285714286,4.8428571428571425,0.0,0.0,0.0,23.228571428571428,24.842857142857145,31.4,29.4,16,4,2363593,0,0.0,0.9350162426854148,-0.35460488704253545,0
Islamabad,2013,17,23.014285714285712,58.92857142857143,38.4,1015.2285714285716,5.571428571428571,0.0,0.0,0.0,21.2,23.228571428571428,31.9,31.4,17,4,2363593,0,0.0,0.8854560256532099,-0.4647231720437685,0
Islamabad,2013,18,24.571428571428573,47.41428571428571,28.6,1014.6857142857144,5.471428571428572,0.0,0.0,0.0,23.442857142857143,21.2,25.4,31.9,18,5,2363593,0,0.0,0.8229838658936565,-0.5680647467311557,0
Islamabad,2013,19,23.814285714285713,65.10000000000001,38.2,1013.6857142857144,4.485714285714286,0.0,0.0,0.0,23.014285714285712,23.442857142857143,38.4,25.4,19,5,2363593,0,0.0,0.7485107481711013,-0.6631226582407951,0
Islamabad,2013,20,23.4,65.67142857142856,28.1,1015.5428571428572,4.614285714285714,0.0,0.0,0.0,24.571428571428573,23.014285714285712,28.6,38.4,20,5,2363593,0,0.0,0.6631226582407952,-0.7485107481711012,0
Islamabad,2013,21,23.385714285714283,58.2,27.9,1015.2428571428572,5.857142857142857,0.0,0.0,0.0,23.814285714285713,24.571428571428573,38.2,28.6,21,5,2363593,0,0.0,0.5680647467311558,-0.8229838658936564,0
Islamabad,2013,22,24.557142857142857,70.81428571428572,20.4,1016.1285714285714,5.057142857142857,0.0,0.0,0.0,23.4,23.814285714285713,28.1,38.2,22,6,2363593,0,0.0,0.46472317204376906,-0.8854560256532096,0
Islamabad,2013,23,33.22857142857143,67.44285714285715,39.3,1014.6428571428572,5.414285714285714,0.0,0.0,0.0,23.385714285714283,23.4,27.9,28.1,23,6,2363593,0,0.0,0.35460488704253584,-0.9350162426854147,0
Islamabad,2013,24,34.65714285714286,63.4,42.7,1016.7142857142856,3.914285714285714,0.0,0.0,0.0,24.557142857142857,23.385714285714283,20.4,27.9,24,6,2363593,0,0.0,0.23931566428755768,-0.970941817426052,0
Islamabad,2013,25,32.885714285714286,74.91428571428571,42.0,1014.3285714285714,4.185714285714286,0.0,0.0,0.0,33.22857142857143,24.557142857142857,39.3,20.4,25,6,2363593,0,0.0,0.12053668025532308,-0.992708874098054,0
Islamabad,2013,26,34.51428571428571,67.34285714285714,30.0,1013.7714285714284,4.042857142857143,0.0,0.0,0.0,34.65714285714286,33.22857142857143,42.7,39.3,26,6,2363593,0,0.0,-3.216245299353273e-16,-1.0,0
Islamabad,2013,27,32.48571428571429,63.728571428571435,70.4,1017.342857142857,5.757142857142857,0.0,0.0,0.0,32.885714285714286,34.65714285714286,42.0,42.7,27,7,2363593,0,0.0,-0.12053668025532283,-0.992708874098054,1
Islamabad,2013,28,35.042857142857144,68.47142857142858,37.8,1013.0571428571428,3.971428571428571,0.0,0.0,0.0,34.51428571428571,32.885714285714286,30.0,42.0,28,7,2363593,0,0.0,-0.23931566428755743,-0.9709418174260521,1
Islamabad,2013,29,32.628571428571426,57.714285714285715,86.7,1015.0142857142856,4.8428571428571425,0.0,0.0,0.0,32.48571428571429,34.51428571428571,70.4,30.0,29,7,2363593,0,0.0,-0.3546048870425356,-0.9350162426854148,1
Islamabad,2013,30,34.92857142857143,64.55714285714285,45.7,1015.6428571428572,5.457142857142856,0.0,0.0,0.0,35.042857142857144,32.48571428571429,37.8,70.4,30,7,2363593,0,0.0,-0.46472317204376806,-0.8854560256532101,1
Islamabad,2013,31,33.31428571428572,63.471428571428575,68.6,1015.1142857142858,5.3428571428571425,0.0,0.0,0.0,32.628571428571426,35.042857142857144,86.7,37.8,31,8,2363593,0,0.0,-0.5680647467311556,-0.8229838658936565,1
Islamabad,2013,32,33.857142857142854,62.65714285714286,85.0,1017.6714285714286,4.314285714285714,0.0,0.0,0.0,34.92857142857143,32.628571428571426,45.7,86.7,32,8,2363593,0,0.0,-0.663122658240795,-0.7485107481711013,1
Islamabad,2013,33,33.55714285714286,60.871428571428574,63.3,1015.7571428571428,4.714285714285714,0.0,0.0,0.0,33.31428571428572,34.92857142857143,68.6,45.7,33,8,2363593,0,0.0,-0.7485107481711011,-0.6631226582407952,1
Islamabad,2013,34,34.371428571428574,61.957142857142856,57.8,1015.9142857142856,4.571428571428571,0.0,0.0,0.0,33.857142857142854,33.31428571428572,85.0,68.6,34,8,2363593,0,0.0,-0.8229838658936564,-0.5680647467311559,1
Islamabad,2013,35,30.74285714285714,66.78571428571429,73.89999999999999,1016.0571428571428,6.1000000000000005,0.0,0.0,0.0,33.55714285714286,33.857142857142854,63.3,85.0,35,9,2363593,0,0.0,-0.8854560256532096,-0.4647231720437691,1
Islamabad,2013,36,19.25714285714286,56.385714285714286,89.5,1014.1714285714286,5.442857142857143,0.0,0.0,0.0,34.371428571428574,33.55714285714286,57.8,63.3,36,9,2363593,0,0.0,-0.9350162426854147,-0.3546048870425359,1
Islamabad,2013,37,19.557142857142857,57.042857142857144,90.6,1015.157142857143,5.228571428571429,0.0,0.0,0.0,30.74285714285714,34.371428571428574,73.89999999999999,57.8,37,9,2363593,0,0.0,-0.970941817426052,-0.23931566428755774,1
Islamabad,2013,38,19.985714285714288,63.42857142857143,70.1,1014.342857142857,5.328571428571428,0.0,0.0,0.0,19.25714285714286,30.74285714285714,89.5,73.89999999999999,38,9,2363593,0,0.0,-0.992708874098054,-0.12053668025532357,1
Islamabad,2013,39,19.17142857142857,60.65714285714286,53.7,1016.4285714285714,5.2,0.0,0.0,0.0,19.557142857142857,19.25714285714286,90.6,89.5,39,9,2363593,0,0.0,-1.0,-1.8369701987210297e-16,1
Islamabad,2013,40,19.685714285714287,68.57142857142857,45.1,1015.8,4.514285714285714,0.0,0.0,0.0,19.985714285714288,19.557142857142857,70.1,90.6,40,10,2363593,0,0.0,-0.992708874098054,0.1205366802553232,1
Islamabad,2013,41,18.442857142857143,59.871428571428574,18.9,1014.6714285714286,4.985714285714286,0.0,0.0,0.0,19.17142857142857,19.985714285714288,53.7,70.1,41,10,2363593,0,0.0,-0.9709418174260521,0.23931566428755738,1
Islamabad,2013,42,18.942857142857143,71.2,17.3,1014.9,6.528571428571429,0.0,0.0,0.0,19.685714285714287,19.17142857142857,45.1,53.7,42,10,2363593,0,0.0,-0.9350162426854148,0.35460488704253557,1
Islamabad,2013,43,18.214285714285715,68.9,16.8,1014.9428571428572,4.885714285714286,0.0,0.0,0.0,18.442857142857143,19.685714285714287,18.9,45.1,43,10,2363593,0,0.0,-0.8854560256532101,0.464723172043768,1
Islamabad,2013,44,18.5,66.1,44.8,1016.0142857142856,5.314285714285715,0.0,0.0,0.0,18.942857142857143,18.442857142857143,17.3,18.9,44,11,2363593,0,0.0,-0.822983865893657,0.5680647467311548,0
Islamabad,2013,45,20.014285714285712,65.94285714285714,18.6,1014.9714285714286,4.828571428571428,0.0,0.0,0.0,18.214285714285715,18.942857142857143,16.8,17.3,45,11,2363593,0,0.0,-0.7485107481711011,0.6631226582407953,0
Islamabad,2013,46,19.5,67.64285714285714,23.700000000000003,1014.9714285714286,5.3428571428571425,0.0,0.0,0.0,18.5,18.214285714285715,44.8,16.8,46,11,2363593,0,0.0,-0.6631226582407956,0.7485107481711007,0
Islamabad,2013,47,19.585714285714285,60.857142857142854,11.0,1014.6714285714286,5.128571428571428,0.0,0.0,0.0,20.014285714285712,18.5,18.6,44.8,47,11,2363593,0,0.0,-0.5680647467311559,0.8229838658936564,0
Islamabad,2013,48,17.614285714285714,64.32857142857144,16.9,1013.4571428571428,4.628571428571428,0.0,0.0,0.0,19.5,20.014285714285712,23.700000000000003,18.6,48,12,2363593,0,0.0,-0.4647231720437684,0.88545602565321,0
Islamabad,2013,49,12.0,76.34285714285714,27.3,1015.3571428571428,4.571428571428571,0.0,0.0,0.0,19.585714285714285,19.5,11.0,23.700000000000003,49,12,2363593,0,0.0,-0.35460488704253595,0.9350162426854147,0
Islamabad,2013,50,9.55714285714286,70.65714285714286,18.5,1015.1428571428572,4.414285714285714,0.0,0.0,0.0,17.614285714285714,19.585714285714285,16.9,11.0,50,12,2363593,0,0.0,-0.2393156642875578,0.970941817426052,0
Islamabad,2013,51,10.642857142857142,63.8,29.8,1015.4,4.928571428571429,0.0,0.0,0.0,12.0,17.614285714285714,27.3,16.9,51,12,2363593,0,0.0,-0.12053668025532363,0.992708874098054,0
Islamabad,2013,52,12.0,58.24285714285714,32.6,1014.8714285714286,4.8999999999999995,0.0,0.0,0.0,9.55714285714286,12.0,18.5,27.3,52,12,2363593,0,0.0,6.432490598706546e-16,1.0,0
Islamabad,2014,1,10.875,60.5625,40.2,1015.625,4.5875,0.0,0.0,0.0,10.642857142857142,9.55714285714286,29.8,18.5,1,1,2363593,0,0.0,0.12053668025532305,0.992708874098054,0
Islamabad,2014,2,13.157142857142857,63.24285714285714,8.7,1015.1,5.442857142857143,0.0,0.0,0.0,12.0,10.642857142857142,32.6,29.8,2,1,2363593,0,0.0,0.23931566428755774,0.970941817426052,0
Islamabad,2014,3,10.585714285714284,72.17142857142856,19.1,1015.7714285714284,4.271428571428571,0.0,0.0,0.0,10.875,12.0,40.2,32.6,3,1,2363593,0,0.0,0.3546048870425356,0.9350162426854148,0
Islamabad,2014,4,10.37142857142857,66.28571428571429,28.9,1014.9714285714286,5.414285714285714,0.0,0.0,0.0,13.157142857142857,10.875,8.7,40.2,4,1,2363593,0,0.0,0.4647231720437685,0.8854560256532099,0
Islamabad,2014,5,12.6,54.542857142857144,17.9,1016.4142857142856,4.985714285714287,0.0,0.0,0.0,10.585714285714284,13.157142857142857,19.1,8.7,5,2,2363593,0,0.0,0.5680647467311558,0.8229838658936564,0
Islamabad,2014,6,11.87142857142857,60.94285714285714,29.0,1013.8142857142856,5.071428571428571,0.0,0.0,0.0,10.37142857142857,10.585714285714284,28.9,19.1,6,2,2363593,0,0.0,0.6631226582407952,0.7485107481711011,0
Islamabad,2014,7,12.0,60.542857142857144,32.3,1014.6142857142858,5.885714285714286,0.0,0.0,0.0,12.6,10.37142857142857,17.9,28.9,7,2,2363593,0,0.0,0.7485107481711011,0.6631226582407953,0
Islamabad,2014,8,10.085714285714284,54.6,47.9,1015.5285714285714,4.585714285714286,0.0,0.0,0.0,11.87142857142857,12.6,29.0,17.9,8,2,2363593,0,0.0,0.8229838658936564,0.5680647467311558,0
Islamabad,2014,9,13.957142857142856,55.42857142857143,36.0,1015.4857142857144,5.928571428571429,0.0,0.0,0.0,12.0,11.87142857142857,32.3,29.0,9,3,2363593,0,0.0,0.8854560256532098,0.4647231720437686,0
Islamabad,2014,10,21.414285714285715,62.357142857142854,13.4,1014.842857142857,5.242857142857143,0.0,0.0,0.0,10.085714285714284,12.0,47.9,32.3,10,3,2363593,0,0.0,0.9350162426854148,0.35460488704253557,0
Islamabad,2014,11,24.87142857142857,67.2,26.1,1016.7857142857144,5.171428571428572,0.0,0.0,0.0,13.957142857142856,10.085714285714284,36.0,47.9,11,3,2363593,0,0.0,0.970941817426052,0.23931566428755804,0
Islamabad,2014,12,21.285714285714285,69.78571428571429,23.3,1015.1428571428572,5.428571428571429,0.0,0.0,0.0,21.414285714285715,13.957142857142856,13.4,36.0,12,3,2363593,0,0.0,0.992708874098054,0.120536680255323,0
Islamabad,2014,13,24.5,67.92857142857143,17.9,1015.3142857142856,4.214285714285714,0.0,0.0,0.0,24.87142857142857,21.414285714285715,26.1,13.4,13,3,2363593,0,0.0,1.0,-1.6081226496766366e-16,0
Islamabad,2014,14,22.285714285714285,51.642857142857146,26.0,1015.3857142857142,3.314285714285714,0.0,0.0,0.0,21.285714285714285,24.87142857142857,23.3,26.1,14,4,2363593,0,0.0,0.992708874098054,-0.12053668025532288,0
Islamabad,2014,15,21.157142857142855,65.12857142857142,21.2,1013.6714285714286,4.971428571428571,0.0,0.0,0.0,24.5,21.285714285714285,17.9,23.3,15,4,2363593,0,0.0,0.9709418174260521,-0.2393156642875575,0
Islamabad,2014,16,21.642857142857142,66.44285714285715,33.2,1014.6285714285714,7.014285714285714,0.0,0.0,0.0,22.285714285714285,24.5,26.0,17.9,16,4,2363593,0,0.0,0.9350162426854148,-0.35460488704253545,0
Islamabad,2014,17,23.32857142857143,54.857142857142854,25.5,1015.842857142857,3.628571428571429,0.0,0.0,0.0,21.157142857142855,22.285714285714285,21.2,26.0,17,4,2363593,0,0.0,0.8854560256532099,-0.4647231720437685,0
Islamabad,2014,18,24.0,61.971428571428575,36.5,1017.2,5.585714285714286,0.0,0.0,0.0,21.642857142857142,21.157142857142855,33.2,21.2,18,5,2363593,0,0.0,0.8229838658936565,-0.5680647467311557,0
Islamabad,2014,19,24.9,54.17142857142857,25.8,1015.9142857142856,4.7,0.0,0.0,0.0,23.32857142857143,21.642857142857142,25.5,33.2,19,5,2363593,0,0.0,0.7485107481711013,-0.6631226582407951,0
Islamabad,2014,20,20.157142857142855,62.1,24.7,1013.8,4.514285714285714,0.0,0.0,0.0,24.0,23.32857142857143,36.5,25.5,20,5,2363593,0,0.0,0.6631226582407952,-0.7485107481711012,0
Islamabad,2014,21,23.82857142857143,65.44285714285715,25.2,1013.3285714285714,5.228571428571429,0.0,0.0,0.0,24.9,24.0,25.8,36.5,21,5,2363593,0,0.0,0.5680647467311558,-0.8229838658936564,0
Islamabad,2014,22,21.7,61.32857142857143,34.5,1016.2428571428572,5.257142857142857,0.0,0.0,0.0,20.157142857142855,24.9,24.7,25.8,22,6,2363593,0,0.0,0.46472317204376906,-0.8854560256532096,0
Islamabad,2014,23,34.785714285714285,60.8,23.9,1015.1428571428572,5.414285714285714,0.0,0.0,0.0,23.82857142857143,20.157142857142855,25.2,24.7,23,6,2363593,0,0.0,0.35460488704253584,-0.9350162426854147,0
Islamabad,2014,24,34.357142857142854,59.228571428571435,34.8,1014.842857142857,5.3428571428571425,0.0,0.0,0.0,21.7,23.82857142857143,34.5,25.2,24,6,2363593,0,0.0,0.23931566428755768,-0.970941817426052,0
Islamabad,2014,25,35.81428571428571,62.214285714285715,19.3,1015.3142857142856,4.6571428571428575,0.0,0.0,0.0,34.785714285714285,21.7,23.9,34.5,25,6,2363593,0,0.0,0.12053668025532308,-0.992708874098054,0
Islamabad,2014,26,34.74285714285714,66.5,28.6,1015.1285714285714,5.028571428571429,0.0,0.0,0.0,34.357142857142854,34.785714285714285,34.8,23.9,26,6,2363593,0,0.0,-3.216245299353273e-16,-1.0,0
Islamabad,2014,27,34.7,66.32857142857144,31.5,1014.657142857143,5.357142857142857,0.0,0.0,0.0,35.81428571428571,34.357142857142854,19.3,34.8,27,7,2363593,0,0.0,-0.12053668025532283,-0.992708874098054,1
Islamabad,2014,28,34.957142857142856,57.771428571428565,68.5,1016.6714285714286,6.128571428571428,0.0,0.0,0.0,34.74285714285714,35.81428571428571,28.6,19.3,28,7,2363593,0,0.0,-0.23931566428755743,-0.9709418174260521,1
Islamabad,2014,29,34.15714285714286,63.11428571428571,100.4,1015.5571428571428,4.628571428571428,0.0,0.0,0.0,34.7,34.74285714285714,31.5,28.6,29,7,2363593,0,0.0,-0.3546048870425356,-0.9350162426854148,1
Islamabad,2014,30,34.48571428571429,65.68571428571428,96.1,1014.3285714285714,5.585714285714286,0.0,0.0,0.0,34.957142857142856,34.7,68.5,31.5,30,7,2363593,0,0.0,-0.46472317204376806,-0.8854560256532101,1
Islamabad,2014,31,35.77142857142857,57.528571428571425,40.8,1015.8714285714286,5.514285714285714,0.0,0.0,0.0,34.15714285714286,34.957142857142856,100.4,68.5,31,8,2363593,0,0.0,-0.5680647467311556,-0.8229838658936565,1
Islamabad,2014,32,34.27142857142857,69.68571428571428,79.1,1015.7,5.014285714285714,0.0,0.0,0.0,34.48571428571429,34.15714285714286,96.1,100.4,32,8,2363593,0,0.0,-0.663122658240795,-0.7485107481711013,1
Islamabad,2014,33,33.82857142857143,67.17142857142856,60.7,1014.1,5.328571428571428,0.0,0.0,0.0,35.77142857142857,34.48571428571429,40.8,96.1,33,8,2363593,0,0.0,-0.7485107481711011,-0.6631226582407952,1
Islamabad,2014,34,33.31428571428571,61.05714285714286,80.8,1013.6,5.3,0.0,0.0,0.0,34.27142857142857,35.77142857142857,79.1,40.8,34,8,2363593,0,0.0,-0.8229838658936564,-0.5680647467311559,1
Islamabad,2014,35,35.08571428571428,56.7,57.2,1014.8857142857142,5.3428571428571425,0.0,0.0,0.0,33.82857142857143,34.27142857142857,60.7,79.1,35,8,2363593,0,0.0,-0.8854560256532096,-0.4647231720437691,1
Islamabad,2014,36,17.3,70.07142857142857,43.7,1016.4,5.057142857142857,0.0,0.0,0.0,33.31428571428571,33.82857142857143,80.8,60.7,36,9,2363593,0,0.0,-0.9350162426854147,-0.3546048870425359,1
Islamabad,2014,37,21.0,59.371428571428574,126.3,1014.3285714285714,6.685714285714285,0.0,0.0,0.0,35.08571428571428,33.31428571428571,57.2,80.8,37,9,2363593,0,0.0,-0.970941817426052,-0.23931566428755774,1
Islamabad,2014,38,20.428571428571427,72.11428571428571,78.3,1013.9,4.685714285714285,0.0,0.0,0.0,17.3,35.08571428571428,43.7,57.2,38,9,2363593,0,0.0,-0.992708874098054,-0.12053668025532357,1
Islamabad,2014,39,18.942857142857143,57.9,79.0,1015.6285714285714,5.2,0.0,0.0,0.0,21.0,17.3,126.3,43.7,39,9,2363593,0,0.0,-1.0,-1.8369701987210297e-16,1
Islamabad,2014,40,19.52857142857143,57.01428571428572,19.1,1014.9428571428572,6.357142857142857,0.0,0.0,0.0,20.428571428571427,21.0,78.3,126.3,40,10,2363593,0,0.0,-0.992708874098054,0.1205366802553232,1
Islamabad,2014,41,21.157142857142855,57.785714285714285,30.8,1014.9857142857144,4.8999999999999995,0.0,0.0,0.0,18.942857142857143,20.428571428571427,79.0,78.3,41,10,2363593,0,0.0,-0.9709418174260521,0.23931566428755738,1
Islamabad,2014,42,18.257142857142856,59.84285714285714,27.7,1014.5857142857144,5.7,0.0,0.0,0.0,19.52857142857143,18.942857142857143,19.1,79.0,42,10,2363593,0,0.0,-0.9350162426854148,0.35460488704253557,1
Islamabad,2014,43,17.657142857142855,59.371428571428574,32.3,1016.6142857142858,6.428571428571429,0.0,0.0,0.0,21.157142857142855,19.52857142857143,30.8,19.1,43,10,2363593,1,0.6931471805599453,-0.8854560256532101,0.464723172043768,1
Islamabad,2014,44,20.414285714285715,62.18571428571429,26.7,1016.842857142857,5.371428571428572,1.0,0.0,0.0,18.257142857142856,21.157142857142855,27.7,30.8,44,11,2363593,0,0.0,-0.822983865893657,0.5680647467311548,0
Islamabad,2014,45,19.642857142857142,66.4,29.1,1013.9714285714286,6.457142857142857,0.0,1.0,0.0,17.657142857142855,18.257142857142856,32.3,27.7,45,11,2363593,0,0.0,-0.7485107481711011,0.6631226582407953,0
Islamabad,2014,46,19.057142857142857,63.385714285714286,33.7,1014.1,5.1571428571428575,0.0,0.0,1.0,20.414285714285715,17.657142857142855,26.7,32.3,46,11,2363593,0,0.0,-0.6631226582407956,0.7485107481711007,0
Islamabad,2014,47,19.8,65.15714285714286,14.9,1014.5857142857144,4.3,0.0,0.0,0.0,19.642857142857142,20.414285714285715,29.1,26.7,47,11,2363593,0,0.0,-0.5680647467311559,0.8229838658936564,0
Islamabad,2014,48,17.82857142857143,65.97142857142858,28.799999999999997,1013.8857142857142,4.042857142857143,0.0,0.0,0.0,19.057142857142857,19.642857142857142,33.7,29.1,48,11,2363593,0,0.0,-0.4647231720437684,0.88545602565321,0
Islamabad,2014,49,10.571428571428571,66.71428571428571,28.1,1015.0,5.8428571428571425,0.0,0.0,0.0,19.8,19.057142857142857,14.9,33.7,49,12,2363593,0,0.0,-0.35460488704253595,0.9350162426854147,0
Islamabad,2014,50,12.271428571428572,58.357142857142854,16.6,1014.7571428571428,5.928571428571429,0.0,0.0,0.0,17.82857142857143,19.8,28.799999999999997,14.9,50,12,2363593,0,0.0,-0.2393156642875578,0.970941817426052,0
Islamabad,2014,51,10.757142857142856,67.91428571428571,21.6,1015.0,4.571428571428571,0.0,0.0,0.0,10.571428571428571,17.82857142857143,28.1,28.799999999999997,51,12,2363593,0,0.0,-0.12053668025532363,0.992708874098054,0
Islamabad,2014,52,11.414285714285716,61.58571428571429,30.7,1015.3714285714286,4.571428571428571,0.0,0.0,0.0,12.271428571428572,10.571428571428571,16.6,28.1,52,12,2363593,0,0.0,6.432490598706546e-16,1.0,0
Islamabad,2015,1,10.15,59.2,19.7,1015.1,4.675,0.0,0.0,0.0,10.757142857142856,12.271428571428572,21.6,16.6,1,1,2363593,0,0.0,0.12053668025532305,0.992708874098054,0
Islamabad,2015,2,10.2,61.8,8.7,1015.0428571428572,5.728571428571429,0.0,0.0,0.0,11.414285714285716,10.757142857142856,30.7,21.6,2,1,2363593,0,0.0,0.23931566428755774,0.970941817426052,0
Islamabad,2015,3,9.328571428571427,62.32857142857143,53.2,1013.9857142857144,5.114285714285715,0.0,0.0,0.0,10.15,11.414285714285716,19.7,30.7,3,1,2363593,0,0.0,0.3546048870425356,0.9350162426854148,0
Islamabad,2015,4,10.228571428571428,62.8,20.0,1017.1142857142858,4.928571428571429,0.0,0.0,0.0,10.2,10.15,8.7,19.7,4,1,2363593,0,0.0,0.4647231720437685,0.8854560256532099,0
Islamabad,2015,5,10.5,60.8,24.8,1014.6,4.957142857142857,0.0,0.0,0.0,9.328571428571427,10.2,53.2,8.7,5,2,2363593,0,0.0,0.5680647467311558,0.8229838658936564,0
Islamabad,2015,6,12.0,55.01428571428572,21.2,1014.342857142857,4.414285714285714,0.0,0.0,0.0,10.228571428571428,9.328571428571427,20.0,53.2,6,2,2363593,0,0.0,0.6631226582407952,0.7485107481711011,0
Islamabad,2015,7,11.2,64.02857142857144,32.4,1014.8714285714286,5.985714285714286,0.0,0.0,0.0,10.5,10.228571428571428,24.8,20.0,7,2,2363593,0,0.0,0.7485107481711011,0.6631226582407953,0
Islamabad,2015,8,9.642857142857142,57.628571428571426,14.4,1013.2142857142856,4.542857142857143,0.0,0.0,0.0,12.0,10.5,21.2,24.8,8,2,2363593,0,0.0,0.8229838658936564,0.5680647467311558,0
Islamabad,2015,9,11.5,58.714285714285715,26.1,1015.9571428571428,5.542857142857143,0.0,0.0,0.0,11.2,12.0,32.4,21.2,9,3,2363593,0,0.0,0.8854560256532098,0.4647231720437686,0
Islamabad,2015,10,23.942857142857143,71.32857142857144,34.8,1014.4142857142856,4.457142857142857,0.0,0.0,0.0,9.642857142857142,11.2,14.4,32.4,10,3,2363593,0,0.0,0.9350162426854148,0.35460488704253557,0
Islamabad,2015,11,22.214285714285715,58.17142857142857,29.0,1016.2,4.857142857142857,0.0,0.0,0.0,11.5,9.642857142857142,26.1,14.4,11,3,2363593,0,0.0,0.970941817426052,0.23931566428755804,0
Islamabad,2015,12,22.271428571428572,62.957142857142856,27.2,1015.4428571428572,4.857142857142857,0.0,0.0,0.0,23.942857142857143,11.5,34.8,26.1,12,3,2363593,0,0.0,0.992708874098054,0.120536680255323,0
Islamabad,2015,13,22.728571428571428,64.74285714285715,33.7,1014.2428571428572,4.885714285714286,0.0,0.0,0.0,22.214285714285715,23.942857142857143,29.0,34.8,13,3,2363593,0,0.0,1.0,-1.6081226496766366e-16,0
Islamabad,2015,14,22.442857142857143,66.57142857142857,22.2,1013.4,4.985714285714286,0.0,0.0,0.0,22.271428571428572,22.214285714285715,27.2,29.0,14,4,2363593,0,0.0,0.992708874098054,-0.12053668025532288,0
Islamabad,2015,15,22.414285714285715,63.17142857142857,21.4,1016.6285714285714,5.7,0.0,0.0,0.0,22.728571428571428,22.271428571428572,33.7,27.2,15,4,2363593,0,0.0,0.9709418174260521,-0.2393156642875575,0
Islamabad,2015,16,21.728571428571428,61.357142857142854,9.5,1014.5857142857144,5.985714285714286,0.0,0.0,0.0,22.442857142857143,22.728571428571428,22.2,33.7,16,4,2363593,0,0.0,0.9350162426854148,-0.35460488704253545,0
Islamabad,2015,17,22.957142857142856,67.44285714285715,31.999999999999996,1014.6142857142858,5.328571428571428,0.0,0.0,0.0,22.414285714285715,22.442857142857143,21.4,22.2,17,4,2363593,0,0.0,0.8854560256532099,-0.4647231720437685,0
Islamabad,2015,18,21.485714285714288,60.785714285714285,36.1,1013.0714285714286,5.142857142857143,0.0,0.0,0.0,21.728571428571428,22.414285714285715,9.5,21.4,18,5,2363593,0,0.0,0.8229838658936565,-0.5680647467311557,0
Islamabad,2015,19,23.87142857142857,68.65714285714286,28.4,1015.9142857142856,5.285714285714286,0.0,0.0,0.0,22.957142857142856,21.728571428571428,31.999999999999996,9.5,19,5,2363593,0,0.0,0.7485107481711013,-0.6631226582407951,0
Islamabad,2015,20,21.657142857142855,63.385714285714286,21.6,1014.9142857142856,6.3999999999999995,0.0,0.0,0.0,21.485714285714288,22.957142857142856,36.1,31.999999999999996,20,5,2363593,0,0.0,0.6631226582407952,-0.7485107481711012,0
Islamabad,2015,21,21.657142857142855,58.214285714285715,27.0,1014.8,5.8,0.0,0.0,0.0,23.87142857142857,21.485714285714288,28.4,36.1,21,5,2363593,0,0.0,0.5680647467311558,-0.8229838658936564,0
Islamabad,2015,22,25.514285714285712,56.34285714285714,20.0,1015.8,4.214285714285714,0.0,0.0,0.0,21.657142857142855,23.87142857142857,21.6,28.4,22,5,2363593,0,0.0,0.46472317204376906,-0.8854560256532096,0
Islamabad,2015,23,34.48571428571428,63.357142857142854,33.8,1014.5857142857144,4.957142857142857,0.0,0.0,0.0,21.657142857142855,21.657142857142855,27.0,21.6,23,6,2363593,0,0.0,0.35460488704253584,-0.9350162426854147,0
Islamabad,2015,24,33.728571428571435,59.957142857142856,24.4,1014.5142857142856,4.814285714285715,0.0,0.0,0.0,25.514285714285712,21.657142857142855,20.0,27.0,24,6,2363593,0,0.0,0.23931566428755768,-0.970941817426052,0
Islamabad,2015,25,33.8,57.55714285714286,34.9,1013.4,3.8428571428571425,0.0,0.0,0.0,34.48571428571428,25.514285714285712,33.8,20.0,25,6,2363593,0,0.0,0.12053668025532308,-0.992708874098054,0
Islamabad,2015,26,33.971428571428575,54.471428571428575,25.6,1015.1285714285714,5.442857142857143,0.0,0.0,0.0,33.728571428571435,34.48571428571428,24.4,33.8,26,6,2363593,0,0.0,-3.216245299353273e-16,-1.0,0
Islamabad,2015,27,34.871428571428574,64.18571428571428,44.8,1014.5142857142856,5.257142857142857,0.0,0.0,0.0,33.8,33.728571428571435,34.9,24.4,27,7,2363593,0,0.0,-0.12053668025532283,-0.992708874098054,1
Islamabad,2015,28,36.2,63.68571428571429,100.1,1015.4285714285714,4.714285714285714,0.0,0.0,0.0,33.971428571428575,33.8,25.6,34.9,28,7,2363593,0,0.0,-0.23931566428755743,-0.9709418174260521,1
Islamabad,2015,29,35.22857142857143,59.82857142857143,34.8,1014.8285714285714,4.828571428571428,0.0,0.0,0.0,34.871428571428574,33.971428571428575,44.8,25.6,29,7,2363593,0,0.0,-0.3546048870425356,-0.9350162426854148,1
Islamabad,2015,30,33.614285714285714,68.4,88.4,1016.0,5.285714285714286,0.0,0.0,0.0,36.2,34.871428571428574,100.1,44.8,30,7,2363593,0,0.0,-0.46472317204376806,-0.8854560256532101,1
Islamabad,2015,31,33.82857142857143,59.457142857142856,47.4,1013.7857142857144,5.0,0.0,0.0,0.0,35.22857142857143,36.2,34.8,100.1,31,8,2363593,0,0.0,-0.5680647467311556,-0.8229838658936565,1
Islamabad,2015,32,33.42857142857143,60.528571428571425,65.6,1013.9571428571428,4.171428571428572,0.0,0.0,0.0,33.614285714285714,35.22857142857143,88.4,34.8,32,8,2363593,0,0.0,-0.663122658240795,-0.7485107481711013,1
Islamabad,2015,33,33.91428571428571,49.58571428571429,87.1,1014.1285714285714,5.642857142857143,0.0,0.0,0.0,33.82857142857143,33.614285714285714,47.4,88.4,33,8,2363593,0,0.0,-0.7485107481711011,-0.6631226582407952,1
Islamabad,2015,34,34.357142857142854,61.371428571428574,85.1,1014.4,4.585714285714286,0.0,0.0,0.0,33.42857142857143,33.82857142857143,65.6,47.4,34,8,2363593,0,0.0,-0.8229838658936564,-0.5680647467311559,1
Islamabad,2015,35,34.05714285714286,63.714285714285715,107.1,1014.3857142857142,3.6,0.0,0.0,0.0,33.91428571428571,33.42857142857143,87.1,65.6,35,8,2363593,0,0.0,-0.8854560256532096,-0.4647231720437691,1
Islamabad,2015,36,20.02857142857143,68.24285714285715,80.89999999999999,1014.5,4.242857142857143,0.0,0.0,0.0,34.357142857142854,33.91428571428571,85.1,87.1,36,9,2363593,0,0.0,-0.9350162426854147,-0.3546048870425359,1
Islamabad,2015,37,18.685714285714287,60.542857142857144,90.4,1014.0,4.957142857142857,0.0,0.0,0.0,34.05714285714286,34.357142857142854,107.1,85.1,37,9,2363593,0,0.0,-0.970941817426052,-0.23931566428755774,1
Islamabad,2015,38,18.9,58.58571428571429,80.9,1015.5285714285714,5.428571428571429,0.0,0.0,0.0,20.02857142857143,34.05714285714286,80.89999999999999,107.1,38,9,2363593,0,0.0,-0.992708874098054,-0.12053668025532357,1
Islamabad,2015,39,18.614285714285717,63.11428571428571,89.2,1015.6285714285714,4.6,0.0,0.0,0.0,18.685714285714287,20.02857142857143,90.4,80.89999999999999,39,9,2363593,0,0.0,-1.0,-1.8369701987210297e-16,1
Islamabad,2015,40,19.47142857142857,60.68571428571429,51.7,1012.8857142857142,5.871428571428572,0.0,0.0,0.0,18.9,18.685714285714287,80.9,90.4,40,10,2363593,0,0.0,-0.992708874098054,0.1205366802553232,1
Islamabad,2015,41,19.142857142857142,53.857142857142854,24.4,1015.9428571428572,5.057142857142857,0.0,0.0,0.0,18.614285714285717,18.9,89.2,80.9,41,10,2363593,0,0.0,-0.9709418174260521,0.23931566428755738,1
Islamabad,2015,42,18.785714285714285,60.771428571428565,20.4,1014.3571428571428,5.014285714285714,0.0,0.0,0.0,19.47142857142857,18.614285714285717,51.7,89.2,42,10,2363593,0,0.0,-0.9350162426854148,0.35460488704253557,1
Islamabad,2015,43,20.614285714285717,66.37142857142857,38.2,1014.8,5.542857142857143,0.0,0.0,0.0,19.142857142857142,19.47142857142857,24.4,51.7,43,10,2363593,0,0.0,-0.8854560256532101,0.464723172043768,1
Islamabad,2015,44,19.557142857142857,61.128571428571426,27.4,1015.1142857142858,4.042857142857143,0.0,0.0,0.0,18.785714285714285,19.142857142857142,20.4,24.4,44,11,2363593,0,0.0,-0.822983865893657,0.5680647467311548,0
Islamabad,2015,45,18.37142857142857,71.34285714285714,44.9,1013.3571428571428,6.214285714285714,0.0,0.0,0.0,20.614285714285717,18.785714285714285,38.2,20.4,45,11,2363593,1,0.6931471805599453,-0.7485107481711011,0.6631226582407953,0
Islamabad,2015,46,15.285714285714286,68.85714285714286,18.2,1012.7,5.614285714285714,1.0,0.0,0.0,19.557142857142857,20.614285714285717,27.4,38.2,46,11,2363593,0,0.0,-0.6631226582407956,0.7485107481711007,0
Islamabad,2015,47,17.514285714285712,62.785714285714285,32.7,1016.1142857142858,4.0,0.0,1.0,0.0,18.37142857142857,19.557142857142857,44.9,27.4,47,11,2363593,0,0.0,-0.5680647467311559,0.8229838658936564,0
Islamabad,2015,48,17.514285714285712,71.17142857142856,21.7,1013.8285714285714,3.642857142857143,0.0,0.0,1.0,15.285714285714286,18.37142857142857,18.2,44.9,48,11,2363593,0,0.0,-0.4647231720437684,0.88545602565321,0
Islamabad,2015,49,13.55714285714286,60.32857142857143,28.6,1013.7857142857144,5.2,0.0,0.0,0.0,17.514285714285712,15.285714285714286,32.7,18.2,49,12,2363593,0,0.0,-0.35460488704253595,0.9350162426854147,0
Islamabad,2015,50,11.428571428571429,64.94285714285715,21.6,1015.3285714285714,4.8428571428571425,0.0,0.0,0.0,17.514285714285712,17.514285714285712,21.7,32.7,50,12,2363593,0,0.0,-0.2393156642875578,0.970941817426052,0
Islamabad,2015,51,12.914285714285716,66.71428571428571,32.7,1014.7857142857144,5.142857142857143,0.0,0.0,0.0,13.55714285714286,17.514285714285712,28.6,21.7,51,12,2363593,0,0.0,-0.12053668025532363,0.992708874098054,0
Islamabad,2015,52,13.55714285714286,59.07142857142857,34.900000000000006,1013.0714285714286,4.385714285714285,0.0,0.0,0.0,11.428571428571429,13.55714285714286,21.6,28.6,52,12,2363593,0,0.0,6.432490598706546e-16,1.0,0
Islamabad,2015,53,10.975,62.525,8.1,1017.325,4.025,0.0,0.0,0.0,12.914285714285716,11.428571428571429,32.7,21.6,53,12,2363593,0,0.0,0.12053668025532314,0.992708874098054,0
Islamabad,2016,1,11.571428571428571,63.31428571428571,13.6,1014.0857142857144,4.571428571428571,0.0,0.0,0.0,13.55714285714286,12.914285714285716,34.900000000000006,32.7,1,1,2363593,0,0.0,0.12053668025532305,0.992708874098054,0
Islamabad,2016,2,10.528571428571428,65.15714285714286,20.9,1014.7,5.785714285714286,0.0,0.0,0.0,10.975,13.55714285714286,8.1,34.900000000000006,2,1,2363593,0,0.0,0.23931566428755774,0.970941817426052,0
Islamabad,2016,3,10.7,65.22857142857143,34.8,1015.3714285714286,4.471428571428571,0.0,0.0,0.0,11.571428571428571,10.975,13.6,8.1,3,1,2363593,0,0.0,0.3546048870425356,0.9350162426854148,0
Islamabad,2016,4,12.37142857142857,63.17142857142857,14.400000000000002,1013.8,4.6571428571428575,0.0,0.0,0.0,10.528571428571428,11.571428571428571,20.9,13.6,4,1,2363593,0,0.0,0.4647231720437685,0.8854560256532099,0
Islamabad,2016,5,11.157142857142857,62.74285714285714,36.5,1015.4714285714286,5.385714285714286,0.0,0.0,0.0,10.7,10.528571428571428,34.8,20.9,5,2,2363593,0,0.0,0.5680647467311558,0.8229838658936564,0
Islamabad,2016,6,11.6,56.371428571428574,25.299999999999997,1017.2857142857144,4.142857142857143,0.0,0.0,0.0,12.37142857142857,10.7,14.400000000000002,34.8,6,2,2363593,0,0.0,0.6631226582407952,0.7485107481711011,0
Islamabad,2016,7,10.55714285714286,58.31428571428571,30.6,1016.4571428571428,4.414285714285714,0.0,0.0,0.0,11.157142857142857,12.37142857142857,36.5,14.400000000000002,7,2,2363593,0,0.0,0.7485107481711011,0.6631226582407953,0
Islamabad,2016,8,11.828571428571427,59.44285714285714,33.3,1015.6714285714286,5.071428571428571,0.0,0.0,0.0,11.6,11.157142857142857,25.299999999999997,36.5,8,2,2363593,0,0.0,0.8229838658936564,0.5680647467311558,0
Islamabad,2016,9,19.714285714285715,66.04285714285714,22.799999999999997,1012.8714285714286,6.528571428571429,0.0,0.0,0.0,10.55714285714286,11.6,30.6,25.299999999999997,9,3,2363593,0,0.0,0.8854560256532098,0.4647231720437686,0
Islamabad,2016,10,22.52857142857143,56.25714285714286,40.6,1014.2285714285716,4.885714285714286,0.0,0.0,0.0,11.828571428571427,10.55714285714286,33.3,30.6,10,3,2363593,0,0.0,0.9350162426854148,0.35460488704253557,0
Islamabad,2016,11,23.185714285714287,60.15714285714285,45.2,1014.9571428571428,3.971428571428571,0.0,0.0,0.0,19.714285714285715,11.828571428571427,22.799999999999997,33.3,11,3,2363593,0,0.0,0.970941817426052,0.23931566428755804,0
Islamabad,2016,12,23.571428571428573,57.642857142857146,26.6,1015.2285714285716,5.7,0.0,0.0,0.0,22.52857142857143,19.714285714285715,40.6,22.799999999999997,12,3,2363593,0,0.0,0.992708874098054,0.120536680255323,0
Islamabad,2016,13,22.25714285714286,68.42857142857143,17.6,1014.5285714285714,4.971428571428571,0.0,0.0,0.0,23.185714285714287,22.52857142857143,45.2,40.6,13,4,2363593,0,0.0,1.0,-1.6081226496766366e-16,0
Islamabad,2016,14,23.6,54.1,29.799999999999997,1015.4142857142856,4.828571428571428,0.0,0.0,0.0,23.571428571428573,23.185714285714287,26.6,45.2,14,4,2363593,0,0.0,0.992708874098054,-0.12053668025532288,0
Islamabad,2016,15,23.314285714285713,68.35714285714286,24.4,1016.9,5.042857142857143,0.0,0.0,0.0,22.25714285714286,23.571428571428573,17.6,26.6,15,4,2363593,0,0.0,0.9709418174260521,-0.2393156642875575,0
Islamabad,2016,16,20.7,65.54285714285713,26.700000000000003,1013.7571428571428,3.3999999999999995,0.0,0.0,0.0,23.6,22.25714285714286,29.799999999999997,17.6,16,4,2363593,0,0.0,0.9350162426854148,-0.35460488704253545,0
Islamabad,2016,17,23.514285714285712,62.15714285714286,36.3,1014.6142857142858,4.114285714285715,0.0,0.0,0.0,23.314285714285713,23.6,24.4,29.799999999999997,17,5,2363593,0,0.0,0.8854560256532099,-0.4647231720437685,0
Islamabad,2016,18,22.0,60.05714285714286,41.3,1015.6,5.542857142857143,0.0,0.0,0.0,20.7,23.314285714285713,26.700000000000003,24.4,18,5,2363593,0,0.0,0.8229838658936565,-0.5680647467311557,0
Islamabad,2016,19,21.25714285714286,63.2,43.7,1014.1714285714286,4.5,0.0,0.0,0.0,23.514285714285712,20.7,36.3,26.700000000000003,19,5,2363593,0,0.0,0.7485107481711013,-0.6631226582407951,0
Islamabad,2016,20,22.514285714285712,62.042857142857144,17.1,1014.0142857142856,5.228571428571429,0.0,0.0,0.0,22.0,23.514285714285712,41.3,36.3,20,5,2363593,0,0.0,0.6631226582407952,-0.7485107481711012,0
Islamabad,2016,21,23.771428571428572,53.885714285714286,25.6,1015.2,4.671428571428572,0.0,0.0,0.0,21.25714285714286,22.0,43.7,41.3,21,5,2363593,0,0.0,0.5680647467311558,-0.8229838658936564,0
Islamabad,2016,22,30.914285714285715,60.857142857142854,23.7,1016.4714285714286,5.385714285714286,0.0,0.0,0.0,22.514285714285712,21.25714285714286,17.1,43.7,22,6,2363593,1,0.6931471805599453,0.46472317204376906,-0.8854560256532096,0
Islamabad,2016,23,35.44285714285714,65.07142857142857,33.2,1015.4142857142856,4.8,1.0,0.0,0.0,23.771428571428572,22.514285714285712,25.6,17.1,23,6,2363593,1,0.6931471805599453,0.35460488704253584,-0.9350162426854147,0
Islamabad,2016,24,33.971428571428575,61.55714285714286,21.8,1014.5714285714286,4.985714285714286,1.0,1.0,0.0,30.914285714285715,23.771428571428572,23.7,25.6,24,6,2363593,0,0.0,0.23931566428755768,-0.970941817426052,0
Islamabad,2016,25,32.84285714285714,63.48571428571429,36.5,1015.1428571428572,4.757142857142858,0.0,1.0,1.0,35.44285714285714,30.914285714285715,33.2,23.7,25,6,2363593,0,0.0,0.12053668025532308,-0.992708874098054,0
Islamabad,2016,26,34.614285714285714,62.67142857142857,65.7,1015.4142857142856,4.614285714285714,0.0,0.0,1.0,33.971428571428575,35.44285714285714,21.8,33.2,26,7,2363593,0,0.0,-3.216245299353273e-16,-1.0,1
Islamabad,2016,27,35.142857142857146,62.0,73.7,1016.0285714285714,4.8428571428571425,0.0,0.0,0.0,32.84285714285714,33.971428571428575,36.5,21.8,27,7,2363593,0,0.0,-0.12053668025532283,-0.992708874098054,1
Islamabad,2016,28,34.05714285714286,74.02857142857144,47.8,1016.3857142857142,4.228571428571429,0.0,0.0,0.0,34.614285714285714,32.84285714285714,65.7,36.5,28,7,2363593,0,0.0,-0.23931566428755743,-0.9709418174260521,1
Islamabad,2016,29,34.81428571428571,67.61428571428571,84.8,1012.8142857142856,5.1000000000000005,0.0,0.0,0.0,35.142857142857146,34.614285714285714,73.7,65.7,29,7,2363593,0,0.0,-0.3546048870425356,-0.9350162426854148,1
Islamabad,2016,30,34.371428571428574,68.52857142857142,90.7,1016.5857142857144,5.628571428571428,0.0,0.0,0.0,34.05714285714286,35.142857142857146,47.8,73.7,30,7,2363593,0,0.0,-0.46472317204376806,-0.8854560256532101,1
Islamabad,2016,31,33.42857142857143,68.9,62.8,1016.6285714285714,5.685714285714285,0.0,0.0,0.0,34.81428571428571,34.05714285714286,84.8,47.8,31,8,2363593,0,0.0,-0.5680647467311556,-0.8229838658936565,1
Islamabad,2016,32,34.94285714285714,66.61428571428571,33.9,1014.5142857142856,4.685714285714285,0.0,0.0,0.0,34.371428571428574,34.81428571428571,90.7,84.8,32,8,2363593,0,0.0,-0.663122658240795,-0.7485107481711013,1
Islamabad,2016,33,35.32857142857143,69.89999999999999,75.2,1014.7428571428572,5.914285714285714,0.0,0.0,0.0,33.42857142857143,34.371428571428574,62.8,90.7,33,8,2363593,0,0.0,-0.7485107481711011,-0.6631226582407952,1
Islamabad,2016,34,34.55714285714286,68.02857142857142,78.4,1016.1857142857144,5.357142857142857,0.0,0.0,0.0,34.94285714285714,33.42857142857143,33.9,62.8,34,8,2363593,0,0.0,-0.8229838658936564,-0.5680647467311559,1
Islamabad,2016,35,24.314285714285713,61.84285714285714,46.1,1015.5,4.742857142857143,0.0,0.0,0.0,35.32857142857143,34.94285714285714,75.2,33.9,35,9,2363593,1,0.6931471805599453,-0.8854560256532096,-0.4647231720437691,1
Islamabad,2016,36,18.928571428571427,60.771428571428565,86.6,1016.0,5.914285714285714,1.0,0.0,0.0,34.55714285714286,35.32857142857143,78.4,75.2,36,9,2363593,1,0.6931471805599453,-0.9350162426854147,-0.3546048870425359,1
Islamabad,2016,37,20.32857142857143,65.38571428571429,113.4,1013.9285714285714,4.185714285714286,1.0,1.0,0.0,24.314285714285713,34.55714285714286,46.1,78.4,37,9,2363593,2,1.0986122886681098,-0.970941817426052,-0.23931566428755774,1
Islamabad,2016,38,18.657142857142855,72.05714285714285,96.4,1013.6285714285714,4.771428571428571,2.0,1.0,1.0,18.928571428571427,24.314285714285713,86.6,46.1,38,9,2363593,1,0.6931471805599453,-0.992708874098054,-0.12053668025532357,1
Islamabad,2016,39,20.1,62.114285714285714,43.8,1013.8714285714286,5.428571428571429,1.0,2.0,1.0,20.32857142857143,18.928571428571427,113.4,86.6,39,10,2363593,4,1.6094379124341005,-1.0,-1.8369701987210297e-16,1
Islamabad,2016,40,19.62857142857143,67.01428571428572,30.9,1014.5571428571428,4.242857142857143,4.0,1.0,2.0,18.657142857142855,20.32857142857143,96.4,113.4,40,10,2363593,8,2.1972245773362196,-0.992708874098054,0.1205366802553232,1
Islamabad,2016,41,17.67142857142857,59.94285714285714,38.1,1014.8571428571428,5.642857142857143,8.0,4.0,1.0,20.1,18.657142857142855,43.8,96.4,41,10,2363593,1,0.6931471805599453,-0.9709418174260521,0.23931566428755738,1
Islamabad,2016,42,18.985714285714288,64.87142857142858,30.3,1016.5571428571428,6.414285714285714,1.0,8.0,4.0,19.62857142857143,20.1,30.9,43.8,42,10,2363593,2,1.0986122886681098,-0.9350162426854148,0.35460488704253557,1
Islamabad,2016,43,19.142857142857142,61.8,26.1,1016.9714285714286,4.614285714285714,2.0,1.0,8.0,17.67142857142857,19.62857142857143,38.1,30.9,43,10,2363593,2,1.0986122886681098,-0.8854560256532101,0.464723172043768,1
Islamabad,2016,44,17.45714285714286,59.44285714285714,24.7,1015.3142857142856,5.214285714285714,2.0,2.0,1.0,18.985714285714288,17.67142857142857,30.3,38.1,44,11,2363593,4,1.6094379124341005,-0.822983865893657,0.5680647467311548,0
Islamabad,2016,45,19.642857142857142,67.41428571428571,20.3,1014.7142857142856,5.5,4.0,2.0,2.0,19.142857142857142,18.985714285714288,26.1,30.3,45,11,2363593,2,1.0986122886681098,-0.7485107481711011,0.6631226582407953,0
Islamabad,2016,46,21.014285714285712,64.35714285714286,15.3,1014.6428571428572,4.614285714285714,2.0,4.0,2.0,17.45714285714286,19.142857142857142,24.7,26.1,46,11,2363593,2,1.0986122886681098,-0.6631226582407956,0.7485107481711007,0
Islamabad,2016,47,18.8,69.42857142857143,37.8,1014.1857142857144,4.5285714285714285,2.0,2.0,4.0,19.642857142857142,17.45714285714286,20.3,24.7,47,11,2363593,0,0.0,-0.5680647467311559,0.8229838658936564,0
Islamabad,2016,48,14.685714285714283,64.02857142857142,33.6,1016.3857142857142,5.885714285714286,0.0,2.0,2.0,21.014285714285712,19.642857142857142,15.3,20.3,48,12,2363593,0,0.0,-0.4647231720437684,0.88545602565321,0
Islamabad,2016,49,10.585714285714284,60.10000000000001,25.4,1014.0285714285714,4.8428571428571425,0.0,0.0,2.0,18.8,21.014285714285712,37.8,15.3,49,12,2363593,0,0.0,-0.35460488704253595,0.9350162426854147,0
Islamabad,2016,50,11.9,58.9,16.400000000000002,1015.1714285714286,6.185714285714285,0.0,0.0,0.0,14.685714285714283,18.8,33.6,37.8,50,12,2363593,0,0.0,-0.2393156642875578,0.970941817426052,0
Islamabad,2016,51,13.157142857142858,67.3,33.1,1014.3571428571428,5.114285714285714,0.0,0.0,0.0,10.585714285714284,14.685714285714283,25.4,33.6,51,12,2363593,1,0.6931471805599453,-0.12053668025532363,0.992708874098054,0
Islamabad,2016,52,11.8,65.8,10.6,1014.7833333333332,3.966666666666667,1.0,0.0,0.0,11.9,10.585714285714284,16.400000000000002,25.4,52,12,2363593,0,0.0,6.432490598706546e-16,1.0,0
Islamabad,2016,53,8.766666666666667,72.23333333333333,16.4,1017.5,5.833333333333333,0.0,1.0,0.0,13.157142857142858,11.9,33.1,16.400000000000002,53,1,2363593,0,0.0,0.12053668025532314,0.992708874098054,0
Islamabad,2017,1,11.05714285714286,59.41428571428571,14.3,1016.5571428571428,5.328571428571428,0.0,0.0,1.0,11.8,13.157142857142858,10.6,33.1,1,1,2363593,0,0.0,0.12053668025532305,0.992708874098054,0
Islamabad,2017,2,12.642857142857142,51.72857142857142,23.9,1015.7714285714284,5.542857142857143,0.0,0.0,0.0,8.766666666666667,11.8,16.4,10.6,2,1,2363593,0,0.0,0.23931566428755774,0.970941817426052,0
Islamabad,2017,3,10.928571428571429,63.67142857142857,15.4,1015.7,4.057142857142857,0.0,0.0,0.0,11.05714285714286,8.766666666666667,14.3,16.4,3,1,2363593,0,0.0,0.3546048870425356,0.9350162426854148,0
Islamabad,2017,4,12.742857142857144,59.385714285714286,25.5,1013.8857142857142,5.114285714285714,0.0,0.0,0.0,12.642857142857142,11.05714285714286,23.9,14.3,4,1,2363593,0,0.0,0.4647231720437685,0.8854560256532099,0
Islamabad,2017,5,10.62857142857143,59.34285714285714,25.9,1015.2,5.042857142857143,0.0,0.0,0.0,10.928571428571429,12.642857142857142,15.4,23.9,5,2,2363593,0,0.0,0.5680647467311558,0.8229838658936564,0
Islamabad,2017,6,11.6,56.48571428571429,44.9,1015.4285714285714,4.457142857142857,0.0,0.0,0.0,12.742857142857144,10.928571428571429,25.5,15.4,6,2,2363593,0,0.0,0.6631226582407952,0.7485107481711011,0
Islamabad,2017,7,11.44285714285714,57.642857142857146,32.3,1014.9428571428572,5.128571428571428,0.0,0.0,0.0,10.62857142857143,12.742857142857144,25.9,25.5,7,2,2363593,0,0.0,0.7485107481711011,0.6631226582407953,0
Islamabad,2017,8,13.257142857142856,60.75714285714286,21.3,1015.3857142857142,5.471428571428571,0.0,0.0,0.0,11.6,10.62857142857143,44.9,25.9,8,2,2363593,0,0.0,0.8229838658936564,0.5680647467311558,0
Islamabad,2017,9,18.47142857142857,59.31428571428571,30.3,1016.0571428571428,6.285714285714286,0.0,0.0,0.0,11.44285714285714,11.6,32.3,44.9,9,3,2363593,0,0.0,0.8854560256532098,0.4647231720437686,0
Islamabad,2017,10,25.071428571428573,62.642857142857146,31.5,1015.157142857143,4.914285714285714,0.0,0.0,0.0,13.257142857142856,11.44285714285714,21.3,32.3,10,3,2363593,0,0.0,0.9350162426854148,0.35460488704253557,0
Islamabad,2017,11,22.914285714285715,65.62857142857142,36.2,1014.0285714285714,5.1000000000000005,0.0,0.0,0.0,18.47142857142857,13.257142857142856,30.3,21.3,11,3,2363593,0,0.0,0.970941817426052,0.23931566428755804,0
Islamabad,2017,12,23.67142857142857,73.12857142857142,32.2,1016.5714285714286,5.071428571428571,0.0,0.0,0.0,25.071428571428573,18.47142857142857,31.5,30.3,12,3,2363593,0,0.0,0.992708874098054,0.120536680255323,0
Islamabad,2017,13,19.585714285714285,54.4,42.5,1013.3714285714286,4.214285714285714,0.0,0.0,0.0,22.914285714285715,25.071428571428573,36.2,31.5,13,4,2363593,0,0.0,1.0,-1.6081226496766366e-16,0
Islamabad,2017,14,21.114285714285717,63.34285714285714,43.6,1016.0428571428572,5.071428571428571,0.0,0.0,0.0,23.67142857142857,22.914285714285715,32.2,36.2,14,4,2363593,0,0.0,0.992708874098054,-0.12053668025532288,0
Islamabad,2017,15,20.357142857142858,62.042857142857144,32.5,1018.1857142857144,4.6000000000000005,0.0,0.0,0.0,19.585714285714285,23.67142857142857,42.5,32.2,15,4,2363593,0,0.0,0.9709418174260521,-0.2393156642875575,0
Islamabad,2017,16,23.185714285714287,59.957142857142856,8.3,1013.5857142857144,4.7,0.0,0.0,0.0,21.114285714285717,19.585714285714285,43.6,42.5,16,4,2363593,0,0.0,0.9350162426854148,-0.35460488704253545,0
Islamabad,2017,17,24.02857142857143,58.32857142857143,36.6,1013.6857142857144,5.728571428571429,0.0,0.0,0.0,20.357142857142858,21.114285714285717,32.5,43.6,17,4,2363593,0,0.0,0.8854560256532099,-0.4647231720437685,0
Islamabad,2017,18,26.814285714285713,53.6,13.5,1014.4571428571428,4.557142857142857,0.0,0.0,0.0,23.185714285714287,20.357142857142858,8.3,32.5,18,5,2363593,0,0.0,0.8229838658936565,-0.5680647467311557,0
Islamabad,2017,19,24.428571428571427,63.34285714285714,39.7,1016.0285714285714,6.271428571428571,0.0,0.0,0.0,24.02857142857143,23.185714285714287,36.6,8.3,19,5,2363593,0,0.0,0.7485107481711013,-0.6631226582407951,0
Islamabad,2017,20,23.985714285714288,67.58571428571429,42.5,1013.8714285714286,5.6000000000000005,0.0,0.0,0.0,26.814285714285713,24.02857142857143,13.5,36.6,20,5,2363593,0,0.0,0.6631226582407952,-0.7485107481711012,0
Islamabad,2017,21,23.185714285714287,72.04285714285714,20.1,1015.0142857142856,4.185714285714286,0.0,0.0,0.0,24.428571428571427,26.814285714285713,39.7,13.5,21,5,2363593,0,0.0,0.5680647467311558,-0.8229838658936564,0
Islamabad,2017,22,30.37142857142857,67.84285714285714,36.5,1013.9,4.042857142857143,0.0,0.0,0.0,23.985714285714288,24.428571428571427,42.5,39.7,22,6,2363593,0,0.0,0.46472317204376906,-0.8854560256532096,0
Islamabad,2017,23,34.84285714285714,57.728571428571435,36.6,1014.9,5.8999999999999995,0.0,0.0,0.0,23.185714285714287,23.985714285714288,20.1,42.5,23,6,2363593,0,0.0,0.35460488704253584,-0.9350162426854147,0
Islamabad,2017,24,35.22857142857143,57.728571428571435,37.2,1014.6142857142858,5.671428571428572,0.0,0.0,0.0,30.37142857142857,23.185714285714287,36.5,20.1,24,6,2363593,0,0.0,0.23931566428755768,-0.970941817426052,0
Islamabad,2017,25,36.0,60.3,22.3,1015.3857142857142,5.271428571428571,0.0,0.0,0.0,34.84285714285714,30.37142857142857,36.6,36.5,25,6,2363593,0,0.0,0.12053668025532308,-0.992708874098054,0
Islamabad,2017,26,34.15714285714286,53.614285714285714,65.5,1013.3571428571428,5.6000000000000005,0.0,0.0,0.0,35.22857142857143,34.84285714285714,37.2,36.6,26,7,2363593,0,0.0,-3.216245299353273e-16,-1.0,1
Islamabad,2017,27,33.74285714285715,59.957142857142856,73.0,1015.2714285714284,4.928571428571429,0.0,0.0,0.0,36.0,35.22857142857143,22.3,37.2,27,7,2363593,0,0.0,-0.12053668025532283,-0.992708874098054,1
Islamabad,2017,28,34.714285714285715,55.271428571428565,68.9,1013.157142857143,4.828571428571428,0.0,0.0,0.0,34.15714285714286,36.0,65.5,22.3,28,7,2363593,0,0.0,-0.23931566428755743,-0.9709418174260521,1
Islamabad,2017,29,34.371428571428574,62.08571428571429,68.7,1015.4,5.971428571428571,0.0,0.0,0.0,33.74285714285715,34.15714285714286,73.0,65.5,29,7,2363593,0,0.0,-0.3546048870425356,-0.9350162426854148,1
Islamabad,2017,30,34.528571428571425,61.05714285714286,61.7,1015.2857142857144,4.271428571428571,0.0,0.0,0.0,34.714285714285715,33.74285714285715,68.9,73.0,30,7,2363593,0,0.0,-0.46472317204376806,-0.8854560256532101,1
Islamabad,2017,31,35.01428571428572,65.77142857142857,141.5,1015.5857142857144,6.1571428571428575,0.0,0.0,0.0,34.371428571428574,34.714285714285715,68.7,68.9,31,8,2363593,0,0.0,-0.5680647467311556,-0.8229838658936565,1
Islamabad,2017,32,32.714285714285715,62.44285714285714,78.1,1015.3,4.271428571428571,0.0,0.0,0.0,34.528571428571425,34.371428571428574,61.7,68.7,32,8,2363593,0,0.0,-0.663122658240795,-0.7485107481711013,1
Islamabad,2017,33,33.94285714285714,64.28571428571429,26.1,1013.2428571428572,4.4,0.0,0.0,0.0,35.01428571428572,34.528571428571425,141.5,61.7,33,8,2363593,0,0.0,-0.7485107481711011,-0.6631226582407952,1
Islamabad,2017,34,34.57142857142857,58.67142857142857,92.7,1015.3857142857142,3.857142857142857,0.0,0.0,0.0,32.714285714285715,35.01428571428572,78.1,141.5,34,8,2363593,0,0.0,-0.8229838658936564,-0.5680647467311559,1
Islamabad,2017,35,27.485714285714288,58.48571428571428,43.8,1016.4571428571428,4.1571428571428575,0.0,0.0,0.0,33.94285714285714,32.714285714285715,26.1,78.1,35,9,2363593,0,0.0,-0.8854560256532096,-0.4647231720437691,1
Islamabad,2017,36,21.214285714285715,67.11428571428571,125.7,1014.4,5.1571428571428575,0.0,0.0,0.0,34.57142857142857,33.94285714285714,92.7,26.1,36,9,2363593,0,0.0,-0.9350162426854147,-0.3546048870425359,1
Islamabad,2017,37,20.2,70.78571428571429,123.3,1015.0714285714286,4.771428571428571,0.0,0.0,0.0,27.485714285714288,34.57142857142857,43.8,92.7,37,9,2363593,0,0.0,-0.970941817426052,-0.23931566428755774,1
Islamabad,2017,38,18.82857142857143,58.55714285714286,53.6,1015.1285714285714,5.614285714285714,0.0,0.0,0.0,21.214285714285715,27.485714285714288,125.7,43.8,38,9,2363593,4,1.6094379124341005,-0.992708874098054,-0.12053668025532357,1
Islamabad,2017,39,18.47142857142857,66.98571428571428,78.4,1014.4571428571428,4.185714285714286,4.0,0.0,0.0,20.2,21.214285714285715,123.3,125.7,39,10,2363593,2,1.0986122886681098,-1.0,-1.8369701987210297e-16,1
Islamabad,2017,40,18.9,53.714285714285715,21.2,1014.657142857143,6.057142857142857,2.0,4.0,0.0,18.82857142857143,20.2,53.6,123.3,40,10,2363593,2,1.0986122886681098,-0.992708874098054,0.1205366802553232,1
Islamabad,2017,41,16.62857142857143,57.2,15.9,1017.0285714285714,5.1571428571428575,2.0,2.0,4.0,18.47142857142857,18.82857142857143,78.4,53.6,41,10,2363593,0,0.0,-0.9709418174260521,0.23931566428755738,1
Islamabad,2017,42,17.04285714285714,66.01428571428572,26.7,1014.6285714285714,5.3,0.0,2.0,2.0,18.9,18.47142857142857,21.2,78.4,42,10,2363593,1,0.6931471805599453,-0.9350162426854148,0.35460488704253557,1
Islamabad,2017,43,18.957142857142856,55.82857142857143,31.8,1013.9142857142856,4.814285714285715,1.0,0.0,2.0,16.62857142857143,18.9,15.9,21.2,43,10,2363593,1,0.6931471805599453,-0.8854560256532101,0.464723172043768,1
Islamabad,2017,44,18.8,65.71428571428571,19.0,1014.8857142857142,4.685714285714285,1.0,1.0,0.0,17.04285714285714,16.62857142857143,26.7,15.9,44,11,2363593,0,0.0,-0.822983865893657,0.5680647467311548,0
Islamabad,2017,45,20.657142857142855,61.642857142857146,33.2,1011.9285714285714,5.171428571428572,0.0,1.0,1.0,18.957142857142856,17.04285714285714,31.8,26.7,45,11,2363593,0,0.0,-0.7485107481711011,0.6631226582407953,0
Islamabad,2017,46,20.957142857142856,49.74285714285714,12.9,1014.842857142857,4.942857142857143,0.0,0.0,1.0,18.8,18.957142857142856,19.0,31.8,46,11,2363593,0,0.0,-0.6631226582407956,0.7485107481711007,0
Islamabad,2017,47,19.24285714285714,61.714285714285715,25.4,1015.7142857142856,4.957142857142857,0.0,0.0,0.0,20.657142857142855,18.8,33.2,19.0,47,11,2363593,0,0.0,-0.5680647467311559,0.8229838658936564,0
Islamabad,2017,48,13.485714285714286,66.47142857142858,15.8,1014.2857142857144,5.728571428571429,0.0,0.0,0.0,20.957142857142856,20.657142857142855,12.9,33.2,48,12,2363593,0,0.0,-0.4647231720437684,0.88545602565321,0
Islamabad,2017,49,10.328571428571427,65.74285714285715,32.2,1013.7714285714284,5.471428571428571,0.0,0.0,0.0,19.24285714285714,20.957142857142856,25.4,12.9,49,12,2363593,0,0.0,-0.35460488704253595,0.9350162426854147,0
Islamabad,2017,50,11.185714285714283,67.61428571428571,39.9,1014.2714285714284,4.971428571428571,0.0,0.0,0.0,13.485714285714286,19.24285714285714,15.8,25.4,50,12,2363593,0,0.0,-0.2393156642875578,0.970941817426052,0
Islamabad,2017,51,11.014285714285714,68.4,24.9,1014.1857142857144,4.185714285714286,0.0,0.0,0.0,10.328571428571427,13.485714285714286,32.2,15.8,51,12,2363593,0,0.0,-0.12053668025532363,0.992708874098054,0
Islamabad,2017,52,11.975,54.7875,32.9,1016.2875,5.0,0.0,0.0,0.0,11.185714285714283,10.328571428571427,39.9,32.2,52,1,2363593,0,0.0,6.432490598706546e-16,1.0,0
Islamabad,2018,1,12.7375,60.1125,21.0,1016.125,5.2375,0.0,0.0,0.0,11.014285714285714,11.185714285714283,24.9,39.9,1,1,2363593,0,0.0,0.12053668025532305,0.992708874098054,0
Islamabad,2018,2,11.3,62.15714285714286,36.6,1015.9285714285714,5.514285714285714,0.0,0.0,0.0,11.975,11.014285714285714,32.9,24.9,2,1,2363593,0,0.0,0.23931566428755774,0.970941817426052,0
Islamabad,2018,3,11.185714285714283,57.385714285714286,32.6,1017.0142857142856,5.3,0.0,0.0,0.0,12.7375,11.975,21.0,32.9,3,1,2363593,0,0.0,0.3546048870425356,0.9350162426854148,0
Islamabad,2018,4,11.214285714285714,52.728571428571435,5.2,1016.9571428571428,5.171428571428572,0.0,0.0,0.0,11.3,12.7375,36.6,21.0,4,1,2363593,0,0.0,0.4647231720437685,0.8854560256532099,0
Islamabad,2018,5,10.585714285714284,61.771428571428565,40.2,1014.7285714285716,5.685714285714285,0.0,0.0,0.0,11.185714285714283,11.3,32.6,36.6,5,2,2363593,0,0.0,0.5680647467311558,0.8229838658936564,0
Islamabad,2018,6,10.671428571428573,64.61428571428571,24.2,1012.7285714285716,5.542857142857143,0.0,0.0,0.0,11.214285714285714,11.185714285714283,5.2,32.6,6,2,2363593,0,0.0,0.6631226582407952,0.7485107481711011,0
Islamabad,2018,7,10.714285714285714,57.01428571428572,31.1,1014.1142857142858,5.857142857142857,0.0,0.0,0.0,10.585714285714284,11.214285714285714,40.2,5.2,7,2,2363593,0,0.0,0.7485107481711011,0.6631226582407953,0
Islamabad,2018,8,11.257142857142856,63.84285714285714,26.7,1014.3857142857142,4.314285714285714,0.0,0.0,0.0,10.671428571428573,10.585714285714284,24.2,40.2,8,2,2363593,0,0.0,0.8229838658936564,0.5680647467311558,0
Islamabad,2018,9,18.67142857142857,61.285714285714285,19.8,1013.5857142857144,4.728571428571429,0.0,0.0,0.0,10.714285714285714,10.671428571428573,31.1,24.2,9,3,2363593,0,0.0,0.8854560256532098,0.4647231720437686,0
Islamabad,2018,10,23.314285714285713,62.457142857142856,20.1,1013.7,4.614285714285714,0.0,0.0,0.0,11.257142857142856,10.714285714285714,26.7,31.1,10,3,2363593,0,0.0,0.9350162426854148,0.35460488704253557,0
Islamabad,2018,11,24.185714285714287,61.471428571428575,18.7,1011.8,4.571428571428571,0.0,0.0,0.0,18.67142857142857,11.257142857142856,19.8,26.7,11,3,2363593,0,0.0,0.970941817426052,0.23931566428755804,0
Islamabad,2018,12,23.385714285714283,61.714285714285715,34.4,1015.7142857142856,5.6000000000000005,0.0,0.0,0.0,23.314285714285713,18.67142857142857,20.1,19.8,12,3,2363593,0,0.0,0.992708874098054,0.120536680255323,0
Islamabad,2018,13,21.585714285714285,61.44285714285714,17.1,1015.9142857142856,3.8285714285714287,0.0,0.0,0.0,24.185714285714287,23.314285714285713,18.7,20.1,13,4,2363593,0,0.0,1.0,-1.6081226496766366e-16,0
Islamabad,2018,14,21.6,54.542857142857144,52.9,1015.2571428571428,5.257142857142857,0.0,0.0,0.0,23.385714285714283,24.185714285714287,34.4,18.7,14,4,2363593,0,0.0,0.992708874098054,-0.12053668025532288,0
Islamabad,2018,15,22.957142857142856,57.885714285714286,24.8,1013.7142857142856,6.028571428571429,0.0,0.0,0.0,21.585714285714285,23.385714285714283,17.1,34.4,15,4,2363593,0,0.0,0.9709418174260521,-0.2393156642875575,0
Islamabad,2018,16,24.428571428571427,63.042857142857144,40.7,1013.1571428571428,4.5285714285714285,0.0,0.0,0.0,21.6,21.585714285714285,52.9,17.1,16,4,2363593,0,0.0,0.9350162426854148,-0.35460488704253545,0
Islamabad,2018,17,24.685714285714287,65.55714285714285,23.700000000000003,1016.6714285714286,4.8428571428571425,0.0,0.0,0.0,22.957142857142856,21.6,24.8,52.9,17,4,2363593,0,0.0,0.8854560256532099,-0.4647231720437685,0
Islamabad,2018,18,22.7,66.07142857142857,29.0,1015.657142857143,5.314285714285715,0.0,0.0,0.0,24.428571428571427,22.957142857142856,40.7,24.8,18,5,2363593,0,0.0,0.8229838658936565,-0.5680647467311557,0
Islamabad,2018,19,21.12857142857143,60.457142857142856,30.799999999999997,1017.4571428571428,5.5,0.0,0.0,0.0,24.685714285714287,24.428571428571427,23.700000000000003,40.7,19,5,2363593,0,0.0,0.7485107481711013,-0.6631226582407951,0
Islamabad,2018,20,23.97142857142857,54.65714285714286,33.5,1014.8142857142856,4.2,0.0,0.0,0.0,22.7,24.685714285714287,29.0,23.700000000000003,20,5,2363593,0,0.0,0.6631226582407952,-0.7485107481711012,0
Islamabad,2018,21,23.1,61.857142857142854,53.0,1015.3142857142856,5.471428571428571,0.0,0.0,0.0,21.12857142857143,22.7,30.799999999999997,29.0,21,5,2363593,0,0.0,0.5680647467311558,-0.8229838658936564,0
Islamabad,2018,22,27.02857142857143,58.857142857142854,24.8,1014.0428571428572,5.1571428571428575,0.0,0.0,0.0,23.97142857142857,21.12857142857143,33.5,30.799999999999997,22,6,2363593,0,0.0,0.46472317204376906,-0.8854560256532096,0
Islamabad,2018,23,34.84285714285714,63.51428571428571,20.1,1013.6714285714286,5.742857142857143,0.0,0.0,0.0,23.1,23.97142857142857,53.0,33.5,23,6,2363593,0,0.0,0.35460488704253584,-0.9350162426854147,0
Islamabad,2018,24,35.857142857142854,69.94285714285715,25.6,1012.3714285714286,4.628571428571428,0.0,0.0,0.0,27.02857142857143,23.1,24.8,53.0,24,6,2363593,0,0.0,0.23931566428755768,-0.970941817426052,0
Islamabad,2018,25,33.07142857142857,57.97142857142857,27.9,1014.8,5.371428571428572,0.0,0.0,0.0,34.84285714285714,27.02857142857143,20.1,24.8,25,6,2363593,0,0.0,0.12053668025532308,-0.992708874098054,0
Islamabad,2018,26,33.4,68.58571428571427,16.0,1015.842857142857,5.128571428571428,0.0,0.0,0.0,35.857142857142854,34.84285714285714,25.6,20.1,26,7,2363593,0,0.0,-3.216245299353273e-16,-1.0,1
Islamabad,2018,27,33.628571428571426,67.25714285714285,96.4,1014.6714285714286,4.985714285714286,0.0,0.0,0.0,33.07142857142857,35.857142857142854,27.9,25.6,27,7,2363593,0,0.0,-0.12053668025532283,-0.992708874098054,1
Islamabad,2018,28,33.48571428571429,53.41428571428571,112.2,1015.6,5.114285714285714,0.0,0.0,0.0,33.4,33.07142857142857,16.0,27.9,28,7,2363593,0,0.0,-0.23931566428755743,-0.9709418174260521,1
Islamabad,2018,29,33.68571428571429,61.142857142857146,108.6,1016.5428571428572,5.2,0.0,0.0,0.0,33.628571428571426,33.4,96.4,16.0,29,7,2363593,0,0.0,-0.3546048870425356,-0.9350162426854148,1
Islamabad,2018,30,32.57142857142857,67.27142857142857,56.7,1015.8285714285714,4.885714285714286,0.0,0.0,0.0,33.48571428571429,33.628571428571426,112.2,96.4,30,7,2363593,0,0.0,-0.46472317204376806,-0.8854560256532101,1
Islamabad,2018,31,34.32857142857143,58.871428571428574,74.3,1015.2,6.371428571428572,0.0,0.0,0.0,33.68571428571429,33.48571428571429,108.6,112.2,31,8,2363593,0,0.0,-0.5680647467311556,-0.8229838658936565,1
Islamabad,2018,32,32.34285714285714,60.528571428571425,56.9,1014.9714285714286,4.257142857142857,0.0,0.0,0.0,32.57142857142857,33.68571428571429,56.7,108.6,32,8,2363593,0,0.0,-0.663122658240795,-0.7485107481711013,1
Islamabad,2018,33,34.44285714285714,73.58571428571429,78.6,1016.7571428571428,5.285714285714286,0.0,0.0,0.0,34.32857142857143,32.57142857142857,74.3,56.7,33,8,2363593,0,0.0,-0.7485107481711011,-0.6631226582407952,1
Islamabad,2018,34,31.7,64.61428571428571,39.3,1016.0857142857144,5.614285714285714,0.0,0.0,0.0,32.34285714285714,34.32857142857143,56.9,74.3,34,8,2363593,0,0.0,-0.8229838658936564,-0.5680647467311559,1
Islamabad,2018,35,31.214285714285715,65.62857142857142,89.7,1015.2428571428572,5.257142857142857,0.0,0.0,0.0,34.44285714285714,32.34285714285714,78.6,56.9,35,9,2363593,0,0.0,-0.8854560256532096,-0.4647231720437691,1
Islamabad,2018,36,19.914285714285715,65.57142857142857,70.3,1014.5714285714286,5.314285714285715,0.0,0.0,0.0,31.7,34.44285714285714,39.3,78.6,36,9,2363593,0,0.0,-0.9350162426854147,-0.3546048870425359,1
Islamabad,2018,37,17.4,69.32857142857144,89.0,1014.5571428571428,4.257142857142857,0.0,0.0,0.0,31.214285714285715,31.7,89.7,39.3,37,9,2363593,0,0.0,-0.970941817426052,-0.23931566428755774,1
Islamabad,2018,38,20.185714285714287,65.87142857142858,44.2,1014.3714285714286,4.6000000000000005,0.0,0.0,0.0,19.914285714285715,31.214285714285715,70.3,89.7,38,9,2363593,0,0.0,-0.992708874098054,-0.12053668025532357,1
Islamabad,2018,39,17.742857142857144,60.67142857142857,64.80000000000001,1014.1285714285714,5.314285714285715,0.0,0.0,0.0,17.4,19.914285714285715,89.0,70.3,39,9,2363593,0,0.0,-1.0,-1.8369701987210297e-16,1
Islamabad,2018,40,18.485714285714288,61.028571428571425,28.4,1016.6142857142858,5.3428571428571425,0.0,0.0,0.0,20.185714285714287,17.4,44.2,89.0,40,10,2363593,0,0.0,-0.992708874098054,0.1205366802553232,1
Islamabad,2018,41,19.52857142857143,56.57142857142857,48.2,1015.6285714285714,5.8428571428571425,0.0,0.0,0.0,17.742857142857144,20.185714285714287,64.80000000000001,44.2,41,10,2363593,0,0.0,-0.9709418174260521,0.23931566428755738,1
Islamabad,2018,42,18.357142857142858,65.65714285714286,28.4,1016.5,2.985714285714286,0.0,0.0,0.0,18.485714285714288,17.742857142857144,28.4,64.80000000000001,42,10,2363593,0,0.0,-0.9350162426854148,0.35460488704253557,1
Islamabad,2018,43,19.47142857142857,68.08571428571429,28.5,1016.1142857142858,4.814285714285715,0.0,0.0,0.0,19.52857142857143,18.485714285714288,48.2,28.4,43,10,2363593,0,0.0,-0.8854560256532101,0.464723172043768,1
Islamabad,2018,44,21.042857142857144,65.72857142857143,38.4,1016.9571428571428,5.0,0.0,0.0,0.0,18.357142857142858,19.52857142857143,28.4,48.2,44,11,2363593,0,0.0,-0.822983865893657,0.5680647467311548,0
Islamabad,2018,45,17.585714285714285,56.05714285714286,38.8,1017.1714285714286,3.957142857142857,0.0,0.0,0.0,19.47142857142857,18.357142857142858,28.5,28.4,45,11,2363593,0,0.0,-0.7485107481711011,0.6631226582407953,0
Islamabad,2018,46,21.185714285714283,65.61428571428571,18.3,1013.1714285714286,4.071428571428571,0.0,0.0,0.0,21.042857142857144,19.47142857142857,38.4,28.5,46,11,2363593,0,0.0,-0.6631226582407956,0.7485107481711007,0
Islamabad,2018,47,20.142857142857142,66.58571428571429,21.6,1015.0857142857144,4.485714285714286,0.0,0.0,0.0,17.585714285714285,21.042857142857144,38.8,38.4,47,11,2363593,0,0.0,-0.5680647467311559,0.8229838658936564,0
Islamabad,2018,48,15.3,67.42857142857143,30.5,1014.8714285714286,4.414285714285714,0.0,0.0,0.0,21.185714285714283,17.585714285714285,18.3,38.8,48,12,2363593,0,0.0,-0.4647231720437684,0.88545602565321,0
Islamabad,2018,49,11.214285714285714,60.4,28.8,1013.1285714285714,5.328571428571428,0.0,0.0,0.0,20.142857142857142,21.185714285714283,21.6,18.3,49,12,2363593,0,0.0,-0.35460488704253595,0.9350162426854147,0
Islamabad,2018,50,12.514285714285714,61.642857142857146,29.6,1013.5714285714286,5.3428571428571425,0.0,0.0,0.0,15.3,20.142857142857142,30.5,21.6,50,12,2363593,0,0.0,-0.2393156642875578,0.970941817426052,0
Islamabad,2018,51,12.257142857142858,54.2,30.5,1015.0285714285714,5.671428571428571,0.0,0.0,0.0,11.214285714285714,15.3,28.8,30.5,51,12,2363593,0,0.0,-0.12053668025532363,0.992708874098054,0
Islamabad,2018,52,12.957142857142856,56.10000000000001,24.3,1015.0714285714286,4.714285714285714,0.0,0.0,0.0,12.514285714285714,11.214285714285714,29.6,28.8,52,12,2363593,0,0.0,6.432490598706546e-16,1.0,0
Islamabad,2019,1,11.675,64.4625,18.0,1015.4625,5.725,0.0,0.0,0.0,12.257142857142858,12.514285714285714,30.5,29.6,1,1,2363593,0,0.0,0.12053668025532305,0.992708874098054,0
Islamabad,2019,2,12.042857142857144,61.42857142857143,27.3,1014.7285714285716,6.3,0.0,0.0,0.0,12.957142857142856,12.257142857142858,24.3,30.5,2,1,2363593,0,0.0,0.23931566428755774,0.970941817426052,0
Islamabad,2019,3,12.77142857142857,69.11428571428571,13.5,1014.6142857142858,4.985714285714286,0.0,0.0,0.0,11.675,12.957142857142856,18.0,24.3,3,1,2363593,0,0.0,0.3546048870425356,0.9350162426854148,0
Islamabad,2019,4,13.44285714285714,63.67142857142857,19.9,1014.1142857142858,4.957142857142857,0.0,0.0,0.0,12.042857142857144,11.675,27.3,18.0,4,1,2363593,0,0.0,0.4647231720437685,0.8854560256532099,0
Islamabad,2019,5,13.785714285714286,61.385714285714286,21.7,1014.1285714285714,4.642857142857143,0.0,0.0,0.0,12.77142857142857,12.042857142857144,13.5,27.3,5,2,2363593,0,0.0,0.5680647467311558,0.8229838658936564,0
Islamabad,2019,6,11.714285714285714,59.32857142857143,18.8,1015.842857142857,4.057142857142858,0.0,0.0,0.0,13.44285714285714,12.77142857142857,19.9,13.5,6,2,2363593,0,0.0,0.6631226582407952,0.7485107481711011,0
Islamabad,2019,7,12.214285714285714,64.55714285714286,26.0,1012.6,4.957142857142857,0.0,0.0,0.0,13.785714285714286,13.44285714285714,21.7,19.9,7,2,2363593,0,0.0,0.7485107481711011,0.6631226582407953,0
Islamabad,2019,8,12.614285714285714,67.82857142857144,21.8,1015.3142857142856,4.357142857142857,0.0,0.0,0.0,11.714285714285714,13.785714285714286,18.8,21.7,8,2,2363593,0,0.0,0.8229838658936564,0.5680647467311558,0
Islamabad,2019,9,17.285714285714285,64.78571428571429,24.4,1016.4,4.642857142857143,0.0,0.0,0.0,12.214285714285714,11.714285714285714,26.0,18.8,9,3,2363593,0,0.0,0.8854560256532098,0.4647231720437686,0
Islamabad,2019,10,23.5,55.98571428571428,40.1,1014.6428571428572,4.257142857142857,0.0,0.0,0.0,12.614285714285714,12.214285714285714,21.8,26.0,10,3,2363593,0,0.0,0.9350162426854148,0.35460488704253557,0
Islamabad,2019,11,23.814285714285713,65.8,28.9,1015.4428571428572,4.257142857142857,0.0,0.0,0.0,17.285714285714285,12.614285714285714,24.4,21.8,11,3,2363593,0,0.0,0.970941817426052,0.23931566428755804,0
Islamabad,2019,12,23.642857142857142,67.61428571428571,17.1,1017.2714285714284,4.371428571428572,0.0,0.0,0.0,23.5,17.285714285714285,40.1,24.4,12,3,2363593,0,0.0,0.992708874098054,0.120536680255323,0
Islamabad,2019,13,25.2,54.8,19.1,1014.5142857142856,5.828571428571428,0.0,0.0,0.0,23.814285714285713,23.5,28.9,40.1,13,3,2363593,0,0.0,1.0,-1.6081226496766366e-16,0
Islamabad,2019,14,24.785714285714285,63.714285714285715,36.1,1016.342857142857,5.385714285714286,0.0,0.0,0.0,23.642857142857142,23.814285714285713,17.1,28.9,14,4,2363593,0,0.0,0.992708874098054,-0.12053668025532288,0
Islamabad,2019,15,22.442857142857143,55.98571428571428,36.4,1014.3571428571428,4.7,0.0,0.0,0.0,25.2,23.642857142857142,19.1,17.1,15,4,2363593,0,0.0,0.9709418174260521,-0.2393156642875575,0
Islamabad,2019,16,24.271428571428572,73.68571428571428,33.6,1016.5428571428572,5.3999999999999995,0.0,0.0,0.0,24.785714285714285,25.2,36.1,19.1,16,4,2363593,0,0.0,0.9350162426854148,-0.35460488704253545,0
Islamabad,2019,17,22.814285714285713,64.68571428571428,9.3,1014.6428571428572,4.8,0.0,0.0,0.0,22.442857142857143,24.785714285714285,36.4,36.1,17,4,2363593,0,0.0,0.8854560256532099,-0.4647231720437685,0
Islamabad,2019,18,21.185714285714287,62.07142857142857,25.5,1014.1571428571428,5.214285714285714,0.0,0.0,0.0,24.271428571428572,22.442857142857143,33.6,36.4,18,5,2363593,0,0.0,0.8229838658936565,-0.5680647467311557,0
Islamabad,2019,19,23.714285714285715,56.0,16.5,1015.3285714285714,5.028571428571429,0.0,0.0,0.0,22.814285714285713,24.271428571428572,9.3,33.6,19,5,2363593,0,0.0,0.7485107481711013,-0.6631226582407951,0
Islamabad,2019,20,23.828571428571426,65.88571428571429,23.7,1015.0428571428572,4.742857142857143,0.0,0.0,0.0,21.185714285714287,22.814285714285713,25.5,9.3,20,5,2363593,0,0.0,0.6631226582407952,-0.7485107481711012,0
Islamabad,2019,21,23.228571428571428,68.54285714285713,22.9,1013.3714285714286,5.3428571428571425,0.0,0.0,0.0,23.714285714285715,21.185714285714287,16.5,25.5,21,5,2363593,0,0.0,0.5680647467311558,-0.8229838658936564,0
Islamabad,2019,22,27.057142857142857,54.01428571428571,28.3,1014.4571428571428,5.785714285714286,0.0,0.0,0.0,23.828571428571426,23.714285714285715,23.7,16.5,22,6,2363593,0,0.0,0.46472317204376906,-0.8854560256532096,0
Islamabad,2019,23,34.357142857142854,71.97142857142856,26.3,1013.4142857142856,5.1571428571428575,0.0,0.0,0.0,23.228571428571428,23.828571428571426,22.9,23.7,23,6,2363593,0,0.0,0.35460488704253584,-0.9350162426854147,0
Islamabad,2019,24,34.07142857142857,57.07142857142857,42.3,1015.5,5.514285714285714,0.0,0.0,0.0,27.057142857142857,23.228571428571428,28.3,22.9,24,6,2363593,0,0.0,0.23931566428755768,-0.970941817426052,0
Islamabad,2019,25,32.957142857142856,67.24285714285715,48.6,1013.4,4.714285714285714,0.0,0.0,0.0,34.357142857142854,27.057142857142857,26.3,28.3,25,6,2363593,0,0.0,0.12053668025532308,-0.992708874098054,0
Islamabad,2019,26,35.48571428571429,67.74285714285715,25.9,1012.342857142857,4.914285714285714,0.0,0.0,0.0,34.07142857142857,34.357142857142854,42.3,26.3,26,6,2363593,0,0.0,-3.216245299353273e-16,-1.0,0
Islamabad,2019,27,34.84285714285714,59.214285714285715,49.7,1015.3714285714286,5.071428571428571,0.0,0.0,0.0,32.957142857142856,34.07142857142857,48.6,42.3,27,7,2363593,0,0.0,-0.12053668025532283,-0.992708874098054,1
Islamabad,2019,28,34.44285714285714,64.38571428571429,122.4,1014.5714285714286,5.757142857142857,0.0,0.0,0.0,35.48571428571429,32.957142857142856,25.9,48.6,28,7,2363593,0,0.0,-0.23931566428755743,-0.9709418174260521,1
Islamabad,2019,29,34.25714285714286,74.60000000000001,52.8,1015.1714285714286,3.6571428571428575,0.0,0.0,0.0,34.84285714285714,35.48571428571429,49.7,25.9,29,7,2363593,0,0.0,-0.3546048870425356,-0.9350162426854148,1
Islamabad,2019,30,33.74285714285714,69.35714285714286,72.4,1014.1142857142858,5.2,0.0,0.0,0.0,34.44285714285714,34.84285714285714,122.4,49.7,30,7,2363593,0,0.0,-0.46472317204376806,-0.8854560256532101,1
Islamabad,2019,31,34.68571428571429,62.51428571428572,67.3,1014.657142857143,5.571428571428571,0.0,0.0,0.0,34.25714285714286,34.44285714285714,52.8,122.4,31,8,2363593,0,0.0,-0.5680647467311556,-0.8229838658936565,1
Islamabad,2019,32,34.6,63.34285714285714,108.1,1014.0285714285714,5.671428571428572,0.0,0.0,0.0,33.74285714285714,34.25714285714286,72.4,52.8,32,8,2363593,0,0.0,-0.663122658240795,-0.7485107481711013,1
Islamabad,2019,33,33.65714285714286,62.45714285714286,59.5,1015.7,5.585714285714286,0.0,0.0,0.0,34.68571428571429,33.74285714285714,67.3,72.4,33,8,2363593,0,0.0,-0.7485107481711011,-0.6631226582407952,1
Islamabad,2019,34,33.457142857142856,68.28571428571429,41.9,1014.5857142857144,5.614285714285715,0.0,0.0,0.0,34.6,34.68571428571429,108.1,67.3,34,8,2363593,0,0.0,-0.8229838658936564,-0.5680647467311559,1
Islamabad,2019,35,32.142857142857146,65.7,70.8,1015.8,4.414285714285714,0.0,0.0,0.0,33.65714285714286,34.6,59.5,108.1,35,9,2363593,1,0.6931471805599453,-0.8854560256532096,-0.4647231720437691,1
Islamabad,2019,36,20.928571428571427,57.07142857142857,70.8,1012.6857142857144,4.571428571428571,1.0,0.0,0.0,33.457142857142856,33.65714285714286,41.9,59.5,36,9,2363593,4,1.6094379124341005,-0.9350162426854147,-0.3546048870425359,1
Islamabad,2019,37,18.642857142857142,60.42857142857143,58.5,1014.7714285714284,4.5285714285714285,4.0,1.0,0.0,32.142857142857146,33.457142857142856,70.8,41.9,37,9,2363593,7,2.0794415416798357,-0.970941817426052,-0.23931566428755774,1
Islamabad,2019,38,18.857142857142858,63.34285714285714,81.4,1014.7285714285716,5.857142857142857,7.0,4.0,1.0,20.928571428571427,32.142857142857146,70.8,70.8,38,9,2363593,27,3.332204510175204,-0.992708874098054,-0.12053668025532357,1
Islamabad,2019,39,18.957142857142856,53.68571428571429,53.599999999999994,1014.7285714285716,4.357142857142857,27.0,7.0,4.0,18.642857142857142,20.928571428571427,58.5,70.8,39,9,2363593,10,2.3978952727983707,-1.0,-1.8369701987210297e-16,1
Islamabad,2019,40,18.4,59.2,38.2,1016.2428571428572,4.314285714285714,10.0,27.0,7.0,18.857142857142858,18.642857142857142,81.4,58.5,40,10,2363593,42,3.7612001156935624,-0.992708874098054,0.1205366802553232,1
Islamabad,2019,41,19.885714285714283,60.24285714285714,26.4,1015.3285714285714,4.528571428571429,42.0,10.0,27.0,18.957142857142856,18.857142857142858,53.599999999999994,81.4,41,10,2363593,42,3.7612001156935624,-0.9709418174260521,0.23931566428755738,1
Islamabad,2019,42,20.02857142857143,58.357142857142854,28.8,1015.0,4.942857142857143,42.0,42.0,10.0,18.4,18.957142857142856,38.2,53.599999999999994,42,10,2363593,19,2.995732273553991,-0.9350162426854148,0.35460488704253557,1
Islamabad,2019,43,19.17142857142857,61.24285714285714,10.7,1014.8714285714286,5.528571428571429,19.0,42.0,42.0,19.885714285714283,18.4,26.4,38.2,43,10,2363593,29,3.4011973816621555,-0.8854560256532101,0.464723172043768,1
Islamabad,2019,44,18.52857142857143,64.11428571428571,17.7,1015.5142857142856,4.557142857142857,29.0,19.0,42.0,20.02857142857143,19.885714285714283,28.8,26.4,44,11,2363593,6,1.9459101490553132,-0.822983865893657,0.5680647467311548,0
Islamabad,2019,45,19.942857142857143,61.02857142857143,17.7,1013.3285714285714,4.414285714285714,6.0,29.0,19.0,19.17142857142857,20.02857142857143,10.7,28.8,45,11,2363593,8,2.1972245773362196,-0.7485107481711011,0.6631226582407953,0
Islamabad,2019,46,17.95714285714286,70.0,30.1,1013.8285714285714,4.857142857142857,8.0,6.0,29.0,18.52857142857143,19.17142857142857,17.7,10.7,46,11,2363593,6,1.9459101490553132,-0.6631226582407956,0.7485107481711007,0
Islamabad,2019,47,19.82857142857143,61.4,13.7,1014.5714285714286,5.214285714285714,6.0,8.0,6.0,19.942857142857143,18.52857142857143,17.7,17.7,47,11,2363593,1,0.6931471805599453,-0.5680647467311559,0.8229838658936564,0
Islamabad,2019,48,19.82857142857143,70.45714285714286,22.0,1014.3857142857142,5.928571428571429,1.0,6.0,8.0,17.95714285714286,19.942857142857143,30.1,17.7,48,12,2363593,0,0.0,-0.4647231720437684,0.88545602565321,0
Islamabad,2019,49,9.72857142857143,57.48571428571429,37.7,1015.8,4.014285714285714,0.0,1.0,6.0,19.82857142857143,17.95714285714286,13.7,30.1,49,12,2363593,0,0.0,-0.35460488704253595,0.9350162426854147,0
Islamabad,2019,50,9.885714285714286,63.68571428571429,23.2,1013.5857142857144,6.085714285714286,0.0,0.0,1.0,19.82857142857143,19.82857142857143,22.0,13.7,50,12,2363593,1,0.6931471805599453,-0.2393156642875578,0.970941817426052,0
Islamabad,2019,51,9.528571428571428,68.08571428571429,33.8,1012.9571428571428,4.242857142857143,1.0,0.0,0.0,9.72857142857143,19.82857142857143,37.7,22.0,51,12,2363593,0,0.0,-0.12053668025532363,0.992708874098054,0
Islamabad,2019,52,11.228571428571428,59.67142857142857,20.6,1014.7714285714284,4.985714285714286,0.0,1.0,0.0,9.885714285714286,9.72857142857143,23.2,37.7,52,12,2363593,0,0.0,6.432490598706546e-16,1.0,0
Islamabad,2020,1,10.94,63.42,13.5,1013.64,4.66,0.0,0.0,1.0,9.528571428571428,9.885714285714286,33.8,23.2,1,1,2363593,0,0.0,0.12053668025532305,0.992708874098054,0
Islamabad,2020,2,12.228571428571428,56.957142857142856,33.5,1015.1857142857144,4.914285714285714,0.0,0.0,0.0,11.228571428571428,9.528571428571428,20.6,33.8,2,1,2363593,0,0.0,0.23931566428755774,0.970941817426052,0
Islamabad,2020,3,10.985714285714286,65.95714285714286,21.6,1013.7285714285716,5.8,0.0,0.0,0.0,10.94,11.228571428571428,13.5,20.6,3,1,2363593,0,0.0,0.3546048870425356,0.9350162426854148,0
Islamabad,2020,4,11.357142857142858,62.41428571428571,30.0,1015.3714285714286,5.414285714285714,0.0,0.0,0.0,12.228571428571428,10.94,33.5,13.5,4,1,2363593,0,0.0,0.4647231720437685,0.8854560256532099,0
Islamabad,2020,5,10.914285714285716,61.0,23.6,1016.3142857142856,4.714285714285714,0.0,0.0,0.0,10.985714285714286,12.228571428571428,21.6,33.5,5,2,2363593,0,0.0,0.5680647467311558,0.8229838658936564,0
Islamabad,2020,6,12.185714285714283,61.3,31.6,1014.7,4.114285714285715,0.0,0.0,0.0,11.357142857142858,10.985714285714286,30.0,21.6,6,2,2363593,0,0.0,0.6631226582407952,0.7485107481711011,0
Islamabad,2020,7,10.0,57.871428571428574,12.5,1014.5857142857144,3.7,0.0,0.0,0.0,10.914285714285716,11.357142857142858,23.6,30.0,7,2,2363593,0,0.0,0.7485107481711011,0.6631226582407953,0
Islamabad,2020,8,10.542857142857144,67.57142857142857,10.6,1014.2857142857144,4.885714285714286,0.0,0.0,0.0,12.185714285714283,10.914285714285716,31.6,23.6,8,2,2363593,0,0.0,0.8229838658936564,0.5680647467311558,0
Islamabad,2020,9,11.957142857142856,71.18571428571428,13.3,1014.0285714285714,5.071428571428571,0.0,0.0,0.0,10.0,12.185714285714283,12.5,31.6,9,3,2363593,0,0.0,0.8854560256532098,0.4647231720437686,0
Islamabad,2020,10,23.17142857142857,75.68571428571428,29.7,1015.7,3.928571428571429,0.0,0.0,0.0,10.542857142857144,10.0,10.6,12.5,10,3,2363593,0,0.0,0.9350162426854148,0.35460488704253557,0
Islamabad,2020,11,20.014285714285712,66.74285714285715,31.3,1014.6142857142858,5.257142857142857,0.0,0.0,0.0,11.957142857142856,10.542857142857144,13.3,10.6,11,3,2363593,0,0.0,0.970941817426052,0.23931566428755804,0
Islamabad,2020,12,22.385714285714283,56.128571428571426,14.0,1015.4,3.3857142857142857,0.0,0.0,0.0,23.17142857142857,11.957142857142856,29.7,13.3,12,3,2363593,0,0.0,0.992708874098054,0.120536680255323,0
Islamabad,2020,13,21.042857142857144,57.82857142857143,40.1,1016.4,4.042857142857143,0.0,0.0,0.0,20.014285714285712,23.17142857142857,31.3,29.7,13,3,2363593,0,0.0,1.0,-1.6081226496766366e-16,0
Islamabad,2020,14,21.74285714285714,65.1,21.7,1016.7714285714284,6.271428571428571,0.0,0.0,0.0,22.385714285714283,20.014285714285712,14.0,31.3,14,4,2363593,0,0.0,0.992708874098054,-0.12053668025532288,0
Islamabad,2020,15,21.47142857142857,57.942857142857136,20.8,1015.0,4.442857142857143,0.0,0.0,0.0,21.042857142857144,22.385714285714283,40.1,14.0,15,4,2363593,0,0.0,0.9709418174260521,-0.2393156642875575,0
Islamabad,2020,16,23.514285714285712,59.94285714285714,61.9,1016.6428571428572,4.3428571428571425,0.0,0.0,0.0,21.74285714285714,21.042857142857144,21.7,40.1,16,4,2363593,0,0.0,0.9350162426854148,-0.35460488704253545,0
Islamabad,2020,17,22.042857142857144,64.18571428571428,26.0,1014.6714285714286,4.814285714285715,0.0,0.0,0.0,21.47142857142857,21.74285714285714,20.8,21.7,17,4,2363593,0,0.0,0.8854560256532099,-0.4647231720437685,0
Islamabad,2020,18,21.8,58.142857142857146,38.4,1014.8,4.585714285714286,0.0,0.0,0.0,23.514285714285712,21.47142857142857,61.9,20.8,18,5,2363593,0,0.0,0.8229838658936565,-0.5680647467311557,0
Islamabad,2020,19,24.185714285714287,56.114285714285714,46.3,1013.0285714285714,5.3428571428571425,0.0,0.0,0.0,22.042857142857144,23.514285714285712,26.0,61.9,19,5,2363593,0,0.0,0.7485107481711013,-0.6631226582407951,0
Islamabad,2020,20,25.1,62.75714285714286,13.5,1014.7285714285716,5.057142857142857,0.0,0.0,0.0,21.8,22.042857142857144,38.4,26.0,20,5,2363593,0,0.0,0.6631226582407952,-0.7485107481711012,0
Islamabad,2020,21,22.414285714285715,67.62857142857142,28.9,1015.5142857142856,4.700000000000001,0.0,0.0,0.0,24.185714285714287,21.8,46.3,38.4,21,5,2363593,0,0.0,0.5680647467311558,-0.8229838658936564,0
Islamabad,2020,22,22.557142857142857,58.41428571428571,11.4,1015.1,4.485714285714286,0.0,0.0,0.0,25.1,24.185714285714287,13.5,46.3,22,5,2363593,0,0.0,0.46472317204376906,-0.8854560256532096,0
Islamabad,2020,23,31.52857142857143,58.25714285714286,34.1,1013.657142857143,4.814285714285715,0.0,0.0,0.0,22.414285714285715,25.1,28.9,13.5,23,6,2363593,0,0.0,0.35460488704253584,-0.9350162426854147,0
Islamabad,2020,24,34.528571428571425,54.98571428571428,29.2,1014.5571428571428,5.242857142857143,0.0,0.0,0.0,22.557142857142857,22.414285714285715,11.4,28.9,24,6,2363593,0,0.0,0.23931566428755768,-0.970941817426052,0
Islamabad,2020,25,35.542857142857144,54.68571428571429,27.200000000000003,1017.4857142857144,4.8999999999999995,0.0,0.0,0.0,31.52857142857143,22.557142857142857,34.1,11.4,25,6,2363593,0,0.0,0.12053668025532308,-0.992708874098054,0
Islamabad,2020,26,34.871428571428574,57.42857142857143,28.3,1013.8,5.057142857142857,0.0,0.0,0.0,34.528571428571425,31.52857142857143,29.2,34.1,26,6,2363593,0,0.0,-3.216245299353273e-16,-1.0,0
Islamabad,2020,27,32.31428571428571,68.28571428571429,44.2,1017.4285714285714,4.885714285714286,0.0,0.0,0.0,35.542857142857144,34.528571428571425,27.200000000000003,29.2,27,7,2363593,0,0.0,-0.12053668025532283,-0.992708874098054,1
Islamabad,2020,28,34.07142857142857,65.61428571428571,79.7,1015.9285714285714,5.571428571428571,0.0,0.0,0.0,34.871428571428574,35.542857142857144,28.3,27.200000000000003,28,7,2363593,0,0.0,-0.23931566428755743,-0.9709418174260521,1
Islamabad,2020,29,34.41428571428572,65.5142857142857,96.8,1015.2428571428572,4.928571428571429,0.0,0.0,0.0,32.31428571428571,34.871428571428574,44.2,28.3,29,7,2363593,0,0.0,-0.3546048870425356,-0.9350162426854148,1
Islamabad,2020,30,34.74285714285715,62.65714285714286,35.7,1013.3857142857142,5.328571428571428,0.0,0.0,0.0,34.07142857142857,32.31428571428571,79.7,44.2,30,7,2363593,0,0.0,-0.46472317204376806,-0.8854560256532101,1
Islamabad,2020,31,34.2,57.2,82.1,1015.3285714285714,5.971428571428571,0.0,0.0,0.0,34.41428571428572,34.07142857142857,96.8,79.7,31,8,2363593,0,0.0,-0.5680647467311556,-0.8229838658936565,1
Islamabad,2020,32,35.34285714285714,56.771428571428565,84.8,1013.5285714285714,5.542857142857143,0.0,0.0,0.0,34.74285714285715,34.41428571428572,35.7,96.8,32,8,2363593,0,0.0,-0.663122658240795,-0.7485107481711013,1
Islamabad,2020,33,32.84285714285714,65.42857142857143,69.4,1018.5714285714286,5.885714285714286,0.0,0.0,0.0,34.2,34.74285714285715,82.1,35.7,33,8,2363593,0,0.0,-0.7485107481711011,-0.6631226582407952,1
Islamabad,2020,34,34.0,62.9,44.9,1016.1714285714286,5.628571428571428,0.0,0.0,0.0,35.34285714285714,34.2,84.8,82.1,34,8,2363593,0,0.0,-0.8229838658936564,-0.5680647467311559,1
Islamabad,2020,35,36.17142857142857,53.67142857142858,67.6,1016.3285714285714,4.814285714285715,0.0,0.0,0.0,32.84285714285714,35.34285714285714,69.4,84.8,35,8,2363593,0,0.0,-0.8854560256532096,-0.4647231720437691,1
Islamabad,2020,36,19.614285714285717,58.7,111.7,1014.2857142857144,4.771428571428571,0.0,0.0,0.0,34.0,32.84285714285714,44.9,69.4,36,9,2363593,0,0.0,-0.9350162426854147,-0.3546048870425359,1
Islamabad,2020,37,18.8,53.42857142857143,148.6,1015.4,4.3999999999999995,0.0,0.0,0.0,36.17142857142857,34.0,67.6,44.9,37,9,2363593,0,0.0,-0.970941817426052,-0.23931566428755774,1
Islamabad,2020,38,19.314285714285713,59.542857142857144,108.1,1015.5285714285714,5.242857142857143,0.0,0.0,0.0,19.614285714285717,36.17142857142857,111.7,67.6,38,9,2363593,0,0.0,-0.992708874098054,-0.12053668025532357,1
Islamabad,2020,39,18.771428571428572,67.25714285714285,52.9,1013.2428571428572,5.228571428571429,0.0,0.0,0.0,18.8,19.614285714285717,148.6,111.7,39,9,2363593,0,0.0,-1.0,-1.8369701987210297e-16,1
Islamabad,2020,40,17.242857142857144,53.17142857142857,40.7,1014.4428571428572,4.385714285714285,0.0,0.0,0.0,19.314285714285713,18.8,108.1,148.6,40,10,2363593,0,0.0,-0.992708874098054,0.1205366802553232,1
Islamabad,2020,41,20.642857142857142,49.7,17.0,1014.7571428571428,5.228571428571429,0.0,0.0,0.0,18.771428571428572,19.314285714285713,52.9,108.1,41,10,2363593,0,0.0,-0.9709418174260521,0.23931566428755738,1
Islamabad,2020,42,18.328571428571426,67.98571428571428,20.0,1013.0,5.128571428571428,0.0,0.0,0.0,17.242857142857144,18.771428571428572,40.7,52.9,42,10,2363593,0,0.0,-0.9350162426854148,0.35460488704253557,1
Islamabad,2020,43,18.285714285714285,63.31428571428571,21.9,1014.4857142857144,4.0285714285714285,0.0,0.0,0.0,20.642857142857142,17.242857142857144,17.0,40.7,43,10,2363593,0,0.0,-0.8854560256532101,0.464723172043768,1
Islamabad,2020,44,19.585714285714285,70.57142857142857,38.9,1013.342857142857,4.114285714285715,0.0,0.0,0.0,18.328571428571426,20.642857142857142,20.0,17.0,44,11,2363593,0,0.0,-0.822983865893657,0.5680647467311548,0
Islamabad,2020,45,19.271428571428572,52.65714285714286,26.6,1013.9571428571428,4.357142857142857,0.0,0.0,0.0,18.285714285714285,18.328571428571426,21.9,20.0,45,11,2363593,0,0.0,-0.7485107481711011,0.6631226582407953,0
Islamabad,2020,46,17.242857142857144,58.371428571428574,18.9,1016.0571428571428,5.085714285714286,0.0,0.0,0.0,19.585714285714285,18.285714285714285,38.9,21.9,46,11,2363593,0,0.0,-0.6631226582407956,0.7485107481711007,0
Islamabad,2020,47,18.014285714285712,57.1,39.1,1014.2857142857144,4.1,0.0,0.0,0.0,19.271428571428572,19.585714285714285,26.6,38.9,47,11,2363593,0,0.0,-0.5680647467311559,0.8229838658936564,0
Islamabad,2020,48,17.657142857142855,66.04285714285714,15.0,1014.6285714285714,4.814285714285715,0.0,0.0,0.0,17.242857142857144,19.271428571428572,18.9,26.6,48,11,2363593,0,0.0,-0.4647231720437684,0.88545602565321,0
Islamabad,2020,49,13.071428571428571,68.74285714285715,29.1,1016.3285714285714,4.057142857142857,0.0,0.0,0.0,18.014285714285712,17.242857142857144,39.1,18.9,49,12,2363593,0,0.0,-0.35460488704253595,0.9350162426854147,0
Islamabad,2020,50,12.657142857142857,68.52857142857142,35.0,1014.3,4.828571428571428,0.0,0.0,0.0,17.657142857142855,18.014285714285712,15.0,39.1,50,12,2363593,0,0.0,-0.2393156642875578,0.970941817426052,0
Islamabad,2020,51,15.271428571428572,60.128571428571426,11.3,1016.4,5.414285714285714,0.0,0.0,0.0,13.071428571428571,17.657142857142855,29.1,15.0,51,12,2363593,0,0.0,-0.12053668025532363,0.992708874098054,0
Islamabad,2020,52,11.428571428571429,57.3,23.6,1013.3714285714286,5.785714285714286,0.0,0.0,0.0,12.657142857142857,13.071428571428571,35.0,29.1,52,12,2363593,0,0.0,6.432490598706546e-16,1.0,0
Islamabad,2020,53,11.6,54.72500000000001,19.7,1014.6,3.175,0.0,0.0,0.0,15.271428571428572,12.657142857142857,11.3,35.0,53,12,2363593,0,0.0,0.12053668025532314,0.992708874098054,0
Islamabad,2021,1,12.142857142857142,63.68571428571429,25.0,1013.3571428571428,4.271428571428571,0.0,0.0,0.0,11.428571428571429,15.271428571428572,23.6,11.3,1,1,2363593,0,0.0,0.12053668025532305,0.992708874098054,0
Islamabad,2021,2,10.2,63.18571428571429,52.400000000000006,1013.6,4.214285714285714,0.0,0.0,0.0,11.6,11.428571428571429,19.7,23.6,2,1,2363593,0,0.0,0.23931566428755774,0.970941817426052,0
Islamabad,2021,3,11.7,67.47142857142858,48.7,1016.7571428571428,5.1000000000000005,0.0,0.0,0.0,12.142857142857142,11.6,25.0,19.7,3,1,2363593,0,0.0,0.3546048870425356,0.9350162426854148,0
Islamabad,2021,4,11.314285714285717,70.91428571428571,21.3,1015.7428571428572,4.828571428571428,0.0,0.0,0.0,10.2,12.142857142857142,52.400000000000006,25.0,4,1,2363593,0,0.0,0.4647231720437685,0.8854560256532099,0
Islamabad,2021,5,9.757142857142856,60.84285714285714,28.0,1015.842857142857,3.4857142857142853,0.0,0.0,0.0,11.7,10.2,48.7,52.400000000000006,5,2,2363593,0,0.0,0.5680647467311558,0.8229838658936564,0
Islamabad,2021,6,10.114285714285714,63.41428571428571,23.4,1016.157142857143,6.042857142857143,0.0,0.0,0.0,11.314285714285717,11.7,21.3,48.7,6,2,2363593,0,0.0,0.6631226582407952,0.7485107481711011,0
Islamabad,2021,7,12.342857142857143,63.785714285714285,23.3,1014.1714285714286,4.114285714285714,0.0,0.0,0.0,9.757142857142856,11.314285714285717,28.0,21.3,7,2,2363593,0,0.0,0.7485107481711011,0.6631226582407953,0
Islamabad,2021,8,13.014285714285714,65.62857142857142,36.1,1016.9,4.714285714285714,0.0,0.0,0.0,10.114285714285714,9.757142857142856,23.4,28.0,8,2,2363593,0,0.0,0.8229838658936564,0.5680647467311558,0
Islamabad,2021,9,21.52857142857143,58.1,48.6,1016.3285714285714,5.814285714285715,0.0,0.0,0.0,12.342857142857143,10.114285714285714,23.3,23.4,9,3,2363593,0,0.0,0.8854560256532098,0.4647231720437686,0
Islamabad,2021,10,22.957142857142856,57.357142857142854,23.2,1015.1714285714286,4.971428571428571,0.0,0.0,0.0,13.014285714285714,12.342857142857143,36.1,23.3,10,3,2363593,0,0.0,0.9350162426854148,0.35460488704253557,0
Islamabad,2021,11,21.414285714285715,66.4,29.4,1015.1285714285716,5.071428571428571,0.0,0.0,0.0,21.52857142857143,13.014285714285714,48.6,36.1,11,3,2363593,0,0.0,0.970941817426052,0.23931566428755804,0
Islamabad,2021,12,23.557142857142857,60.3,38.7,1015.9,4.457142857142857,0.0,0.0,0.0,22.957142857142856,21.52857142857143,23.2,48.6,12,3,2363593,0,0.0,0.992708874098054,0.120536680255323,0
Islamabad,2021,13,20.32857142857143,61.9,11.3,1014.3857142857142,4.2,0.0,0.0,0.0,21.414285714285715,22.957142857142856,29.4,23.2,13,4,2363593,0,0.0,1.0,-1.6081226496766366e-16,0
Islamabad,2021,14,21.885714285714283,60.31428571428571,11.9,1015.3,5.814285714285715,0.0,0.0,0.0,23.557142857142857,21.414285714285715,38.7,29.4,14,4,2363593,0,0.0,0.992708874098054,-0.12053668025532288,0
Islamabad,2021,15,24.142857142857142,65.41428571428571,24.1,1014.5714285714286,3.4714285714285715,0.0,0.0,0.0,20.32857142857143,23.557142857142857,11.3,38.7,15,4,2363593,0,0.0,0.9709418174260521,-0.2393156642875575,0
Islamabad,2021,16,22.985714285714288,52.0,19.7,1014.0714285714286,5.185714285714286,0.0,0.0,0.0,21.885714285714283,20.32857142857143,11.9,11.3,16,4,2363593,0,0.0,0.9350162426854148,-0.35460488704253545,0
Islamabad,2021,17,23.5,70.12857142857142,28.1,1013.1857142857144,5.314285714285715,0.0,0.0,0.0,24.142857142857142,21.885714285714283,24.1,11.9,17,5,2363593,0,0.0,0.8854560256532099,-0.4647231720437685,0
Islamabad,2021,18,22.642857142857142,63.48571428571428,27.5,1016.2285714285716,4.285714285714286,0.0,0.0,0.0,22.985714285714288,24.142857142857142,19.7,24.1,18,5,2363593,0,0.0,0.8229838658936565,-0.5680647467311557,0
Islamabad,2021,19,22.271428571428572,67.0,13.6,1014.8142857142856,4.728571428571429,0.0,0.0,0.0,23.5,22.985714285714288,28.1,19.7,19,5,2363593,0,0.0,0.7485107481711013,-0.6631226582407951,0
Islamabad,2021,20,23.771428571428572,64.92857142857143,21.0,1016.3285714285714,6.385714285714286,0.0,0.0,0.0,22.642857142857142,23.5,27.5,28.1,20,5,2363593,0,0.0,0.6631226582407952,-0.7485107481711012,0
Islamabad,2021,21,21.82857142857143,61.55714285714286,16.3,1015.0285714285714,4.8,0.0,0.0,0.0,22.271428571428572,22.642857142857142,13.6,27.5,21,5,2363593,0,0.0,0.5680647467311558,-0.8229838658936564,0
Islamabad,2021,22,32.714285714285715,62.15714285714286,14.8,1015.4857142857144,4.7,0.0,0.0,0.0,23.771428571428572,22.271428571428572,21.0,13.6,22,6,2363593,0,0.0,0.46472317204376906,-0.8854560256532096,0
Islamabad,2021,23,35.25714285714286,64.74285714285715,10.1,1014.4428571428572,5.1000000000000005,0.0,0.0,0.0,21.82857142857143,23.771428571428572,16.3,21.0,23,6,2363593,0,0.0,0.35460488704253584,-0.9350162426854147,0
Islamabad,2021,24,35.471428571428575,56.91428571428571,10.5,1014.8714285714286,4.985714285714286,0.0,0.0,0.0,32.714285714285715,21.82857142857143,14.8,16.3,24,6,2363593,0,0.0,0.23931566428755768,-0.970941817426052,0
Islamabad,2021,25,34.22857142857143,61.114285714285714,16.3,1014.1857142857144,4.5285714285714285,0.0,0.0,0.0,35.25714285714286,32.714285714285715,10.1,14.8,25,6,2363593,0,0.0,0.12053668025532308,-0.992708874098054,0
Islamabad,2021,26,33.7,66.44285714285715,70.2,1014.6285714285714,3.2857142857142856,0.0,0.0,0.0,35.471428571428575,35.25714285714286,10.5,10.1,26,7,2363593,0,0.0,-3.216245299353273e-16,-1.0,1
Islamabad,2021,27,35.07142857142857,59.54285714285714,76.7,1013.4571428571428,4.614285714285714,0.0,0.0,0.0,34.22857142857143,35.471428571428575,16.3,10.5,27,7,2363593,0,0.0,-0.12053668025532283,-0.992708874098054,1
Islamabad,2021,28,35.2,70.87142857142858,83.7,1015.157142857143,5.371428571428572,0.0,0.0,0.0,33.7,34.22857142857143,70.2,16.3,28,7,2363593,0,0.0,-0.23931566428755743,-0.9709418174260521,1
Islamabad,2021,29,33.028571428571425,64.89999999999999,99.1,1016.0857142857144,5.1000000000000005,0.0,0.0,0.0,35.07142857142857,33.7,76.7,70.2,29,7,2363593,0,0.0,-0.3546048870425356,-0.9350162426854148,1
Islamabad,2021,30,32.44285714285714,60.25714285714286,66.10000000000001,1015.0285714285714,3.9857142857142858,0.0,0.0,0.0,35.2,35.07142857142857,83.7,76.7,30,8,2363593,0,0.0,-0.46472317204376806,-0.8854560256532101,1
Islamabad,2021,31,33.17142857142857,62.228571428571435,119.4,1015.3285714285714,4.4,0.0,0.0,0.0,33.028571428571425,35.2,99.1,83.7,31,8,2363593,0,0.0,-0.5680647467311556,-0.8229838658936565,1
Islamabad,2021,32,34.614285714285714,63.385714285714286,78.8,1016.8,5.385714285714286,0.0,0.0,0.0,32.44285714285714,33.028571428571425,66.10000000000001,99.1,32,8,2363593,0,0.0,-0.663122658240795,-0.7485107481711013,1
Islamabad,2021,33,34.75714285714286,63.68571428571429,50.599999999999994,1015.7857142857144,5.857142857142857,0.0,0.0,0.0,33.17142857142857,32.44285714285714,119.4,66.10000000000001,33,8,2363593,0,0.0,-0.7485107481711011,-0.6631226582407952,1
Islamabad,2021,34,34.17142857142857,58.72857142857142,59.8,1016.2857142857144,4.057142857142857,0.0,0.0,0.0,34.614285714285714,33.17142857142857,78.8,119.4,34,8,2363593,0,0.0,-0.8229838658936564,-0.5680647467311559,1
Islamabad,2021,35,21.75714285714286,59.728571428571435,90.5,1015.1857142857144,4.928571428571429,0.0,0.0,0.0,34.75714285714286,34.614285714285714,50.599999999999994,78.8,35,9,2363593,0,0.0,-0.8854560256532096,-0.4647231720437691,1
Islamabad,2021,36,19.042857142857144,59.75714285714286,100.3,1016.0428571428572,5.3428571428571425,0.0,0.0,0.0,34.17142857142857,34.75714285714286,59.8,50.599999999999994,36,9,2363593,0,0.0,-0.9350162426854147,-0.3546048870425359,1
Islamabad,2021,37,18.485714285714288,61.75714285714286,64.5,1013.3,4.971428571428571,0.0,0.0,0.0,21.75714285714286,34.17142857142857,90.5,59.8,37,9,2363593,0,0.0,-0.970941817426052,-0.23931566428755774,1
Islamabad,2021,38,17.585714285714285,62.728571428571435,36.1,1014.9285714285714,5.442857142857143,0.0,0.0,0.0,19.042857142857144,21.75714285714286,100.3,90.5,38,9,2363593,6,1.9459101490553132,-0.992708874098054,-0.12053668025532357,1
Islamabad,2021,39,19.457142857142856,66.57142857142857,64.6,1015.5142857142856,5.557142857142857,6.0,0.0,0.0,18.485714285714288,19.042857142857144,64.5,100.3,39,10,2363593,24,3.218875824868201,-1.0,-1.8369701987210297e-16,1
Islamabad,2021,40,20.685714285714287,67.78571428571429,21.0,1015.9714285714286,5.728571428571429,24.0,6.0,0.0,17.585714285714285,18.485714285714288,36.1,64.5,40,10,2363593,24,3.218875824868201,-0.992708874098054,0.1205366802553232,1
Islamabad,2021,41,20.12857142857143,67.58571428571429,32.1,1016.0,3.7142857142857144,24.0,24.0,6.0,19.457142857142856,17.585714285714285,64.6,36.1,41,10,2363593,49,3.912023005428146,-0.9709418174260521,0.23931566428755738,1
Islamabad,2021,42,19.842857142857145,62.48571428571428,52.8,1016.157142857143,4.8428571428571425,49.0,24.0,24.0,20.685714285714287,19.457142857142856,21.0,64.6,42,10,2363593,52,3.970291913552122,-0.9350162426854148,0.35460488704253557,1
Islamabad,2021,43,19.1,70.62857142857142,41.2,1015.1285714285714,5.485714285714286,52.0,49.0,24.0,20.12857142857143,20.685714285714287,32.1,21.0,43,10,2363593,61,4.127134385045092,-0.8854560256532101,0.464723172043768,1
Islamabad,2021,44,19.228571428571428,54.18571428571429,24.0,1015.7,5.571428571428571,61.0,52.0,49.0,19.842857142857145,20.12857142857143,52.8,32.1,44,11,2363593,48,3.8918202981106265,-0.822983865893657,0.5680647467311548,0
Islamabad,2021,45,18.342857142857145,58.24285714285715,24.5,1015.0142857142856,5.5,48.0,61.0,52.0,19.1,19.842857142857145,41.2,52.8,45,11,2363593,27,3.332204510175204,-0.7485107481711011,0.6631226582407953,0
Islamabad,2021,46,16.52857142857143,63.771428571428565,22.7,1013.9428571428572,5.2,27.0,48.0,61.0,19.228571428571428,19.1,24.0,41.2,46,11,2363593,16,2.833213344056216,-0.6631226582407956,0.7485107481711007,0
Islamabad,2021,47,17.6,58.3,33.7,1015.3142857142856,4.3428571428571425,16.0,27.0,48.0,18.342857142857145,19.228571428571428,24.5,24.0,47,11,2363593,12,2.5649493574615367,-0.5680647467311559,0.8229838658936564,0
Islamabad,2021,48,13.62857142857143,69.62857142857143,18.2,1014.7142857142856,5.685714285714285,12.0,16.0,27.0,16.52857142857143,18.342857142857145,22.7,24.5,48,12,2363593,3,1.3862943611198906,-0.4647231720437684,0.88545602565321,0
Islamabad,2021,49,10.171428571428573,69.27142857142857,14.3,1016.1,5.3999999999999995,3.0,12.0,16.0,17.6,16.52857142857143,33.7,22.7,49,12,2363593,1,0.6931471805599453,-0.35460488704253595,0.9350162426854147,0
Islamabad,2021,50,10.528571428571428,58.94285714285714,32.7,1014.2142857142856,4.7,1.0,3.0,12.0,13.62857142857143,17.6,18.2,33.7,50,12,2363593,1,0.6931471805599453,-0.2393156642875578,0.970941817426052,0
Islamabad,2021,51,9.771428571428572,61.92857142857143,39.6,1015.2,4.871428571428572,1.0,1.0,3.0,10.171428571428573,13.62857142857143,14.3,18.2,51,12,2363593,0,0.0,-0.12053668025532363,0.992708874098054,0
Islamabad,2021,52,10.48,58.14,24.4,1015.16,5.26,0.0,1.0,1.0,10.528571428571428,10.171428571428573,32.7,14.3,52,12,2363593,1,0.6931471805599453,6.432490598706546e-16,1.0,0
Islamabad,2021,53,10.7,69.8,11.1,1013.4666666666668,5.866666666666667,1.0,0.0,1.0,9.771428571428572,10.528571428571428,39.6,32.7,53,1,2363593,0,0.0,0.12053668025532314,0.992708874098054,0
Islamabad,2022,1,11.37142857142857,59.128571428571426,19.6,1015.4714285714286,4.442857142857143,0.0,1.0,0.0,10.48,9.771428571428572,24.4,39.6,1,1,2363593,0,0.0,0.12053668025532305,0.992708874098054,0
Islamabad,2022,2,10.414285714285716,57.3,35.199999999999996,1014.4285714285714,4.142857142857143,0.0,0.0,1.0,10.7,10.48,11.1,24.4,2,1,2363593,0,0.0,0.23931566428755774,0.970941817426052,0
Islamabad,2022,3,12.12857142857143,61.457142857142856,32.1,1016.657142857143,3.9,0.0,0.0,0.0,11.37142857142857,10.7,19.6,11.1,3,1,2363593,0,0.0,0.3546048870425356,0.9350162426854148,0
Islamabad,2022,4,12.271428571428572,62.67142857142857,20.7,1014.2285714285716,5.571428571428571,0.0,0.0,0.0,10.414285714285716,11.37142857142857,35.199999999999996,19.6,4,1,2363593,0,0.0,0.4647231720437685,0.8854560256532099,0
Islamabad,2022,5,12.085714285714284,51.7,34.0,1017.8285714285714,4.614285714285714,0.0,0.0,0.0,12.12857142857143,10.414285714285716,32.1,35.199999999999996,5,2,2363593,0,0.0,0.5680647467311558,0.8229838658936564,0
Islamabad,2022,6,11.928571428571429,59.25714285714286,31.4,1016.0,4.857142857142857,0.0,0.0,0.0,12.271428571428572,12.12857142857143,20.7,32.1,6,2,2363593,0,0.0,0.6631226582407952,0.7485107481711011,0
Islamabad,2022,7,9.528571428571428,69.62857142857142,37.1,1016.1142857142858,4.8,0.0,0.0,0.0,12.085714285714284,12.271428571428572,34.0,20.7,7,2,2363593,0,0.0,0.7485107481711011,0.6631226582407953,0
Islamabad,2022,8,11.27142857142857,63.114285714285714,25.7,1016.5857142857144,4.7,0.0,0.0,0.0,11.928571428571429,12.085714285714284,31.4,34.0,8,2,2363593,0,0.0,0.8229838658936564,0.5680647467311558,0
Islamabad,2022,9,19.457142857142856,58.628571428571426,19.8,1013.5714285714286,5.914285714285714,0.0,0.0,0.0,9.528571428571428,11.928571428571429,37.1,31.4,9,3,2363593,0,0.0,0.8854560256532098,0.4647231720437686,0
Islamabad,2022,10,23.214285714285715,61.614285714285714,14.7,1014.1285714285714,4.985714285714286,0.0,0.0,0.0,11.27142857142857,9.528571428571428,25.7,37.1,10,3,2363593,0,0.0,0.9350162426854148,0.35460488704253557,0
Islamabad,2022,11,23.714285714285715,60.0,18.2,1015.9571428571428,4.8,0.0,0.0,0.0,19.457142857142856,11.27142857142857,19.8,25.7,11,3,2363593,0,0.0,0.970941817426052,0.23931566428755804,0
Islamabad,2022,12,25.357142857142858,68.9857142857143,19.5,1015.7857142857144,4.785714285714286,0.0,0.0,0.0,23.214285714285715,19.457142857142856,14.7,19.8,12,3,2363593,0,0.0,0.992708874098054,0.120536680255323,0
Islamabad,2022,13,24.657142857142855,60.34285714285714,21.3,1015.2714285714284,4.571428571428571,0.0,0.0,0.0,23.714285714285715,23.214285714285715,18.2,14.7,13,4,2363593,0,0.0,1.0,-1.6081226496766366e-16,0
Islamabad,2022,14,22.47142857142857,69.17142857142858,26.8,1014.0714285714286,5.914285714285714,0.0,0.0,0.0,25.357142857142858,23.714285714285715,19.5,18.2,14,4,2363593,0,0.0,0.992708874098054,-0.12053668025532288,0
Islamabad,2022,15,23.714285714285715,68.62857142857142,49.5,1013.9857142857144,4.0285714285714285,0.0,0.0,0.0,24.657142857142855,25.357142857142858,21.3,19.5,15,4,2363593,0,0.0,0.9709418174260521,-0.2393156642875575,0
Islamabad,2022,16,24.142857142857142,55.1,17.9,1014.9571428571428,4.857142857142857,0.0,0.0,0.0,22.47142857142857,24.657142857142855,26.8,21.3,16,4,2363593,0,0.0,0.9350162426854148,-0.35460488704253545,0
Islamabad,2022,17,22.357142857142858,68.3,16.6,1013.0428571428572,4.314285714285714,0.0,0.0,0.0,23.714285714285715,22.47142857142857,49.5,26.8,17,5,2363593,0,0.0,0.8854560256532099,-0.4647231720437685,0
Islamabad,2022,18,21.5,61.285714285714285,34.5,1014.8,4.442857142857143,0.0,0.0,0.0,24.142857142857142,23.714285714285715,17.9,49.5,18,5,2363593,1,0.6931471805599453,0.8229838658936565,-0.5680647467311557,0
Islamabad,2022,19,22.685714285714287,63.91428571428571,29.4,1014.0142857142856,5.442857142857143,1.0,0.0,0.0,22.357142857142858,24.142857142857142,16.6,17.9,19,5,2363593,4,1.6094379124341005,0.7485107481711013,-0.6631226582407951,0
Islamabad,2022,20,22.114285714285717,60.1,6.8,1016.8,5.057142857142857,4.0,1.0,0.0,21.5,22.357142857142858,34.5,16.6,20,5,2363593,1,0.6931471805599453,0.6631226582407952,-0.7485107481711012,0
Islamabad,2022,21,22.82857142857143,59.028571428571425,47.1,1014.9714285714286,5.814285714285715,1.0,4.0,1.0,22.685714285714287,21.5,29.4,34.5,21,5,2363593,0,0.0,0.5680647467311558,-0.8229838658936564,0
Islamabad,2022,22,31.342857142857145,61.457142857142856,18.3,1016.1,5.785714285714286,0.0,1.0,4.0,22.114285714285717,22.685714285714287,6.8,29.4,22,6,2363593,0,0.0,0.46472317204376906,-0.8854560256532096,0
Islamabad,2022,23,33.07142857142857,62.18571428571429,24.1,1014.7142857142856,4.442857142857143,0.0,0.0,1.0,22.82857142857143,22.114285714285717,47.1,6.8,23,6,2363593,0,0.0,0.35460488704253584,-0.9350162426854147,0
Islamabad,2022,24,33.385714285714286,64.14285714285714,37.8,1016.1,5.142857142857143,0.0,0.0,0.0,31.342857142857145,22.82857142857143,18.3,47.1,24,6,2363593,0,0.0,0.23931566428755768,-0.970941817426052,0
Islamabad,2022,25,33.84285714285714,61.228571428571435,34.4,1014.4571428571428,5.457142857142857,0.0,0.0,0.0,33.07142857142857,31.342857142857145,24.1,18.3,25,6,2363593,0,0.0,0.12053668025532308,-0.992708874098054,0
Islamabad,2022,26,34.98571428571429,59.75714285714286,43.6,1013.5,4.8999999999999995,0.0,0.0,0.0,33.385714285714286,33.07142857142857,37.8,24.1,26,7,2363593,0,0.0,-3.216245299353273e-16,-1.0,1
Islamabad,2022,27,34.01428571428571,65.60000000000001,45.099999999999994,1012.8571428571428,5.514285714285714,0.0,0.0,0.0,33.84285714285714,33.385714285714286,34.4,37.8,27,7,2363593,0,0.0,-0.12053668025532283,-0.992708874098054,1
Islamabad,2022,28,34.2,64.47142857142858,73.3,1017.8857142857142,6.542857142857143,0.0,0.0,0.0,34.98571428571429,33.84285714285714,43.6,34.4,28,7,2363593,0,0.0,-0.23931566428755743,-0.9709418174260521,1
Islamabad,2022,29,35.1,67.5,52.8,1014.7142857142856,5.042857142857143,0.0,0.0,0.0,34.01428571428571,34.98571428571429,45.099999999999994,43.6,29,7,2363593,0,0.0,-0.3546048870425356,-0.9350162426854148,1
Islamabad,2022,30,33.028571428571425,58.028571428571425,56.9,1013.0857142857144,4.971428571428571,0.0,0.0,0.0,34.2,34.01428571428571,73.3,45.099999999999994,30,7,2363593,0,0.0,-0.46472317204376806,-0.8854560256532101,1
Islamabad,2022,31,33.15714285714286,68.84285714285714,24.8,1013.3571428571428,4.914285714285714,0.0,0.0,0.0,35.1,34.2,52.8,73.3,31,8,2363593,0,0.0,-0.5680647467311556,-0.8229838658936565,1
Islamabad,2022,32,33.68571428571429,60.24285714285714,84.5,1015.3857142857142,5.257142857142857,0.0,0.0,0.0,33.028571428571425,35.1,56.9,52.8,32,8,2363593,0,0.0,-0.663122658240795,-0.7485107481711013,1
Islamabad,2022,33,32.54285714285714,64.92857142857143,74.1,1014.2,4.714285714285714,0.0,0.0,0.0,33.15714285714286,33.028571428571425,24.8,56.9,33,8,2363593,2,1.0986122886681098,-0.7485107481711011,-0.6631226582407952,1
Islamabad,2022,34,33.41428571428572,73.60000000000001,49.3,1016.6285714285714,4.585714285714286,2.0,0.0,0.0,33.68571428571429,33.15714285714286,84.5,24.8,34,8,2363593,13,2.6390573296152584,-0.8229838658936564,-0.5680647467311559,1
Islamabad,2022,35,25.557142857142857,58.271428571428565,101.7,1016.1285714285714,4.8,13.0,2.0,0.0,32.54285714285714,33.68571428571429,74.1,84.5,35,9,2363593,20,3.044522437723423,-0.8854560256532096,-0.4647231720437691,1
Islamabad,2022,36,17.442857142857143,60.7,67.0,1015.3285714285714,5.114285714285714,20.0,13.0,2.0,33.41428571428572,32.54285714285714,49.3,74.1,36,9,2363593,35,3.58351893845611,-0.9350162426854147,-0.3546048870425359,1
Islamabad,2022,37,19.928571428571427,62.142857142857146,142.8,1015.2857142857144,4.342857142857143,35.0,20.0,13.0,25.557142857142857,33.41428571428572,101.7,49.3,37,9,2363593,46,3.8501476017100584,-0.970941817426052,-0.23931566428755774,1
Islamabad,2022,38,18.014285714285712,68.71428571428571,101.2,1013.8857142857142,5.457142857142857,46.0,35.0,20.0,17.442857142857143,25.557142857142857,67.0,101.7,38,9,2363593,82,4.418840607796598,-0.992708874098054,-0.12053668025532357,1
Islamabad,2022,39,19.414285714285715,60.971428571428575,79.6,1014.1,5.528571428571429,82.0,46.0,35.0,19.928571428571427,17.442857142857143,142.8,67.0,39,10,2363593,37,3.6375861597263857,-1.0,-1.8369701987210297e-16,1
Islamabad,2022,40,19.928571428571427,61.31428571428571,37.599999999999994,1011.4857142857144,3.642857142857143,37.0,82.0,46.0,18.014285714285712,19.928571428571427,101.2,142.8,40,10,2363593,65,4.189654742026425,-0.992708874098054,0.1205366802553232,1
Islamabad,2022,41,20.885714285714283,55.24285714285714,25.3,1013.5,4.4714285714285715,65.0,37.0,82.0,19.414285714285715,18.014285714285712,79.6,101.2,41,10,2363593,71,4.276666119016055,-0.9709418174260521,0.23931566428755738,1
Islamabad,2022,42,18.957142857142856,68.37142857142857,29.9,1014.842857142857,4.814285714285715,71.0,65.0,37.0,19.928571428571427,19.414285714285715,37.599999999999994,79.6,42,10,2363593,38,3.6635616461296463,-0.9350162426854148,0.35460488704253557,1
Islamabad,2022,43,19.314285714285713,67.2,35.6,1013.9285714285714,5.6571428571428575,38.0,71.0,65.0,20.885714285714283,19.928571428571427,25.3,37.599999999999994,43,10,2363593,26,3.295836866004329,-0.8854560256532101,0.464723172043768,1
Islamabad,2022,44,15.77142857142857,48.17142857142857,27.2,1013.4428571428572,3.685714285714286,26.0,38.0,71.0,18.957142857142856,20.885714285714283,29.9,25.3,44,11,2363593,29,3.4011973816621555,-0.822983865893657,0.5680647467311548,0
Islamabad,2022,45,17.785714285714285,67.87142857142858,11.9,1012.8,5.114285714285714,29.0,26.0,38.0,19.314285714285713,18.957142857142856,35.6,29.9,45,11,2363593,17,2.8903717578961645,-0.7485107481711011,0.6631226582407953,0
Islamabad,2022,46,17.985714285714288,62.74285714285714,12.9,1013.5571428571428,5.214285714285714,17.0,29.0,26.0,15.77142857142857,19.314285714285713,27.2,35.6,46,11,2363593,10,2.3978952727983707,-0.6631226582407956,0.7485107481711007,0
Islamabad,2022,47,17.585714285714285,52.142857142857146,37.8,1014.6,5.757142857142857,10.0,17.0,29.0,17.785714285714285,15.77142857142857,11.9,27.2,47,11,2363593,3,1.3862943611198906,-0.5680647467311559,0.8229838658936564,0
Islamabad,2022,48,15.157142857142857,54.857142857142854,33.3,1016.0714285714286,5.271428571428571,3.0,10.0,17.0,17.985714285714288,17.785714285714285,12.9,11.9,48,12,2363593,3,1.3862943611198906,-0.4647231720437684,0.88545602565321,0
Islamabad,2022,49,11.357142857142858,64.78571428571429,30.2,1013.5428571428572,4.585714285714286,3.0,3.0,10.0,17.585714285714285,17.985714285714288,37.8,12.9,49,12,2363593,0,0.0,-0.35460488704253595,0.9350162426854147,0
Islamabad,2022,50,10.585714285714284,69.25714285714285,19.8,1016.6285714285716,5.228571428571429,0.0,3.0,3.0,15.157142857142857,17.585714285714285,33.3,37.8,50,12,2363593,0,0.0,-0.2393156642875578,0.970941817426052,0
Islamabad,2022,51,11.714285714285714,62.0,31.9,1013.2,6.542857142857143,0.0,0.0,3.0,11.357142857142858,15.157142857142857,30.2,33.3,51,12,2363593,0,0.0,-0.12053668025532363,0.992708874098054,0
Islamabad,2022,52,9.9625,62.55,28.8,1015.7,5.2125,0.0,0.0,0.0,10.585714285714284,11.357142857142858,19.8,30.2,52,1,2363593,0,0.0,6.432490598706546e-16,1.0,0
Islamabad,2023,1,11.842857142857143,58.057142857142864,31.200000000000003,1016.657142857143,5.357142857142857,0.0,0.0,0.0,11.714285714285714,10.585714285714284,31.9,19.8,1,1,2363593,0,0.0,0.12053668025532305,0.992708874098054,0
Islamabad,2023,2,10.4,56.357142857142854,20.5,1015.0142857142856,4.385714285714285,0.0,0.0,0.0,9.9625,11.714285714285714,28.8,31.9,2,1,2363593,0,0.0,0.23931566428755774,0.970941817426052,0
Islamabad,2023,3,8.442857142857143,68.88571428571429,34.8,1014.8285714285714,6.142857142857143,0.0,0.0,0.0,11.842857142857143,9.9625,31.200000000000003,28.8,3,1,2363593,1,0.6931471805599453,0.3546048870425356,0.9350162426854148,0
Islamabad,2023,4,11.614285714285714,65.07142857142857,42.2,1014.4428571428572,4.585714285714286,1.0,0.0,0.0,10.4,11.842857142857143,20.5,31.200000000000003,4,1,2363593,0,0.0,0.4647231720437685,0.8854560256532099,0
Islamabad,2023,5,12.757142857142856,63.357142857142854,23.1,1016.7714285714284,5.257142857142857,0.0,1.0,0.0,8.442857142857143,10.4,34.8,20.5,5,2,2363593,0,0.0,0.5680647467311558,0.8229838658936564,0
Islamabad,2023,6,10.514285714285714,65.8,28.1,1014.2714285714284,4.371428571428572,0.0,0.0,1.0,11.614285714285714,8.442857142857143,42.2,34.8,6,2,2363593,0,0.0,0.6631226582407952,0.7485107481711011,0
Islamabad,2023,7,11.742857142857144,58.9,41.0,1014.6,4.8,0.0,0.0,0.0,12.757142857142856,11.614285714285714,23.1,42.2,7,2,2363593,0,0.0,0.7485107481711011,0.6631226582407953,0
Islamabad,2023,8,12.585714285714284,62.07142857142857,16.9,1014.9428571428572,5.271428571428571,0.0,0.0,0.0,10.514285714285714,12.757142857142856,28.1,23.1,8,2,2363593,0,0.0,0.8229838658936564,0.5680647467311558,0
Islamabad,2023,9,20.714285714285715,67.85714285714286,38.5,1014.2142857142856,5.928571428571429,0.0,0.0,0.0,11.742857142857144,10.514285714285714,41.0,28.1,9,3,2363593,0,0.0,0.8854560256532098,0.4647231720437686,0
Islamabad,2023,10,21.52857142857143,73.62857142857142,31.0,1015.3,4.228571428571429,0.0,0.0,0.0,12.585714285714284,11.742857142857144,16.9,41.0,10,3,2363593,0,0.0,0.9350162426854148,0.35460488704253557,0
Islamabad,2023,11,22.357142857142858,57.042857142857144,17.2,1015.9142857142856,4.114285714285715,0.0,0.0,0.0,20.714285714285715,12.585714285714284,38.5,16.9,11,3,2363593,0,0.0,0.970941817426052,0.23931566428755804,0
Islamabad,2023,12,23.114285714285717,58.614285714285714,17.2,1013.9571428571428,5.3,0.0,0.0,0.0,21.52857142857143,20.714285714285715,31.0,38.5,12,3,2363593,0,0.0,0.992708874098054,0.120536680255323,0
Islamabad,2023,13,23.771428571428572,58.2,28.9,1017.0142857142856,5.528571428571429,0.0,0.0,0.0,22.357142857142858,21.52857142857143,17.2,31.0,13,4,2363593,0,0.0,1.0,-1.6081226496766366e-16,0
Islamabad,2023,14,22.357142857142858,60.271428571428565,34.300000000000004,1015.4,4.542857142857143,0.0,0.0,0.0,23.114285714285717,22.357142857142858,17.2,17.2,14,4,2363593,0,0.0,0.992708874098054,-0.12053668025532288,0
Islamabad,2023,15,23.014285714285712,62.41428571428571,37.1,1015.5142857142856,4.485714285714286,0.0,0.0,0.0,23.771428571428572,23.114285714285717,28.9,17.2,15,4,2363593,0,0.0,0.9709418174260521,-0.2393156642875575,0
Islamabad,2023,16,23.47142857142857,60.371428571428574,22.1,1016.1428571428572,4.7,0.0,0.0,0.0,22.357142857142858,23.771428571428572,34.300000000000004,28.9,16,4,2363593,0,0.0,0.9350162426854148,-0.35460488704253545,0
Islamabad,2023,17,24.157142857142855,67.8,17.5,1015.4285714285714,4.414285714285714,0.0,0.0,0.0,23.014285714285712,22.357142857142858,37.1,34.300000000000004,17,4,2363593,0,0.0,0.8854560256532099,-0.4647231720437685,0
Islamabad,2023,18,23.071428571428573,63.642857142857146,16.8,1015.1285714285714,5.0,0.0,0.0,0.0,23.47142857142857,23.014285714285712,22.1,37.1,18,5,2363593,0,0.0,0.8229838658936565,-0.5680647467311557,0
Islamabad,2023,19,22.185714285714287,62.01428571428572,20.9,1013.4,5.542857142857143,0.0,0.0,0.0,24.157142857142855,23.47142857142857,17.5,22.1,19,5,2363593,0,0.0,0.7485107481711013,-0.6631226582407951,0
Islamabad,2023,20,22.314285714285713,63.25714285714286,16.9,1014.9714285714286,4.728571428571429,0.0,0.0,0.0,23.071428571428573,24.157142857142855,16.8,17.5,20,5,2363593,0,0.0,0.6631226582407952,-0.7485107481711012,0
Islamabad,2023,21,22.6,66.2,18.6,1013.6285714285714,4.928571428571429,0.0,0.0,0.0,22.185714285714287,23.071428571428573,20.9,16.8,21,5,2363593,0,0.0,0.5680647467311558,-0.8229838658936564,0
Islamabad,2023,22,29.471428571428568,62.471428571428575,27.9,1014.5428571428572,4.614285714285714,0.0,0.0,0.0,22.314285714285713,22.185714285714287,16.9,20.9,22,6,2363593,0,0.0,0.46472317204376906,-0.8854560256532096,0
Islamabad,2023,23,32.67142857142857,54.871428571428574,24.1,1013.1428571428572,4.057142857142857,0.0,0.0,0.0,22.6,22.314285714285713,18.6,16.9,23,6,2363593,0,0.0,0.35460488704253584,-0.9350162426854147,0
Islamabad,2023,24,33.771428571428565,62.228571428571435,21.0,1014.5714285714286,5.3,0.0,0.0,0.0,29.471428571428568,22.6,27.9,18.6,24,6,2363593,0,0.0,0.23931566428755768,-0.970941817426052,0
Islamabad,2023,25,34.9,68.25714285714285,25.8,1014.8,4.428571428571429,0.0,0.0,0.0,32.67142857142857,29.471428571428568,24.1,27.9,25,6,2363593,0,0.0,0.12053668025532308,-0.992708874098054,0
Islamabad,2023,26,35.01428571428571,65.38571428571429,34.7,1014.7571428571428,4.771428571428571,0.0,0.0,0.0,33.771428571428565,32.67142857142857,21.0,24.1,26,7,2363593,0,0.0,-3.216245299353273e-16,-1.0,1
Islamabad,2023,27,34.41428571428572,58.24285714285714,88.9,1016.1142857142858,5.557142857142857,0.0,0.0,0.0,34.9,33.771428571428565,25.8,21.0,27,7,2363593,0,0.0,-0.12053668025532283,-0.992708874098054,1
Islamabad,2023,28,33.57142857142857,56.05714285714286,63.3,1014.4571428571428,4.142857142857143,0.0,0.0,0.0,35.01428571428571,34.9,34.7,25.8,28,7,2363593,1,0.6931471805599453,-0.23931566428755743,-0.9709418174260521,1
Islamabad,2023,29,33.25714285714286,68.67142857142856,133.9,1013.8285714285714,5.628571428571428,1.0,0.0,0.0,34.41428571428572,35.01428571428571,88.9,34.7,29,7,2363593,0,0.0,-0.3546048870425356,-0.9350162426854148,1
Islamabad,2023,30,34.65714285714286,72.55714285714285,75.0,1015.7,5.257142857142857,0.0,1.0,0.0,33.57142857142857,34.41428571428572,63.3,88.9,30,7,2363593,0,0.0,-0.46472317204376806,-0.8854560256532101,1
Islamabad,2023,31,35.05714285714286,64.61428571428571,60.7,1013.3142857142856,4.785714285714286,0.0,0.0,1.0,33.25714285714286,33.57142857142857,133.9,63.3,31,8,2363593,0,0.0,-0.5680647467311556,-0.8229838658936565,1
Islamabad,2023,32,32.628571428571426,61.94285714285714,98.7,1015.4571428571428,4.014285714285714,0.0,0.0,0.0,34.65714285714286,33.25714285714286,75.0,133.9,32,8,2363593,0,0.0,-0.663122658240795,-0.7485107481711013,1
Islamabad,2023,33,34.07142857142857,62.957142857142856,123.7,1015.0857142857144,4.6000000000000005,0.0,0.0,0.0,35.05714285714286,34.65714285714286,60.7,75.0,33,8,2363593,1,0.6931471805599453,-0.7485107481711011,-0.6631226582407952,1
Islamabad,2023,34,34.91428571428572,58.271428571428565,68.2,1014.0142857142856,4.857142857142857,1.0,0.0,0.0,32.628571428571426,35.05714285714286,98.7,60.7,34,8,2363593,6,1.9459101490553132,-0.8229838658936564,-0.5680647467311559,1
Islamabad,2023,35,28.428571428571427,64.85714285714286,60.5,1015.0571428571428,4.914285714285714,6.0,1.0,0.0,34.07142857142857,32.628571428571426,123.7,98.7,35,9,2363593,8,2.1972245773362196,-0.8854560256532096,-0.4647231720437691,1
Islamabad,2023,36,18.957142857142856,60.98571428571428,49.6,1015.9142857142856,5.557142857142857,8.0,6.0,1.0,34.91428571428572,34.07142857142857,68.2,123.7,36,9,2363593,4,1.6094379124341005,-0.9350162426854147,-0.3546048870425359,1
Islamabad,2023,37,17.728571428571428,77.8,90.3,1015.3571428571428,4.485714285714286,4.0,8.0,6.0,28.428571428571427,34.91428571428572,60.5,68.2,37,9,2363593,27,3.332204510175204,-0.970941817426052,-0.23931566428755774,1
Islamabad,2023,38,18.142857142857142,65.62857142857142,54.2,1015.842857142857,5.142857142857143,27.0,4.0,8.0,18.957142857142856,28.428571428571427,49.6,60.5,38,9,2363593,24,3.218875824868201,-0.992708874098054,-0.12053668025532357,1
Islamabad,2023,39,18.057142857142857,67.18571428571428,19.8,1012.842857142857,5.8999999999999995,24.0,27.0,4.0,17.728571428571428,18.957142857142856,90.3,49.6,39,10,2363593,25,3.258096538021482,-1.0,-1.8369701987210297e-16,1
Islamabad,2023,40,18.285714285714285,61.9,28.8,1013.7714285714284,4.828571428571428,25.0,24.0,27.0,18.142857142857142,17.728571428571428,54.2,90.3,40,10,2363593,28,3.367295829986474,-0.992708874098054,0.1205366802553232,1
Islamabad,2023,41,18.185714285714287,58.9,18.0,1016.157142857143,4.542857142857143,28.0,25.0,24.0,18.057142857142857,18.142857142857142,19.8,54.2,41,10,2363593,21,3.091042453358316,-0.9709418174260521,0.23931566428755738,1
Islamabad,2023,42,20.12857142857143,64.8,31.9,1013.2285714285716,4.1,21.0,28.0,25.0,18.285714285714285,18.057142857142857,28.8,19.8,42,10,2363593,14,2.70805020110221,-0.9350162426854148,0.35460488704253557,1
Islamabad,2023,43,18.814285714285713,61.05714285714286,32.5,1017.3571428571428,6.1000000000000005,14.0,21.0,28.0,18.185714285714287,18.285714285714285,18.0,28.8,43,10,2363593,11,2.4849066497880004,-0.8854560256532101,0.464723172043768,1
Islamabad,2023,44,18.5,59.15714285714286,25.5,1014.0857142857144,5.614285714285714,11.0,14.0,21.0,20.12857142857143,18.185714285714287,31.9,18.0,44,11,2363593,6,1.9459101490553132,-0.822983865893657,0.5680647467311548,0
Islamabad,2023,45,19.114285714285717,60.74285714285714,24.9,1016.3571428571428,4.785714285714286,6.0,11.0,14.0,18.814285714285713,20.12857142857143,32.5,31.9,45,11,2363593,15,2.772588722239781,-0.7485107481711011,0.6631226582407953,0
Islamabad,2023,46,19.885714285714283,59.92857142857143,33.3,1015.2,4.7,15.0,6.0,11.0,18.5,18.814285714285713,25.5,32.5,46,11,2363593,4,1.6094379124341005,-0.6631226582407956,0.7485107481711007,0
Islamabad,2023,47,19.957142857142856,58.542857142857144,29.9,1016.2714285714284,5.228571428571429,4.0,15.0,6.0,19.114285714285717,18.5,24.9,25.5,47,11,2363593,2,1.0986122886681098,-0.5680647467311559,0.8229838658936564,0
Islamabad,2023,48,16.442857142857143,67.68571428571428,23.1,1016.8571428571428,4.314285714285715,2.0,4.0,15.0,19.885714285714283,19.114285714285717,33.3,24.9,48,12,2363593,1,0.6931471805599453,-0.4647231720437684,0.88545602565321,0
Islamabad,2023,49,9.44285714285714,64.67142857142858,14.6,1013.7142857142856,5.771428571428571,1.0,2.0,4.0,19.957142857142856,19.885714285714283,29.9,33.3,49,12,2363593,0,0.0,-0.35460488704253595,0.9350162426854147,0
Islamabad,2023,50,13.228571428571428,58.75714285714286,14.4,1015.6714285714286,4.585714285714286,0.0,1.0,2.0,16.442857142857143,19.957142857142856,23.1,29.9,50,12,2363593,0,0.0,-0.2393156642875578,0.970941817426052,0
Islamabad,2023,51,11.414285714285716,65.65714285714286,22.2,1014.6428571428572,5.285714285714286,0.0,0.0,1.0,9.44285714285714,16.442857142857143,14.6,23.1,51,12,2363593,0,0.0,-0.12053668025532363,0.992708874098054,0
Islamabad,2023,52,10.7125,70.1875,42.7,1016.2375,3.9875,0.0,0.0,0.0,13.228571428571428,9.44285714285714,14.4,14.6,52,1,2363593,0,0.0,6.432490598706546e-16,1.0,0
Islamabad,2024,1,12.544444444444444,58.58888888888888,32.5,1014.5,5.455555555555556,0.0,0.0,0.0,11.414285714285716,13.228571428571428,22.2,14.4,1,1,2363593,1,0.6931471805599453,0.12053668025532305,0.992708874098054,0
Islamabad,2024,2,11.328571428571427,54.2,10.7,1015.6285714285714,5.585714285714286,1.0,0.0,0.0,10.7125,11.414285714285716,42.7,22.2,2,1,2363593,0,0.0,0.23931566428755774,0.970941817426052,0
Islamabad,2024,3,11.857142857142858,65.44285714285715,35.8,1013.7714285714284,5.1000000000000005,0.0,1.0,0.0,12.544444444444444,10.7125,32.5,42.7,3,1,2363593,0,0.0,0.3546048870425356,0.9350162426854148,0
Islamabad,2024,4,10.042857142857144,60.75714285714285,22.8,1016.0571428571428,5.428571428571429,0.0,0.0,1.0,11.328571428571427,12.544444444444444,10.7,32.5,4,1,2363593,0,0.0,0.4647231720437685,0.8854560256532099,0
Islamabad,2024,5,11.985714285714286,69.11428571428571,23.7,1015.2714285714286,4.742857142857143,0.0,0.0,0.0,11.857142857142858,11.328571428571427,35.8,10.7,5,2,2363593,0,0.0,0.5680647467311558,0.8229838658936564,0
Islamabad,2024,6,11.457142857142856,52.65714285714286,19.5,1016.9714285714286,4.942857142857143,0.0,0.0,0.0,10.042857142857144,11.857142857142858,22.8,35.8,6,2,2363593,0,0.0,0.6631226582407952,0.7485107481711011,0
Islamabad,2024,7,11.857142857142858,69.27142857142857,41.1,1013.8,4.514285714285714,0.0,0.0,0.0,11.985714285714286,10.042857142857144,23.7,22.8,7,2,2363593,0,0.0,0.7485107481711011,0.6631226582407953,0
Islamabad,2024,8,10.714285714285714,62.714285714285715,30.4,1014.6142857142858,4.714285714285714,0.0,0.0,0.0,11.457142857142856,11.985714285714286,19.5,23.7,8,2,2363593,0,0.0,0.8229838658936564,0.5680647467311558,0
Islamabad,2024,9,16.62857142857143,61.32857142857143,22.4,1013.842857142857,4.585714285714286,0.0,0.0,0.0,11.857142857142858,11.457142857142856,41.1,19.5,9,3,2363593,0,0.0,0.8854560256532098,0.4647231720437686,0
Islamabad,2024,10,22.957142857142856,52.3,18.8,1016.9285714285714,4.3428571428571425,0.0,0.0,0.0,10.714285714285714,11.857142857142858,30.4,41.1,10,3,2363593,0,0.0,0.9350162426854148,0.35460488704253557,0
Islamabad,2024,11,22.157142857142855,53.98571428571428,25.9,1015.7857142857144,5.985714285714286,0.0,0.0,0.0,16.62857142857143,10.714285714285714,22.4,30.4,11,3,2363593,0,0.0,0.970941817426052,0.23931566428755804,0
Islamabad,2024,12,23.271428571428572,61.4,33.0,1015.8571428571428,4.357142857142857,0.0,0.0,0.0,22.957142857142856,16.62857142857143,18.8,22.4,12,3,2363593,0,0.0,0.992708874098054,0.120536680255323,0
Islamabad,2024,13,23.12857142857143,64.11428571428571,13.9,1016.7571428571428,5.614285714285714,0.0,0.0,0.0,22.157142857142855,22.957142857142856,25.9,18.8,13,3,2363593,0,0.0,1.0,-1.6081226496766366e-16,0
Islamabad,2024,14,23.52857142857143,63.114285714285714,44.1,1014.1142857142858,4.7,0.0,0.0,0.0,23.271428571428572,22.157142857142855,33.0,25.9,14,4,2363593,0,0.0,0.992708874098054,-0.12053668025532288,0
Islamabad,2024,15,23.52857142857143,51.68571428571429,43.3,1014.4714285714286,5.557142857142857,0.0,0.0,0.0,23.12857142857143,23.271428571428572,13.9,33.0,15,4,2363593,0,0.0,0.9709418174260521,-0.2393156642875575,0
Islamabad,2024,16,23.74285714285714,61.17142857142857,21.0,1011.7142857142856,5.3999999999999995,0.0,0.0,0.0,23.52857142857143,23.12857142857143,44.1,13.9,16,4,2363593,0,0.0,0.9350162426854148,-0.35460488704253545,0
Islamabad,2024,17,21.714285714285715,68.51428571428572,30.6,1015.5142857142856,5.1571428571428575,0.0,0.0,0.0,23.52857142857143,23.52857142857143,43.3,44.1,17,4,2363593,1,0.6931471805599453,0.8854560256532099,-0.4647231720437685,0
Islamabad,2024,18,21.071428571428573,61.885714285714286,23.6,1014.7428571428572,4.414285714285714,1.0,0.0,0.0,23.74285714285714,23.52857142857143,21.0,43.3,18,5,2363593,0,0.0,0.8229838658936565,-0.5680647467311557,0
Islamabad,2024,19,23.285714285714285,63.714285714285715,39.6,1013.6428571428572,5.7,0.0,1.0,0.0,21.714285714285715,23.74285714285714,30.6,21.0,19,5,2363593,0,0.0,0.7485107481711013,-0.6631226582407951,0
Islamabad,2024,20,23.0,56.471428571428575,23.4,1016.0,5.1000000000000005,0.0,0.0,1.0,21.071428571428573,21.714285714285715,23.6,30.6,20,5,2363593,0,0.0,0.6631226582407952,-0.7485107481711012,0
Islamabad,2024,21,24.17142857142857,62.92857142857143,41.5,1016.6,4.871428571428572,0.0,0.0,0.0,23.285714285714285,21.071428571428573,39.6,23.6,21,5,2363593,1,0.6931471805599453,0.5680647467311558,-0.8229838658936564,0
Islamabad,2024,22,26.0,60.65714285714286,26.5,1014.8571428571428,5.171428571428572,1.0,0.0,0.0,23.0,23.285714285714285,23.4,39.6,22,6,2363593,0,0.0,0.46472317204376906,-0.8854560256532096,0
Islamabad,2024,23,34.32857142857143,59.5,24.9,1015.0428571428572,6.028571428571429,0.0,1.0,0.0,24.17142857142857,23.0,41.5,23.4,23,6,2363593,0,0.0,0.35460488704253584,-0.9350162426854147,0
Islamabad,2024,24,35.285714285714285,60.8,22.2,1015.4428571428572,5.314285714285715,0.0,0.0,1.0,26.0,24.17142857142857,26.5,41.5,24,6,2363593,0,0.0,0.23931566428755768,-0.970941817426052,0
Islamabad,2024,25,34.44285714285714,63.114285714285714,44.599999999999994,1013.9571428571428,4.8999999999999995,0.0,0.0,0.0,34.32857142857143,26.0,24.9,26.5,25,6,2363593,0,0.0,0.12053668025532308,-0.992708874098054,0
Islamabad,2024,26,33.214285714285715,56.857142857142854,26.1,1014.4857142857144,4.985714285714286,0.0,0.0,0.0,35.285714285714285,34.32857142857143,22.2,24.9,26,6,2363593,0,0.0,-3.216245299353273e-16,-1.0,0
Islamabad,2024,27,33.214285714285715,70.07142857142857,76.6,1015.0,5.5,0.0,0.0,0.0,34.44285714285714,35.285714285714285,44.599999999999994,22.2,27,7,2363593,0,0.0,-0.12053668025532283,-0.992708874098054,1
Islamabad,2024,28,33.31428571428571,71.07142857142857,60.5,1013.2428571428572,4.985714285714286,0.0,0.0,0.0,33.214285714285715,34.44285714285714,26.1,44.599999999999994,28,7,2363593,0,0.0,-0.23931566428755743,-0.9709418174260521,1
Islamabad,2024,29,32.2,68.31428571428572,93.8,1015.6142857142858,5.414285714285714,0.0,0.0,0.0,33.214285714285715,33.214285714285715,76.6,26.1,29,7,2363593,0,0.0,-0.3546048870425356,-0.9350162426854148,1
Islamabad,2024,30,34.98571428571429,70.2,24.2,1016.2428571428572,4.714285714285714,0.0,0.0,0.0,33.31428571428571,33.214285714285715,60.5,76.6,30,7,2363593,0,0.0,-0.46472317204376806,-0.8854560256532101,1
Islamabad,2024,31,32.9,69.42857142857143,29.9,1014.9142857142856,4.828571428571428,0.0,0.0,0.0,32.2,33.31428571428571,93.8,60.5,31,8,2363593,1,0.6931471805599453,-0.5680647467311556,-0.8229838658936565,1
Islamabad,2024,32,32.27142857142857,58.05714285714286,78.6,1014.9142857142856,5.0,1.0,0.0,0.0,34.98571428571429,32.2,24.2,93.8,32,8,2363593,0,0.0,-0.663122658240795,-0.7485107481711013,1
Islamabad,2024,33,34.6,68.7,95.9,1013.9142857142856,5.757142857142857,0.0,1.0,0.0,32.9,34.98571428571429,29.9,24.2,33,8,2363593,0,0.0,-0.7485107481711011,-0.6631226582407952,1
Islamabad,2024,34,33.02857142857143,58.94285714285714,82.4,1013.9285714285714,4.3428571428571425,0.0,0.0,1.0,32.27142857142857,32.9,78.6,29.9,34,8,2363593,1,0.6931471805599453,-0.8229838658936564,-0.5680647467311559,1
Islamabad,2024,35,31.542857142857144,69.81428571428572,60.6,1015.8571428571428,5.085714285714286,1.0,0.0,0.0,34.6,32.27142857142857,95.9,78.6,35,9,2363593,4,1.6094379124341005,-0.8854560256532096,-0.4647231720437691,1
Islamabad,2024,36,19.071428571428573,59.885714285714286,63.099999999999994,1015.5857142857144,5.528571428571429,4.0,1.0,0.0,33.02857142857143,34.6,82.4,95.9,36,9,2363593,5,1.791759469228055,-0.9350162426854147,-0.3546048870425359,1
Islamabad,2024,37,19.74285714285714,60.67142857142857,84.39999999999999,1015.6428571428572,4.014285714285714,5.0,4.0,1.0,31.542857142857144,33.02857142857143,60.6,82.4,37,9,2363593,7,2.0794415416798357,-0.970941817426052,-0.23931566428755774,1
Islamabad,2024,38,22.0,58.857142857142854,50.1,1016.0571428571428,5.828571428571428,7.0,5.0,4.0,19.071428571428573,31.542857142857144,63.099999999999994,60.6,38,9,2363593,46,3.8501476017100584,-0.992708874098054,-0.12053668025532357,1
Islamabad,2024,39,19.457142857142856,60.471428571428575,62.2,1015.1857142857144,4.3428571428571425,46.0,7.0,5.0,19.74285714285714,19.071428571428573,84.39999999999999,63.099999999999994,39,9,2363593,57,4.060443010546419,-1.0,-1.8369701987210297e-16,1
Islamabad,2024,40,20.0,67.68571428571428,31.8,1015.4285714285714,4.742857142857143,57.0,46.0,7.0,22.0,19.74285714285714,50.1,84.39999999999999,40,10,2363593,78,4.3694478524670215,-0.992708874098054,0.1205366802553232,1
Islamabad,2024,41,20.114285714285717,64.2,22.4,1013.3142857142856,4.871428571428572,78.0,57.0,46.0,19.457142857142856,22.0,62.2,50.1,41,10,2363593,118,4.77912349311153,-0.9709418174260521,0.23931566428755738,1
Islamabad,2024,42,19.714285714285715,66.51428571428572,18.3,1016.2,5.442857142857143,118.0,78.0,57.0,20.0,19.457142857142856,31.8,62.2,42,10,2363593,91,4.5217885770490405,-0.9350162426854148,0.35460488704253557,1
Islamabad,2024,43,19.185714285714287,66.51428571428572,33.9,1014.7,4.428571428571429,91.0,118.0,78.0,20.114285714285717,20.0,22.4,31.8,43,10,2363593,85,4.454347296253507,-0.8854560256532101,0.464723172043768,1
Islamabad,2024,44,21.557142857142857,65.04285714285714,17.0,1015.9571428571428,5.642857142857143,85.0,91.0,118.0,19.714285714285715,20.114285714285717,18.3,22.4,44,11,2363593,84,4.442651256490317,-0.822983865893657,0.5680647467311548,0
Islamabad,2024,45,18.385714285714283,54.957142857142856,18.6,1014.9857142857144,5.142857142857143,84.0,85.0,91.0,19.185714285714287,19.714285714285715,33.9,18.3,45,11,2363593,38,3.6635616461296463,-0.7485107481711011,0.6631226582407953,0
Islamabad,2024,46,19.2,70.32857142857144,21.0,1015.2714285714284,5.985714285714286,38.0,84.0,85.0,21.557142857142857,19.185714285714287,17.0,33.9,46,11,2363593,53,3.9889840465642745,-0.6631226582407956,0.7485107481711007,0
Islamabad,2024,47,17.67142857142857,64.54285714285714,32.4,1014.3285714285714,5.242857142857143,53.0,38.0,84.0,18.385714285714283,21.557142857142857,18.6,17.0,47,11,2363593,19,2.995732273553991,-0.5680647467311559,0.8229838658936564,0
Islamabad,2024,48,18.814285714285713,63.41428571428571,48.7,1014.8571428571428,5.542857142857143,19.0,53.0,38.0,19.2,18.385714285714283,21.0,18.6,48,12,2363593,14,2.70805020110221,-0.4647231720437684,0.88545602565321,0
Islamabad,2024,49,12.642857142857142,61.77142857142858,22.5,1013.8285714285714,5.614285714285714,14.0,19.0,53.0,17.67142857142857,19.2,32.4,21.0,49,12,2363593,5,1.791759469228055,-0.35460488704253595,0.9350162426854147,0
Islamabad,2024,50,11.571428571428571,67.34285714285714,35.3,1016.5571428571428,5.128571428571428,5.0,14.0,19.0,18.814285714285713,17.67142857142857,48.7,32.4,50,12,2363593,1,0.6931471805599453,-0.2393156642875578,0.970941817426052,0
Islamabad,2024,51,11.2,65.95714285714286,34.7,1016.3285714285714,4.257142857142857,1.0,5.0,14.0,12.642857142857142,18.814285714285713,22.5,48.7,51,12,2363593,0,0.0,-0.12053668025532363,0.992708874098054,0
Islamabad,2024,52,11.171428571428573,64.01428571428572,45.8,1016.5285714285714,3.7,0.0,1.0,5.0,11.571428571428571,12.642857142857142,35.3,22.5,52,12,2363593,0,0.0,6.432490598706546e-16,1.0,0
Lahore,2013,4,14.414285714285716,56.0,19.8,1014.3,4.6571428571428575,0.0,0.0,0.0,14.142857142857142,16.1375,18.3,15.6,4,1,13000759,0,0.0,0.4647231720437685,0.8854560256532099,0
Lahore,2013,5,17.157142857142855,49.028571428571425,7.300000000000001,1013.7857142857144,4.914285714285714,0.0,0.0,0.0,15.2,14.142857142857142,14.9,18.3,5,2,13000759,0,0.0,0.5680647467311558,0.8229838658936564,0
Lahore,2013,6,15.842857142857143,54.15714285714286,20.8,1014.0428571428572,5.614285714285714,0.0,0.0,0.0,14.414285714285716,15.2,19.8,14.9,6,2,13000759,0,0.0,0.6631226582407952,0.7485107481711011,0
Lahore,2013,7,16.742857142857144,55.128571428571426,17.0,1015.7285714285716,5.828571428571428,0.0,0.0,0.0,17.157142857142855,14.414285714285716,7.300000000000001,19.8,7,2,13000759,0,0.0,0.7485107481711011,0.6631226582407953,0
Lahore,2013,8,15.414285714285716,59.885714285714286,22.4,1014.9142857142856,5.214285714285714,0.0,0.0,0.0,15.842857142857143,17.157142857142855,20.8,7.300000000000001,8,2,13000759,0,0.0,0.8229838658936564,0.5680647467311558,0
Lahore,2013,9,20.114285714285717,51.74285714285714,21.0,1014.0571428571428,5.0,0.0,0.0,0.0,16.742857142857144,15.842857142857143,17.0,20.8,9,3,13000759,0,0.0,0.8854560256532098,0.4647231720437686,0
Lahore,2013,10,25.814285714285713,58.41428571428571,12.4,1015.0,5.214285714285714,0.0,0.0,0.0,15.414285714285716,16.742857142857144,22.4,17.0,10,3,13000759,0,0.0,0.9350162426854148,0.35460488704253557,0
Lahore,2013,11,28.25714285714286,52.4,17.6,1014.8,4.4714285714285715,0.0,0.0,0.0,20.114285714285717,15.414285714285716,21.0,22.4,11,3,13000759,0,0.0,0.970941817426052,0.23931566428755804,0
Lahore,2013,12,25.75714285714286,58.74285714285714,9.6,1016.5714285714286,5.985714285714286,0.0,0.0,0.0,25.814285714285713,20.114285714285717,12.4,21.0,12,3,13000759,0,0.0,0.992708874098054,0.120536680255323,0
Lahore,2013,13,25.657142857142855,55.228571428571435,17.400000000000002,1014.3571428571428,5.028571428571429,0.0,0.0,0.0,28.25714285714286,25.814285714285713,17.6,12.4,13,3,13000759,0,0.0,1.0,-1.6081226496766366e-16,0
Lahore,2013,14,26.7,61.7,12.3,1014.2142857142856,5.857142857142857,0.0,0.0,0.0,25.75714285714286,28.25714285714286,9.6,17.6,14,4,13000759,0,0.0,0.992708874098054,-0.12053668025532288,0
Lahore,2013,15,27.114285714285717,60.34285714285714,16.5,1014.4142857142856,4.428571428571429,0.0,0.0,0.0,25.657142857142855,25.75714285714286,17.400000000000002,9.6,15,4,13000759,0,0.0,0.9709418174260521,-0.2393156642875575,0
Lahore,2013,16,29.1,61.58571428571429,25.299999999999997,1013.7857142857144,5.557142857142857,0.0,0.0,0.0,26.7,25.657142857142855,12.3,17.400000000000002,16,4,13000759,0,0.0,0.9350162426854148,-0.35460488704253545,0
Lahore,2013,17,28.37142857142857,50.74285714285714,17.0,1013.8571428571428,4.685714285714285,0.0,0.0,0.0,27.114285714285717,26.7,16.5,12.3,17,4,13000759,0,0.0,0.8854560256532099,-0.4647231720437685,0
Lahore,2013,18,27.75714285714286,68.54285714285714,10.6,1014.4,4.3,0.0,0.0,0.0,29.1,27.114285714285717,25.299999999999997,16.5,18,5,13000759,0,0.0,0.8229838658936565,-0.5680647467311557,0
Lahore,2013,19,25.87142857142857,63.81428571428571,16.8,1015.2428571428572,5.3,0.0,0.0,0.0,28.37142857142857,29.1,17.0,25.299999999999997,19,5,13000759,0,0.0,0.7485107481711013,-0.6631226582407951,0
Lahore,2013,20,27.257142857142856,52.785714285714285,10.9,1016.1142857142858,6.357142857142857,0.0,0.0,0.0,27.75714285714286,28.37142857142857,10.6,17.0,20,5,13000759,1,0.6931471805599453,0.6631226582407952,-0.7485107481711012,0
Lahore,2013,21,26.442857142857143,57.48571428571428,10.1,1013.8857142857142,5.314285714285715,1.0,0.0,0.0,25.87142857142857,27.75714285714286,16.8,10.6,21,5,13000759,0,0.0,0.5680647467311558,-0.8229838658936564,0
Lahore,2013,22,31.271428571428572,50.728571428571435,12.7,1015.8142857142856,5.8428571428571425,0.0,1.0,0.0,27.257142857142856,25.87142857142857,10.9,16.8,22,6,13000759,0,0.0,0.46472317204376906,-0.8854560256532096,0
Lahore,2013,23,39.1,56.05714285714286,17.9,1016.7142857142856,5.485714285714286,0.0,0.0,1.0,26.442857142857143,27.257142857142856,10.1,10.9,23,6,13000759,0,0.0,0.35460488704253584,-0.9350162426854147,0
Lahore,2013,24,39.24285714285714,57.07142857142857,16.3,1015.2857142857144,4.885714285714286,0.0,0.0,0.0,31.271428571428572,26.442857142857143,12.7,10.1,24,6,13000759,0,0.0,0.23931566428755768,-0.970941817426052,0
Lahore,2013,25,38.34285714285714,56.17142857142857,19.2,1014.4285714285714,4.057142857142857,0.0,0.0,0.0,39.1,31.271428571428572,17.9,12.7,25,6,13000759,2,1.0986122886681098,0.12053668025532308,-0.992708874098054,0
Lahore,2013,26,38.385714285714286,52.1,13.4,1013.6285714285714,4.085714285714286,2.0,0.0,0.0,39.24285714285714,39.1,16.3,17.9,26,6,13000759,1,0.6931471805599453,-3.216245299353273e-16,-1.0,0
Lahore,2013,27,37.17142857142857,54.67142857142857,45.3,1016.3285714285714,4.671428571428572,1.0,2.0,0.0,38.34285714285714,39.24285714285714,19.2,16.3,27,7,13000759,0,0.0,-0.12053668025532283,-0.992708874098054,1
Lahore,2013,28,39.528571428571425,57.75714285714285,47.099999999999994,1015.1428571428572,3.8285714285714287,0.0,1.0,2.0,38.385714285714286,38.34285714285714,13.4,19.2,28,7,13000759,0,0.0,-0.23931566428755743,-0.9709418174260521,1
Lahore,2013,29,38.18571428571429,65.92857142857143,82.7,1015.1285714285714,4.971428571428571,0.0,0.0,1.0,37.17142857142857,38.385714285714286,45.3,13.4,29,7,13000759,0,0.0,-0.3546048870425356,-0.9350162426854148,1
Lahore,2013,30,38.3,53.65714285714286,55.0,1015.0857142857144,4.285714285714286,0.0,0.0,0.0,39.528571428571425,37.17142857142857,47.099999999999994,45.3,30,7,13000759,0,0.0,-0.46472317204376806,-0.8854560256532101,1
Lahore,2013,31,38.4,52.2,28.200000000000003,1015.4,5.371428571428572,0.0,0.0,0.0,38.18571428571429,39.528571428571425,82.7,47.099999999999994,31,8,13000759,5,1.791759469228055,-0.5680647467311556,-0.8229838658936565,1
Lahore,2013,32,37.714285714285715,61.68571428571429,63.1,1015.8571428571428,6.014285714285714,5.0,0.0,0.0,38.3,38.18571428571429,55.0,82.7,32,8,13000759,4,1.6094379124341005,-0.663122658240795,-0.7485107481711013,1
Lahore,2013,33,38.614285714285714,54.38571428571429,36.8,1014.157142857143,3.971428571428571,4.0,5.0,0.0,38.4,38.3,28.200000000000003,55.0,33,8,13000759,11,2.4849066497880004,-0.7485107481711011,-0.6631226582407952,1
Lahore,2013,34,37.91428571428571,58.714285714285715,40.8,1014.4,4.214285714285714,11.0,4.0,5.0,37.714285714285715,38.4,63.1,28.200000000000003,34,8,13000759,10,2.3978952727983707,-0.8229838658936564,-0.5680647467311559,1
Lahore,2013,35,36.528571428571425,58.728571428571435,55.5,1013.4,6.5,10.0,11.0,4.0,38.614285714285714,37.714285714285715,36.8,63.1,35,9,13000759,11,2.4849066497880004,-0.8854560256532096,-0.4647231720437691,1
Lahore,2013,36,23.24285714285714,59.885714285714286,64.7,1016.4,4.371428571428572,11.0,10.0,11.0,37.91428571428571,38.614285714285714,40.8,36.8,36,9,13000759,31,3.4657359027997265,-0.9350162426854147,-0.3546048870425359,1
Lahore,2013,37,22.842857142857145,56.07142857142857,64.5,1014.8571428571428,4.585714285714286,31.0,11.0,10.0,36.528571428571425,37.91428571428571,55.5,40.8,37,9,13000759,29,3.4011973816621555,-0.970941817426052,-0.23931566428755774,1
Lahore,2013,38,23.7,55.642857142857146,46.3,1012.6857142857144,5.857142857142857,29.0,31.0,11.0,23.24285714285714,36.528571428571425,64.7,55.5,38,9,13000759,46,3.8501476017100584,-0.992708874098054,-0.12053668025532357,1
Lahore,2013,39,25.114285714285717,59.58571428571429,49.9,1013.5714285714286,5.1571428571428575,46.0,29.0,31.0,22.842857142857145,23.24285714285714,64.5,64.7,39,9,13000759,37,3.6375861597263857,-1.0,-1.8369701987210297e-16,1
Lahore,2013,40,24.7,58.771428571428565,36.8,1014.9428571428572,5.028571428571429,37.0,46.0,29.0,23.7,22.842857142857145,46.3,64.5,40,10,13000759,39,3.688879454113936,-0.992708874098054,0.1205366802553232,1
Lahore,2013,41,22.9,50.81428571428571,22.9,1015.8714285714286,5.6000000000000005,39.0,37.0,46.0,25.114285714285717,23.7,49.9,46.3,41,10,13000759,58,4.07753744390572,-0.9709418174260521,0.23931566428755738,1
Lahore,2013,42,24.8,64.88571428571429,20.0,1014.6285714285714,5.857142857142857,58.0,39.0,37.0,24.7,25.114285714285717,36.8,49.9,42,10,13000759,33,3.5263605246161616,-0.9350162426854148,0.35460488704253557,1
Lahore,2013,43,23.714285714285715,57.271428571428565,14.2,1015.4285714285714,5.814285714285715,33.0,58.0,39.0,22.9,24.7,22.9,36.8,43,10,13000759,103,4.6443908991413725,-0.8854560256532101,0.464723172043768,1
Lahore,2013,44,22.771428571428572,50.728571428571435,28.9,1016.0,4.6571428571428575,103.0,33.0,58.0,24.8,22.9,20.0,22.9,44,11,13000759,158,5.0689042022202315,-0.822983865893657,0.5680647467311548,0
Lahore,2013,45,23.6,60.74285714285714,9.7,1014.5714285714286,4.328571428571428,158.0,103.0,33.0,23.714285714285715,24.8,14.2,20.0,45,11,13000759,226,5.424950017481403,-0.7485107481711011,0.6631226582407953,0
Lahore,2013,46,23.74285714285714,58.25714285714286,12.4,1015.3285714285714,4.8428571428571425,226.0,158.0,103.0,22.771428571428572,23.714285714285715,28.9,14.2,46,11,13000759,248,5.517452896464707,-0.6631226582407956,0.7485107481711007,0
Lahore,2013,47,24.185714285714287,48.4,12.7,1016.342857142857,5.7,248.0,226.0,158.0,23.6,22.771428571428572,9.7,28.9,47,11,13000759,232,5.4510384535657,-0.5680647467311559,0.8229838658936564,0
Lahore,2013,48,22.657142857142855,51.4,35.3,1014.0,4.485714285714286,232.0,248.0,226.0,23.74285714285714,23.6,12.4,9.7,48,12,13000759,107,4.68213122712422,-0.4647231720437684,0.88545602565321,0
Lahore,2013,49,15.7,58.385714285714286,36.6,1014.7,5.3999999999999995,107.0,232.0,248.0,24.185714285714287,23.74285714285714,12.7,12.4,49,12,13000759,122,4.812184355372417,-0.35460488704253595,0.9350162426854147,0
Lahore,2013,50,14.671428571428573,51.628571428571426,31.4,1015.842857142857,4.014285714285714,122.0,107.0,232.0,22.657142857142855,24.185714285714287,35.3,12.7,50,12,13000759,56,4.04305126783455,-0.2393156642875578,0.970941817426052,0
Lahore,2013,51,15.757142857142856,55.385714285714286,26.4,1015.1428571428572,4.142857142857143,56.0,122.0,107.0,15.7,22.657142857142855,36.6,35.3,51,12,13000759,20,3.044522437723423,-0.12053668025532363,0.992708874098054,0
Lahore,2013,52,16.857142857142858,54.228571428571435,13.4,1015.1428571428572,4.757142857142857,20.0,56.0,122.0,14.671428571428573,15.7,31.4,36.6,52,12,13000759,6,1.9459101490553132,6.432490598706546e-16,1.0,0
Lahore,2014,1,16.45,46.975,19.2,1014.2125,5.75,6.0,20.0,56.0,15.757142857142856,14.671428571428573,26.4,31.4,1,1,13000759,0,0.0,0.12053668025532305,0.992708874098054,0
Lahore,2014,2,15.857142857142858,55.42857142857143,15.2,1014.6142857142858,5.642857142857143,0.0,6.0,20.0,16.857142857142858,15.757142857142856,13.4,26.4,2,1,13000759,0,0.0,0.23931566428755774,0.970941817426052,0
Lahore,2014,3,17.2,61.857142857142854,16.200000000000003,1014.7,5.485714285714286,0.0,0.0,6.0,16.45,16.857142857142858,19.2,13.4,3,1,13000759,0,0.0,0.3546048870425356,0.9350162426854148,0
Lahore,2014,4,15.6,55.81428571428571,24.4,1014.8285714285714,4.8428571428571425,0.0,0.0,0.0,15.857142857142858,16.45,15.2,19.2,4,1,13000759,0,0.0,0.4647231720437685,0.8854560256532099,0
Lahore,2014,5,18.014285714285712,55.9,8.9,1015.8571428571428,4.214285714285714,0.0,0.0,0.0,17.2,15.857142857142858,16.200000000000003,15.2,5,2,13000759,0,0.0,0.5680647467311558,0.8229838658936564,0
Lahore,2014,6,16.17142857142857,52.47142857142857,15.8,1015.0,3.4714285714285715,0.0,0.0,0.0,15.6,17.2,24.4,16.200000000000003,6,2,13000759,0,0.0,0.6631226582407952,0.7485107481711011,0
Lahore,2014,7,16.485714285714288,59.15714285714286,30.5,1015.2428571428572,5.285714285714286,0.0,0.0,0.0,18.014285714285712,15.6,8.9,24.4,7,2,13000759,0,0.0,0.7485107481711011,0.6631226582407953,0
Lahore,2014,8,16.47142857142857,56.81428571428573,15.7,1016.1857142857144,5.571428571428571,0.0,0.0,0.0,16.17142857142857,18.014285714285712,15.8,8.9,8,2,13000759,0,0.0,0.8229838658936564,0.5680647467311558,0
Lahore,2014,9,19.02857142857143,50.82857142857143,21.9,1015.3857142857142,4.542857142857143,0.0,0.0,0.0,16.485714285714288,16.17142857142857,30.5,15.8,9,3,13000759,0,0.0,0.8854560256532098,0.4647231720437686,0
Lahore,2014,10,28.11428571428571,46.2,23.2,1015.3571428571428,4.1571428571428575,0.0,0.0,0.0,16.47142857142857,16.485714285714288,15.7,30.5,10,3,13000759,0,0.0,0.9350162426854148,0.35460488704253557,0
Lahore,2014,11,28.385714285714283,61.042857142857144,13.1,1014.9714285714286,4.442857142857143,0.0,0.0,0.0,19.02857142857143,16.47142857142857,21.9,15.7,11,3,13000759,0,0.0,0.970941817426052,0.23931566428755804,0
Lahore,2014,12,24.97142857142857,59.642857142857146,15.9,1017.342857142857,4.942857142857143,0.0,0.0,0.0,28.11428571428571,19.02857142857143,23.2,21.9,12,3,13000759,0,0.0,0.992708874098054,0.120536680255323,0
Lahore,2014,13,27.814285714285713,63.442857142857136,23.8,1015.5,5.385714285714286,0.0,0.0,0.0,28.385714285714283,28.11428571428571,13.1,23.2,13,3,13000759,1,0.6931471805599453,1.0,-1.6081226496766366e-16,0
Lahore,2014,14,28.428571428571427,50.58571428571429,12.5,1015.4285714285714,5.428571428571429,1.0,0.0,0.0,24.97142857142857,28.385714285714283,15.9,13.1,14,4,13000759,0,0.0,0.992708874098054,-0.12053668025532288,0
Lahore,2014,15,25.785714285714285,51.357142857142854,17.2,1013.0142857142856,5.042857142857144,0.0,1.0,0.0,27.814285714285713,24.97142857142857,23.8,15.9,15,4,13000759,1,0.6931471805599453,0.9709418174260521,-0.2393156642875575,0
Lahore,2014,16,26.857142857142858,54.0,9.8,1014.3142857142856,4.914285714285714,1.0,0.0,1.0,28.428571428571427,27.814285714285713,12.5,23.8,16,4,13000759,0,0.0,0.9350162426854148,-0.35460488704253545,0
Lahore,2014,17,25.67142857142857,56.228571428571435,17.3,1016.4571428571428,5.214285714285714,0.0,1.0,0.0,25.785714285714285,28.428571428571427,17.2,12.5,17,4,13000759,0,0.0,0.8854560256532099,-0.4647231720437685,0
Lahore,2014,18,25.814285714285713,62.55714285714286,19.8,1014.8571428571428,4.5285714285714285,0.0,0.0,1.0,26.857142857142858,25.785714285714285,9.8,17.2,18,5,13000759,1,0.6931471805599453,0.8229838658936565,-0.5680647467311557,0
Lahore,2014,19,27.4,61.5,9.4,1013.5285714285714,3.914285714285714,1.0,0.0,0.0,25.67142857142857,26.857142857142858,17.3,9.8,19,5,13000759,0,0.0,0.7485107481711013,-0.6631226582407951,0
Lahore,2014,20,27.87142857142857,55.48571428571428,16.099999999999998,1015.2714285714286,5.442857142857143,0.0,1.0,0.0,25.814285714285713,25.67142857142857,19.8,17.3,20,5,13000759,0,0.0,0.6631226582407952,-0.7485107481711012,0
Lahore,2014,21,26.442857142857143,53.728571428571435,13.4,1015.4428571428572,5.142857142857143,0.0,0.0,1.0,27.4,25.814285714285713,9.4,19.8,21,5,13000759,0,0.0,0.5680647467311558,-0.8229838658936564,0
Lahore,2014,22,30.185714285714287,65.22857142857143,26.9,1014.9428571428572,5.728571428571429,0.0,0.0,0.0,27.87142857142857,27.4,16.099999999999998,9.4,22,6,13000759,0,0.0,0.46472317204376906,-0.8854560256532096,0
Lahore,2014,23,38.8,52.88571428571429,26.2,1014.5857142857144,4.871428571428572,0.0,0.0,0.0,26.442857142857143,27.87142857142857,13.4,16.099999999999998,23,6,13000759,0,0.0,0.35460488704253584,-0.9350162426854147,0
Lahore,2014,24,37.84285714285714,63.15714285714286,16.2,1015.5142857142856,5.1571428571428575,0.0,0.0,0.0,30.185714285714287,26.442857142857143,26.9,13.4,24,6,13000759,0,0.0,0.23931566428755768,-0.970941817426052,0
Lahore,2014,25,40.128571428571426,49.9,13.1,1014.1857142857144,4.542857142857143,0.0,0.0,0.0,38.8,30.185714285714287,26.2,26.9,25,6,13000759,0,0.0,0.12053668025532308,-0.992708874098054,0
Lahore,2014,26,35.92857142857143,52.885714285714286,12.1,1014.4285714285714,5.114285714285714,0.0,0.0,0.0,37.84285714285714,38.8,16.2,26.2,26,6,13000759,0,0.0,-3.216245299353273e-16,-1.0,0
Lahore,2014,27,39.471428571428575,51.74285714285714,46.2,1013.8,5.357142857142857,0.0,0.0,0.0,40.128571428571426,37.84285714285714,13.1,16.2,27,7,13000759,0,0.0,-0.12053668025532283,-0.992708874098054,1
Lahore,2014,28,38.05714285714286,57.528571428571425,65.3,1015.0857142857144,4.485714285714286,0.0,0.0,0.0,35.92857142857143,40.128571428571426,12.1,13.1,28,7,13000759,0,0.0,-0.23931566428755743,-0.9709418174260521,1
Lahore,2014,29,37.142857142857146,56.8,65.2,1017.842857142857,5.114285714285714,0.0,0.0,0.0,39.471428571428575,35.92857142857143,46.2,12.1,29,7,13000759,0,0.0,-0.3546048870425356,-0.9350162426854148,1
Lahore,2014,30,38.771428571428565,44.714285714285715,44.0,1013.5428571428572,6.114285714285714,0.0,0.0,0.0,38.05714285714286,39.471428571428575,65.3,46.2,30,7,13000759,0,0.0,-0.46472317204376806,-0.8854560256532101,1
Lahore,2014,31,40.542857142857144,49.32857142857143,36.7,1016.6142857142858,4.285714285714286,0.0,0.0,0.0,37.142857142857146,38.05714285714286,65.2,65.3,31,8,13000759,0,0.0,-0.5680647467311556,-0.8229838658936565,1
Lahore,2014,32,38.2,57.91428571428571,62.3,1013.5857142857144,5.214285714285714,0.0,0.0,0.0,38.771428571428565,37.142857142857146,44.0,65.2,32,8,13000759,0,0.0,-0.663122658240795,-0.7485107481711013,1
Lahore,2014,33,37.68571428571429,62.857142857142854,33.6,1015.157142857143,4.557142857142857,0.0,0.0,0.0,40.542857142857144,38.771428571428565,36.7,44.0,33,8,13000759,1,0.6931471805599453,-0.7485107481711011,-0.6631226582407952,1
Lahore,2014,34,38.4,50.18571428571429,30.3,1014.1857142857144,5.671428571428572,1.0,0.0,0.0,38.2,40.542857142857144,62.3,36.7,34,8,13000759,1,0.6931471805599453,-0.8229838658936564,-0.5680647467311559,1
Lahore,2014,35,38.971428571428575,52.771428571428565,81.60000000000001,1015.9571428571428,5.442857142857143,1.0,1.0,0.0,37.68571428571429,38.2,33.6,62.3,35,8,13000759,0,0.0,-0.8854560256532096,-0.4647231720437691,1
Lahore,2014,36,24.142857142857142,51.857142857142854,58.4,1014.5714285714286,5.171428571428572,0.0,1.0,1.0,38.4,37.68571428571429,30.3,33.6,36,9,13000759,10,2.3978952727983707,-0.9350162426854147,-0.3546048870425359,1
Lahore,2014,37,23.414285714285715,57.785714285714285,77.0,1014.9571428571428,3.914285714285714,10.0,0.0,1.0,38.971428571428575,38.4,81.60000000000001,30.3,37,9,13000759,22,3.1354942159291497,-0.970941817426052,-0.23931566428755774,1
Lahore,2014,38,24.542857142857144,51.028571428571425,53.9,1016.7571428571428,5.1571428571428575,22.0,10.0,0.0,24.142857142857142,38.971428571428575,58.4,81.60000000000001,38,9,13000759,12,2.5649493574615367,-0.992708874098054,-0.12053668025532357,1
Lahore,2014,39,24.214285714285715,52.32857142857143,87.7,1014.3285714285714,5.014285714285714,12.0,22.0,10.0,23.414285714285715,24.142857142857142,77.0,58.4,39,9,13000759,9,2.302585092994046,-1.0,-1.8369701987210297e-16,1
Lahore,2014,40,25.542857142857144,51.142857142857146,14.6,1015.7571428571428,5.514285714285714,9.0,12.0,22.0,24.542857142857144,23.414285714285715,53.9,77.0,40,10,13000759,10,2.3978952727983707,-0.992708874098054,0.1205366802553232,1
Lahore,2014,41,22.842857142857145,55.942857142857136,12.7,1014.2142857142856,4.8999999999999995,10.0,9.0,12.0,24.214285714285715,24.542857142857144,87.7,53.9,41,10,13000759,6,1.9459101490553132,-0.9709418174260521,0.23931566428755738,1
Lahore,2014,42,23.7,50.48571428571428,16.8,1014.0428571428572,5.8999999999999995,6.0,10.0,9.0,25.542857142857144,24.214285714285715,14.6,87.7,42,10,13000759,19,2.995732273553991,-0.9350162426854148,0.35460488704253557,1
Lahore,2014,43,22.97142857142857,59.771428571428565,16.1,1015.7571428571428,3.3000000000000003,19.0,6.0,10.0,22.842857142857145,25.542857142857144,12.7,14.6,43,10,13000759,18,2.9444389791664403,-0.8854560256532101,0.464723172043768,1
Lahore,2014,44,24.728571428571428,58.88571428571429,21.3,1016.4714285714286,5.3999999999999995,18.0,19.0,6.0,23.7,22.842857142857145,16.8,12.7,44,11,13000759,21,3.091042453358316,-0.822983865893657,0.5680647467311548,0
Lahore,2014,45,23.75714285714286,58.42857142857143,30.2,1013.9571428571428,5.314285714285715,21.0,18.0,19.0,22.97142857142857,23.7,16.1,16.8,45,11,13000759,15,2.772588722239781,-0.7485107481711011,0.6631226582407953,0
Lahore,2014,46,23.25714285714286,51.92857142857143,16.599999999999998,1014.7285714285716,5.057142857142857,15.0,21.0,18.0,24.728571428571428,22.97142857142857,21.3,16.1,46,11,13000759,11,2.4849066497880004,-0.6631226582407956,0.7485107481711007,0
Lahore,2014,47,24.314285714285713,58.55714285714286,27.1,1014.3142857142856,4.957142857142857,11.0,15.0,21.0,23.75714285714286,24.728571428571428,30.2,21.3,47,11,13000759,3,1.3862943611198906,-0.5680647467311559,0.8229838658936564,0
Lahore,2014,48,23.228571428571428,57.17142857142857,21.3,1015.2857142857144,5.171428571428572,3.0,11.0,15.0,23.25714285714286,23.75714285714286,16.599999999999998,30.2,48,11,13000759,1,0.6931471805599453,-0.4647231720437684,0.88545602565321,0
Lahore,2014,49,16.085714285714285,57.82857142857143,20.9,1015.5428571428572,5.457142857142857,1.0,3.0,11.0,24.314285714285713,23.25714285714286,27.1,16.599999999999998,49,12,13000759,1,0.6931471805599453,-0.35460488704253595,0.9350162426854147,0
Lahore,2014,50,14.414285714285716,47.18571428571429,16.9,1016.2,5.685714285714285,1.0,1.0,3.0,23.228571428571428,24.314285714285713,21.3,27.1,50,12,13000759,0,0.0,-0.2393156642875578,0.970941817426052,0
Lahore,2014,51,15.671428571428573,63.214285714285715,18.9,1015.3857142857142,4.228571428571429,0.0,1.0,1.0,16.085714285714285,23.228571428571428,20.9,21.3,51,12,13000759,0,0.0,-0.12053668025532363,0.992708874098054,0
Lahore,2014,52,15.12857142857143,57.1,23.2,1014.5428571428572,4.8999999999999995,0.0,0.0,1.0,14.414285714285716,16.085714285714285,16.9,20.9,52,12,13000759,0,0.0,6.432490598706546e-16,1.0,0
Lahore,2015,1,16.175,56.925,12.6,1013.15,4.05,0.0,0.0,0.0,15.671428571428573,14.414285714285716,18.9,16.9,1,1,13000759,0,0.0,0.12053668025532305,0.992708874098054,0
Lahore,2015,2,15.4,58.9,18.6,1014.6142857142858,5.3,0.0,0.0,0.0,15.12857142857143,15.671428571428573,23.2,18.9,2,1,13000759,0,0.0,0.23931566428755774,0.970941817426052,0
Lahore,2015,3,15.757142857142856,54.68571428571429,11.1,1013.6714285714286,4.857142857142857,0.0,0.0,0.0,16.175,15.12857142857143,12.6,23.2,3,1,13000759,0,0.0,0.3546048870425356,0.9350162426854148,0
Lahore,2015,4,18.142857142857142,55.92857142857143,9.7,1015.8142857142856,4.385714285714285,0.0,0.0,0.0,15.4,16.175,18.6,12.6,4,1,13000759,0,0.0,0.4647231720437685,0.8854560256532099,0
Lahore,2015,5,17.614285714285714,54.87142857142857,16.1,1013.7142857142856,4.857142857142857,0.0,0.0,0.0,15.757142857142856,15.4,11.1,18.6,5,2,13000759,0,0.0,0.5680647467311558,0.8229838658936564,0
Lahore,2015,6,16.642857142857142,43.84285714285714,15.1,1016.6714285714286,4.685714285714285,0.0,0.0,0.0,18.142857142857142,15.757142857142856,9.7,11.1,6,2,13000759,0,0.0,0.6631226582407952,0.7485107481711011,0
Lahore,2015,7,15.814285714285717,54.34285714285714,11.1,1012.4,4.642857142857143,0.0,0.0,0.0,17.614285714285714,18.142857142857142,16.1,9.7,7,2,13000759,0,0.0,0.7485107481711011,0.6631226582407953,0
Lahore,2015,8,14.542857142857144,52.65714285714286,19.0,1016.6714285714286,5.057142857142857,0.0,0.0,0.0,16.642857142857142,17.614285714285714,15.1,16.1,8,2,13000759,0,0.0,0.8229838658936564,0.5680647467311558,0
Lahore,2015,9,16.257142857142856,64.24285714285715,9.9,1015.1428571428572,4.385714285714285,0.0,0.0,0.0,15.814285714285717,16.642857142857142,11.1,15.1,9,3,13000759,0,0.0,0.8854560256532098,0.4647231720437686,0
Lahore,2015,10,26.014285714285712,56.92857142857143,19.0,1014.4714285714286,4.728571428571429,0.0,0.0,0.0,14.542857142857144,15.814285714285717,19.0,11.1,10,3,13000759,0,0.0,0.9350162426854148,0.35460488704253557,0
Lahore,2015,11,26.614285714285717,44.81428571428573,14.1,1014.6571428571428,5.814285714285715,0.0,0.0,0.0,16.257142857142856,14.542857142857144,9.9,19.0,11,3,13000759,0,0.0,0.970941817426052,0.23931566428755804,0
Lahore,2015,12,28.0,50.971428571428575,18.6,1015.3714285714286,4.957142857142857,0.0,0.0,0.0,26.014285714285712,16.257142857142856,19.0,9.9,12,3,13000759,0,0.0,0.992708874098054,0.120536680255323,0
Lahore,2015,13,28.32857142857143,47.65714285714286,17.5,1013.8,4.142857142857143,0.0,0.0,0.0,26.614285714285717,26.014285714285712,14.1,19.0,13,3,13000759,0,0.0,1.0,-1.6081226496766366e-16,0
Lahore,2015,14,25.428571428571427,57.81428571428571,16.5,1013.5857142857144,4.128571428571428,0.0,0.0,0.0,28.0,26.614285714285717,18.6,14.1,14,4,13000759,0,0.0,0.992708874098054,-0.12053668025532288,0
Lahore,2015,15,26.5,51.15714285714285,15.0,1015.7285714285716,5.728571428571429,0.0,0.0,0.0,28.32857142857143,28.0,17.5,18.6,15,4,13000759,0,0.0,0.9709418174260521,-0.2393156642875575,0
Lahore,2015,16,27.914285714285715,59.128571428571426,16.2,1014.7571428571428,5.528571428571429,0.0,0.0,0.0,25.428571428571427,28.32857142857143,16.5,17.5,16,4,13000759,0,0.0,0.9350162426854148,-0.35460488704253545,0
Lahore,2015,17,26.47142857142857,59.5,11.1,1013.2857142857144,5.442857142857143,0.0,0.0,0.0,26.5,25.428571428571427,15.0,16.5,17,4,13000759,0,0.0,0.8854560256532099,-0.4647231720437685,0
Lahore,2015,18,25.842857142857145,48.971428571428575,22.2,1017.2857142857144,4.3428571428571425,0.0,0.0,0.0,27.914285714285715,26.5,16.2,15.0,18,5,13000759,0,0.0,0.8229838658936565,-0.5680647467311557,0
Lahore,2015,19,28.614285714285717,53.2,10.6,1013.9428571428572,3.9857142857142858,0.0,0.0,0.0,26.47142857142857,27.914285714285715,11.1,16.2,19,5,13000759,1,0.6931471805599453,0.7485107481711013,-0.6631226582407951,0
Lahore,2015,20,26.085714285714285,53.857142857142854,5.2,1013.4142857142856,5.728571428571429,1.0,0.0,0.0,25.842857142857145,26.47142857142857,22.2,11.1,20,5,13000759,0,0.0,0.6631226582407952,-0.7485107481711012,0
Lahore,2015,21,25.642857142857142,56.542857142857144,25.0,1015.2857142857144,4.042857142857143,0.0,1.0,0.0,28.614285714285717,25.842857142857145,10.6,22.2,21,5,13000759,0,0.0,0.5680647467311558,-0.8229838658936564,0
Lahore,2015,22,27.614285714285717,54.3,19.0,1014.7285714285716,5.1000000000000005,0.0,0.0,1.0,26.085714285714285,28.614285714285717,5.2,10.6,22,5,13000759,0,0.0,0.46472317204376906,-0.8854560256532096,0
Lahore,2015,23,39.18571428571429,58.8,17.8,1015.0857142857144,5.571428571428571,0.0,0.0,0.0,25.642857142857142,26.085714285714285,25.0,5.2,23,6,13000759,0,0.0,0.35460488704253584,-0.9350162426854147,0
Lahore,2015,24,38.41428571428571,49.5,15.1,1015.6285714285714,5.057142857142857,0.0,0.0,0.0,27.614285714285717,25.642857142857142,19.0,25.0,24,6,13000759,0,0.0,0.23931566428755768,-0.970941817426052,0
Lahore,2015,25,38.48571428571428,55.84285714285714,12.6,1015.5142857142856,5.6571428571428575,0.0,0.0,0.0,39.18571428571429,27.614285714285717,17.8,19.0,25,6,13000759,0,0.0,0.12053668025532308,-0.992708874098054,0
Lahore,2015,26,37.74285714285714,51.08571428571429,10.2,1018.157142857143,4.6571428571428575,0.0,0.0,0.0,38.41428571428571,39.18571428571429,15.1,17.8,26,6,13000759,0,0.0,-3.216245299353273e-16,-1.0,0
Lahore,2015,27,38.18571428571429,54.24285714285715,55.1,1016.2285714285716,5.014285714285714,0.0,0.0,0.0,38.48571428571428,38.41428571428571,12.6,15.1,27,7,13000759,1,0.6931471805599453,-0.12053668025532283,-0.992708874098054,1
Lahore,2015,28,36.8,60.92857142857143,72.8,1016.0571428571428,5.185714285714285,1.0,0.0,0.0,37.74285714285714,38.48571428571428,10.2,12.6,28,7,13000759,0,0.0,-0.23931566428755743,-0.9709418174260521,1
Lahore,2015,29,38.41428571428571,55.94285714285714,68.1,1015.0285714285714,4.385714285714285,0.0,1.0,0.0,38.18571428571429,37.74285714285714,55.1,10.2,29,7,13000759,0,0.0,-0.3546048870425356,-0.9350162426854148,1
Lahore,2015,30,37.07142857142857,60.34285714285714,47.4,1015.6428571428572,5.485714285714286,0.0,0.0,1.0,36.8,38.18571428571429,72.8,55.1,30,7,13000759,0,0.0,-0.46472317204376806,-0.8854560256532101,1
Lahore,2015,31,36.785714285714285,45.357142857142854,82.1,1014.7285714285716,4.8999999999999995,0.0,0.0,0.0,38.41428571428571,36.8,68.1,72.8,31,8,13000759,0,0.0,-0.5680647467311556,-0.8229838658936565,1
Lahore,2015,32,39.5,52.75714285714286,73.6,1015.0142857142856,5.3,0.0,0.0,0.0,37.07142857142857,38.41428571428571,47.4,68.1,32,8,13000759,0,0.0,-0.663122658240795,-0.7485107481711013,1
Lahore,2015,33,39.114285714285714,56.457142857142856,52.9,1014.657142857143,5.914285714285714,0.0,0.0,0.0,36.785714285714285,37.07142857142857,82.1,47.4,33,8,13000759,1,0.6931471805599453,-0.7485107481711011,-0.6631226582407952,1
Lahore,2015,34,37.51428571428572,45.6,73.5,1016.6428571428572,4.614285714285714,1.0,0.0,0.0,39.5,36.785714285714285,73.6,82.1,34,8,13000759,2,1.0986122886681098,-0.8229838658936564,-0.5680647467311559,1
Lahore,2015,35,38.67142857142857,54.24285714285715,51.4,1014.2714285714284,5.371428571428572,2.0,1.0,0.0,39.114285714285714,39.5,52.9,73.6,35,8,13000759,1,0.6931471805599453,-0.8854560256532096,-0.4647231720437691,1
Lahore,2015,36,25.67142857142857,55.65714285714286,30.1,1013.0,5.285714285714286,1.0,2.0,1.0,37.51428571428572,39.114285714285714,73.5,52.9,36,9,13000759,1,0.6931471805599453,-0.9350162426854147,-0.3546048870425359,1
Lahore,2015,37,24.114285714285717,56.98571428571428,68.3,1014.6285714285714,4.2,1.0,1.0,2.0,38.67142857142857,37.51428571428572,51.4,73.5,37,9,13000759,3,1.3862943611198906,-0.970941817426052,-0.23931566428755774,1
Lahore,2015,38,25.74285714285714,56.228571428571435,60.8,1015.0714285714286,6.071428571428571,3.0,1.0,1.0,25.67142857142857,38.67142857142857,30.1,51.4,38,9,13000759,9,2.302585092994046,-0.992708874098054,-0.12053668025532357,1
Lahore,2015,39,25.214285714285715,58.971428571428575,89.1,1014.2714285714284,5.914285714285714,9.0,3.0,1.0,24.114285714285717,25.67142857142857,68.3,30.1,39,9,13000759,17,2.8903717578961645,-1.0,-1.8369701987210297e-16,1
Lahore,2015,40,24.37142857142857,55.51428571428572,15.7,1014.5714285714286,4.5,17.0,9.0,3.0,25.74285714285714,24.114285714285717,60.8,68.3,40,10,13000759,9,2.302585092994046,-0.992708874098054,0.1205366802553232,1
Lahore,2015,41,23.7,53.642857142857146,14.8,1014.8857142857142,5.385714285714286,9.0,17.0,9.0,25.214285714285715,25.74285714285714,89.1,60.8,41,10,13000759,4,1.6094379124341005,-0.9709418174260521,0.23931566428755738,1
Lahore,2015,42,24.52857142857143,54.385714285714286,19.0,1016.4857142857144,4.8999999999999995,4.0,9.0,17.0,24.37142857142857,25.214285714285715,15.7,89.1,42,10,13000759,4,1.6094379124341005,-0.9350162426854148,0.35460488704253557,1
Lahore,2015,43,25.52857142857143,57.2,25.8,1015.4142857142856,5.585714285714286,4.0,4.0,9.0,23.7,24.37142857142857,14.8,15.7,43,10,13000759,20,3.044522437723423,-0.8854560256532101,0.464723172043768,1
Lahore,2015,44,21.571428571428573,61.68571428571429,16.9,1013.1142857142858,5.3428571428571425,20.0,4.0,4.0,24.52857142857143,23.7,19.0,14.8,44,11,13000759,13,2.6390573296152584,-0.822983865893657,0.5680647467311548,0
Lahore,2015,45,23.87142857142857,53.24285714285714,3.5999999999999996,1016.7,4.957142857142857,13.0,20.0,4.0,25.52857142857143,24.52857142857143,25.8,19.0,45,11,13000759,32,3.49650756146648,-0.7485107481711011,0.6631226582407953,0
Lahore,2015,46,23.557142857142857,49.17142857142857,24.0,1014.5428571428572,4.8999999999999995,32.0,13.0,20.0,21.571428571428573,25.52857142857143,16.9,25.8,46,11,13000759,41,3.737669618283368,-0.6631226582407956,0.7485107481711007,0
Lahore,2015,47,21.1,54.228571428571435,14.3,1014.6714285714286,5.0,41.0,32.0,13.0,23.87142857142857,21.571428571428573,3.5999999999999996,16.9,47,11,13000759,22,3.1354942159291497,-0.5680647467311559,0.8229838658936564,0
Lahore,2015,48,20.957142857142856,57.785714285714285,17.5,1013.8571428571428,5.671428571428572,22.0,41.0,32.0,23.557142857142857,23.87142857142857,24.0,3.5999999999999996,48,11,13000759,6,1.9459101490553132,-0.4647231720437684,0.88545602565321,0
Lahore,2015,49,16.2,58.271428571428565,20.7,1015.1714285714286,5.3428571428571425,6.0,22.0,41.0,21.1,23.557142857142857,14.3,24.0,49,12,13000759,11,2.4849066497880004,-0.35460488704253595,0.9350162426854147,0
Lahore,2015,50,15.785714285714286,52.028571428571425,26.8,1014.1285714285714,4.957142857142857,11.0,6.0,22.0,20.957142857142856,21.1,17.5,14.3,50,12,13000759,2,1.0986122886681098,-0.2393156642875578,0.970941817426052,0
Lahore,2015,51,16.942857142857143,63.65714285714286,23.2,1016.2857142857144,5.042857142857143,2.0,11.0,6.0,16.2,20.957142857142856,20.7,17.5,51,12,13000759,2,1.0986122886681098,-0.12053668025532363,0.992708874098054,0
Lahore,2015,52,16.571428571428573,50.628571428571426,7.6,1016.342857142857,5.5,2.0,2.0,11.0,15.785714285714286,16.2,26.8,20.7,52,12,13000759,0,0.0,6.432490598706546e-16,1.0,0
Lahore,2015,53,17.0,69.175,3.3000000000000003,1012.35,5.2,0.0,2.0,2.0,16.942857142857143,15.785714285714286,23.2,26.8,53,12,13000759,1,0.6931471805599453,0.12053668025532314,0.992708874098054,0
Lahore,2016,1,16.985714285714288,52.94285714285714,26.0,1014.5142857142856,5.314285714285715,1.0,0.0,2.0,16.571428571428573,16.942857142857143,7.6,23.2,1,1,13000759,0,0.0,0.12053668025532305,0.992708874098054,0
Lahore,2016,2,15.242857142857144,52.642857142857146,20.3,1015.4857142857144,5.457142857142857,0.0,1.0,0.0,17.0,16.571428571428573,3.3000000000000003,7.6,2,1,13000759,0,0.0,0.23931566428755774,0.970941817426052,0
Lahore,2016,3,16.057142857142857,55.357142857142854,13.4,1015.2714285714284,4.871428571428572,0.0,0.0,1.0,16.985714285714288,17.0,26.0,3.3000000000000003,3,1,13000759,0,0.0,0.3546048870425356,0.9350162426854148,0
Lahore,2016,4,15.957142857142856,52.41428571428571,28.1,1014.0714285714286,5.642857142857143,0.0,0.0,0.0,15.242857142857144,16.985714285714288,20.3,26.0,4,1,13000759,0,0.0,0.4647231720437685,0.8854560256532099,0
Lahore,2016,5,16.714285714285715,64.2,17.5,1015.9714285714286,4.8999999999999995,0.0,0.0,0.0,16.057142857142857,15.242857142857144,13.4,20.3,5,2,13000759,0,0.0,0.5680647467311558,0.8229838658936564,0
Lahore,2016,6,16.685714285714287,53.371428571428574,8.3,1015.1857142857144,6.314285714285715,0.0,0.0,0.0,15.957142857142856,16.057142857142857,28.1,13.4,6,2,13000759,0,0.0,0.6631226582407952,0.7485107481711011,0
Lahore,2016,7,16.442857142857143,48.871428571428574,8.700000000000001,1015.9,5.285714285714286,0.0,0.0,0.0,16.714285714285715,15.957142857142856,17.5,28.1,7,2,13000759,0,0.0,0.7485107481711011,0.6631226582407953,0
Lahore,2016,8,14.957142857142856,50.728571428571435,13.2,1015.3285714285714,6.542857142857143,0.0,0.0,0.0,16.685714285714287,16.714285714285715,8.3,17.5,8,2,13000759,0,0.0,0.8229838658936564,0.5680647467311558,0
Lahore,2016,9,25.942857142857143,47.1,14.8,1016.2571428571428,4.485714285714286,0.0,0.0,0.0,16.442857142857143,16.685714285714287,8.700000000000001,8.3,9,3,13000759,0,0.0,0.8854560256532098,0.4647231720437686,0
Lahore,2016,10,27.285714285714285,56.18571428571429,19.3,1016.6,5.142857142857143,0.0,0.0,0.0,14.957142857142856,16.442857142857143,13.2,8.700000000000001,10,3,13000759,0,0.0,0.9350162426854148,0.35460488704253557,0
Lahore,2016,11,28.17142857142857,46.24285714285714,12.8,1015.2,4.614285714285714,0.0,0.0,0.0,25.942857142857143,14.957142857142856,14.8,13.2,11,3,13000759,0,0.0,0.970941817426052,0.23931566428755804,0
Lahore,2016,12,27.82857142857143,55.4,25.0,1015.4,5.8428571428571425,0.0,0.0,0.0,27.285714285714285,25.942857142857143,19.3,14.8,12,3,13000759,0,0.0,0.992708874098054,0.120536680255323,0
Lahore,2016,13,26.985714285714288,61.714285714285715,11.0,1015.0857142857144,4.685714285714285,0.0,0.0,0.0,28.17142857142857,27.285714285714285,12.8,19.3,13,4,13000759,0,0.0,1.0,-1.6081226496766366e-16,0
Lahore,2016,14,28.5,60.857142857142854,24.8,1015.1857142857144,5.7,0.0,0.0,0.0,27.82857142857143,28.17142857142857,25.0,12.8,14,4,13000759,0,0.0,0.992708874098054,-0.12053668025532288,0
Lahore,2016,15,24.585714285714285,60.18571428571429,13.0,1014.9,5.357142857142857,0.0,0.0,0.0,26.985714285714288,27.82857142857143,11.0,25.0,15,4,13000759,0,0.0,0.9709418174260521,-0.2393156642875575,0
Lahore,2016,16,28.314285714285713,58.542857142857144,16.7,1015.9857142857144,5.671428571428572,0.0,0.0,0.0,28.5,26.985714285714288,24.8,11.0,16,4,13000759,0,0.0,0.9350162426854148,-0.35460488704253545,0
Lahore,2016,17,27.285714285714285,60.41428571428572,11.3,1012.6142857142858,5.428571428571429,0.0,0.0,0.0,24.585714285714285,28.5,13.0,24.8,17,5,13000759,0,0.0,0.8854560256532099,-0.4647231720437685,0
Lahore,2016,18,26.2,46.68571428571429,15.2,1014.6428571428572,5.871428571428572,0.0,0.0,0.0,28.314285714285713,24.585714285714285,16.7,13.0,18,5,13000759,0,0.0,0.8229838658936565,-0.5680647467311557,0
Lahore,2016,19,27.642857142857142,43.385714285714286,16.099999999999998,1014.1142857142858,6.242857142857143,0.0,0.0,0.0,27.285714285714285,28.314285714285713,11.3,16.7,19,5,13000759,0,0.0,0.7485107481711013,-0.6631226582407951,0
Lahore,2016,20,26.985714285714288,57.18571428571429,15.0,1012.7857142857144,4.214285714285714,0.0,0.0,0.0,26.2,27.285714285714285,15.2,11.3,20,5,13000759,0,0.0,0.6631226582407952,-0.7485107481711012,0
Lahore,2016,21,27.24285714285714,53.42857142857143,32.7,1016.6857142857144,5.457142857142857,0.0,0.0,0.0,27.642857142857142,26.2,16.099999999999998,15.2,21,5,13000759,0,0.0,0.5680647467311558,-0.8229838658936564,0
Lahore,2016,22,35.82857142857143,64.61428571428571,15.1,1015.3714285714286,6.285714285714286,0.0,0.0,0.0,26.985714285714288,27.642857142857142,15.0,16.099999999999998,22,6,13000759,0,0.0,0.46472317204376906,-0.8854560256532096,0
Lahore,2016,23,38.01428571428572,55.67142857142858,16.6,1013.9714285714286,5.828571428571428,0.0,0.0,0.0,27.24285714285714,26.985714285714288,32.7,15.0,23,6,13000759,0,0.0,0.35460488704253584,-0.9350162426854147,0
Lahore,2016,24,37.114285714285714,61.84285714285715,11.5,1016.4714285714286,5.385714285714286,0.0,0.0,0.0,35.82857142857143,27.24285714285714,15.1,32.7,24,6,13000759,0,0.0,0.23931566428755768,-0.970941817426052,0
Lahore,2016,25,38.48571428571428,42.08571428571429,20.3,1015.3285714285714,3.7714285714285714,0.0,0.0,0.0,38.01428571428572,35.82857142857143,16.6,15.1,25,6,13000759,0,0.0,0.12053668025532308,-0.992708874098054,0
Lahore,2016,26,39.771428571428565,54.07142857142857,19.5,1015.4285714285714,5.428571428571429,0.0,0.0,0.0,37.114285714285714,38.01428571428572,11.5,16.6,26,7,13000759,0,0.0,-3.216245299353273e-16,-1.0,1
Lahore,2016,27,38.25714285714286,52.51428571428572,40.5,1015.9142857142856,5.614285714285714,0.0,0.0,0.0,38.48571428571428,37.114285714285714,20.3,11.5,27,7,13000759,0,0.0,-0.12053668025532283,-0.992708874098054,1
Lahore,2016,28,39.114285714285714,49.55714285714286,54.5,1015.0285714285714,4.285714285714286,0.0,0.0,0.0,39.771428571428565,38.48571428571428,19.5,20.3,28,7,13000759,0,0.0,-0.23931566428755743,-0.9709418174260521,1
Lahore,2016,29,38.34285714285714,42.3,59.8,1015.842857142857,3.442857142857143,0.0,0.0,0.0,38.25714285714286,39.771428571428565,40.5,19.5,29,7,13000759,0,0.0,-0.3546048870425356,-0.9350162426854148,1
Lahore,2016,30,37.91428571428571,57.614285714285714,67.1,1016.3714285714286,5.271428571428571,0.0,0.0,0.0,39.114285714285714,38.25714285714286,54.5,40.5,30,7,13000759,0,0.0,-0.46472317204376806,-0.8854560256532101,1
Lahore,2016,31,38.01428571428572,55.885714285714286,36.5,1014.157142857143,6.1571428571428575,0.0,0.0,0.0,38.34285714285714,39.114285714285714,59.8,54.5,31,8,13000759,2,1.0986122886681098,-0.5680647467311556,-0.8229838658936565,1
Lahore,2016,32,37.8,52.91428571428571,70.2,1014.2,4.614285714285714,2.0,0.0,0.0,37.91428571428571,38.34285714285714,67.1,59.8,32,8,13000759,0,0.0,-0.663122658240795,-0.7485107481711013,1
Lahore,2016,33,39.028571428571425,56.971428571428575,44.5,1015.3142857142856,4.857142857142857,0.0,2.0,0.0,38.01428571428572,37.91428571428571,36.5,67.1,33,8,13000759,1,0.6931471805599453,-0.7485107481711011,-0.6631226582407952,1
Lahore,2016,34,37.67142857142857,63.942857142857136,52.4,1015.1714285714286,5.057142857142857,1.0,0.0,2.0,37.8,38.01428571428572,70.2,36.5,34,8,13000759,1,0.6931471805599453,-0.8229838658936564,-0.5680647467311559,1
Lahore,2016,35,29.67142857142857,54.32857142857143,27.3,1015.9,5.514285714285714,1.0,1.0,0.0,39.028571428571425,37.8,44.5,70.2,35,9,13000759,8,2.1972245773362196,-0.8854560256532096,-0.4647231720437691,1
Lahore,2016,36,25.428571428571427,58.785714285714285,47.9,1014.9142857142856,5.614285714285714,8.0,1.0,1.0,37.67142857142857,39.028571428571425,52.4,44.5,36,9,13000759,9,2.302585092994046,-0.9350162426854147,-0.3546048870425359,1
Lahore,2016,37,21.357142857142858,59.15714285714286,72.2,1015.0571428571428,4.271428571428571,9.0,8.0,1.0,29.67142857142857,37.67142857142857,27.3,52.4,37,9,13000759,14,2.70805020110221,-0.970941817426052,-0.23931566428755774,1
Lahore,2016,38,23.142857142857142,60.18571428571429,62.0,1016.6857142857144,4.6000000000000005,14.0,9.0,8.0,25.428571428571427,29.67142857142857,47.9,27.3,38,9,13000759,37,3.6375861597263857,-0.992708874098054,-0.12053668025532357,1
Lahore,2016,39,25.085714285714285,56.385714285714286,53.7,1014.5,5.128571428571428,37.0,14.0,9.0,21.357142857142858,25.428571428571427,72.2,47.9,39,10,13000759,42,3.7612001156935624,-1.0,-1.8369701987210297e-16,1
Lahore,2016,40,23.37142857142857,52.65714285714286,25.9,1014.4428571428572,3.857142857142857,42.0,37.0,14.0,23.142857142857142,21.357142857142858,62.0,72.2,40,10,13000759,59,4.0943445622221,-0.992708874098054,0.1205366802553232,1
Lahore,2016,41,23.17142857142857,66.07142857142857,18.6,1017.1,5.357142857142857,59.0,42.0,37.0,25.085714285714285,23.142857142857142,53.7,62.0,41,10,13000759,70,4.2626798770413155,-0.9709418174260521,0.23931566428755738,1
Lahore,2016,42,22.428571428571427,45.84285714285714,24.9,1012.9285714285714,4.871428571428572,70.0,59.0,42.0,23.37142857142857,25.085714285714285,25.9,53.7,42,10,13000759,117,4.770684624465665,-0.9350162426854148,0.35460488704253557,1
Lahore,2016,43,22.685714285714287,56.08571428571429,29.3,1014.9428571428572,4.385714285714285,117.0,70.0,59.0,23.17142857142857,23.37142857142857,18.6,25.9,43,10,13000759,157,5.062595033026967,-0.8854560256532101,0.464723172043768,1
Lahore,2016,44,23.314285714285713,57.91428571428571,18.3,1015.1,4.414285714285714,157.0,117.0,70.0,22.428571428571427,23.17142857142857,24.9,18.6,44,11,13000759,134,4.90527477843843,-0.822983865893657,0.5680647467311548,0
Lahore,2016,45,24.47142857142857,57.4,11.5,1016.2428571428572,4.571428571428571,134.0,157.0,117.0,22.685714285714287,22.428571428571427,29.3,24.9,45,11,13000759,138,4.9344739331306915,-0.7485107481711011,0.6631226582407953,0
Lahore,2016,46,23.685714285714283,53.542857142857144,12.9,1013.9428571428572,4.942857142857143,138.0,134.0,157.0,23.314285714285713,22.685714285714287,18.3,29.3,46,11,13000759,124,4.8283137373023015,-0.6631226582407956,0.7485107481711007,0
Lahore,2016,47,22.971428571428568,42.91428571428571,27.6,1014.3571428571428,6.128571428571428,124.0,138.0,134.0,24.47142857142857,23.314285714285713,11.5,18.3,47,11,13000759,81,4.406719247264253,-0.5680647467311559,0.8229838658936564,0
Lahore,2016,48,18.542857142857144,54.24285714285714,24.5,1014.0,4.714285714285714,81.0,124.0,138.0,23.685714285714283,24.47142857142857,12.9,11.5,48,12,13000759,48,3.8918202981106265,-0.4647231720437684,0.88545602565321,0
Lahore,2016,49,16.6,63.114285714285714,13.4,1013.8571428571428,4.314285714285714,48.0,81.0,124.0,22.971428571428568,23.685714285714283,27.6,12.9,49,12,13000759,42,3.7612001156935624,-0.35460488704253595,0.9350162426854147,0
Lahore,2016,50,15.014285714285714,46.44285714285714,9.1,1014.2714285714284,4.985714285714286,42.0,48.0,81.0,18.542857142857144,22.971428571428568,24.5,27.6,50,12,13000759,14,2.70805020110221,-0.2393156642875578,0.970941817426052,0
Lahore,2016,51,15.228571428571428,53.15714285714286,15.0,1014.2428571428572,6.185714285714286,14.0,42.0,48.0,16.6,18.542857142857144,13.4,24.5,51,12,13000759,7,2.0794415416798357,-0.12053668025532363,0.992708874098054,0
Lahore,2016,52,17.099999999999998,62.86666666666667,11.6,1014.7333333333332,5.333333333333333,7.0,14.0,42.0,15.014285714285714,16.6,9.1,13.4,52,12,13000759,5,1.791759469228055,6.432490598706546e-16,1.0,0
Lahore,2016,53,18.833333333333332,51.56666666666666,14.6,1013.8,6.033333333333334,5.0,7.0,14.0,15.228571428571428,15.014285714285714,15.0,9.1,53,1,13000759,0,0.0,0.12053668025532314,0.992708874098054,0
Lahore,2017,1,14.485714285714286,49.714285714285715,15.1,1016.4428571428572,5.028571428571429,0.0,5.0,7.0,17.099999999999998,15.228571428571428,11.6,15.0,1,1,13000759,1,0.6931471805599453,0.12053668025532305,0.992708874098054,0
Lahore,2017,2,16.228571428571428,64.37142857142858,14.5,1014.3142857142856,4.971428571428571,1.0,0.0,5.0,18.833333333333332,17.099999999999998,14.6,11.6,2,1,13000759,0,0.0,0.23931566428755774,0.970941817426052,0
Lahore,2017,3,15.1,59.971428571428575,13.3,1015.8857142857142,5.7,0.0,1.0,0.0,14.485714285714286,18.833333333333332,15.1,14.6,3,1,13000759,0,0.0,0.3546048870425356,0.9350162426854148,0
Lahore,2017,4,16.085714285714285,53.32857142857143,17.5,1014.6714285714286,5.542857142857143,0.0,0.0,1.0,16.228571428571428,14.485714285714286,14.5,15.1,4,1,13000759,0,0.0,0.4647231720437685,0.8854560256532099,0
Lahore,2017,5,17.085714285714285,60.628571428571426,19.7,1015.842857142857,4.4714285714285715,0.0,0.0,0.0,15.1,16.228571428571428,13.3,14.5,5,2,13000759,0,0.0,0.5680647467311558,0.8229838658936564,0
Lahore,2017,6,16.785714285714285,54.642857142857146,10.6,1013.342857142857,5.614285714285714,0.0,0.0,0.0,16.085714285714285,15.1,17.5,13.3,6,2,13000759,0,0.0,0.6631226582407952,0.7485107481711011,0
Lahore,2017,7,17.3,55.5,9.3,1015.9428571428572,5.014285714285714,0.0,0.0,0.0,17.085714285714285,16.085714285714285,19.7,17.5,7,2,13000759,0,0.0,0.7485107481711011,0.6631226582407953,0
Lahore,2017,8,18.514285714285712,55.97142857142857,20.6,1015.5428571428572,4.942857142857143,0.0,0.0,0.0,16.785714285714285,17.085714285714285,10.6,19.7,8,2,13000759,1,0.6931471805599453,0.8229838658936564,0.5680647467311558,0
Lahore,2017,9,26.457142857142856,65.41428571428571,24.3,1014.6285714285714,4.5,1.0,0.0,0.0,17.3,16.785714285714285,9.3,10.6,9,3,13000759,1,0.6931471805599453,0.8854560256532098,0.4647231720437686,0
Lahore,2017,10,27.914285714285715,55.24285714285714,8.2,1015.2714285714284,4.171428571428572,1.0,1.0,0.0,18.514285714285712,17.3,20.6,9.3,10,3,13000759,0,0.0,0.9350162426854148,0.35460488704253557,0
Lahore,2017,11,26.74285714285714,51.271428571428565,27.1,1015.6142857142858,5.5,0.0,1.0,1.0,26.457142857142856,18.514285714285712,24.3,20.6,11,3,13000759,0,0.0,0.970941817426052,0.23931566428755804,0
Lahore,2017,12,26.3,55.34285714285715,20.0,1015.3714285714286,4.4714285714285715,0.0,0.0,1.0,27.914285714285715,26.457142857142856,8.2,24.3,12,3,13000759,0,0.0,0.992708874098054,0.120536680255323,0
Lahore,2017,13,26.042857142857144,54.31428571428571,10.3,1013.8571428571428,5.614285714285714,0.0,0.0,0.0,26.74285714285714,27.914285714285715,27.1,8.2,13,4,13000759,0,0.0,1.0,-1.6081226496766366e-16,0
Lahore,2017,14,26.471428571428568,58.07142857142857,7.6,1015.1714285714286,4.985714285714286,0.0,0.0,0.0,26.3,26.74285714285714,20.0,27.1,14,4,13000759,0,0.0,0.992708874098054,-0.12053668025532288,0
Lahore,2017,15,29.071428571428573,54.15714285714286,21.7,1014.4285714285714,5.3428571428571425,0.0,0.0,0.0,26.042857142857144,26.3,10.3,20.0,15,4,13000759,0,0.0,0.9709418174260521,-0.2393156642875575,0
Lahore,2017,16,26.071428571428573,51.51428571428572,15.3,1014.8714285714286,4.771428571428571,0.0,0.0,0.0,26.471428571428568,26.042857142857144,7.6,10.3,16,4,13000759,0,0.0,0.9350162426854148,-0.35460488704253545,0
Lahore,2017,17,27.285714285714285,52.17142857142857,18.8,1014.5571428571428,5.142857142857143,0.0,0.0,0.0,29.071428571428573,26.471428571428568,21.7,7.6,17,4,13000759,0,0.0,0.8854560256532099,-0.4647231720437685,0
Lahore,2017,18,27.842857142857145,57.728571428571435,21.299999999999997,1014.4571428571428,5.1571428571428575,0.0,0.0,0.0,26.071428571428573,29.071428571428573,15.3,21.7,18,5,13000759,0,0.0,0.8229838658936565,-0.5680647467311557,0
Lahore,2017,19,27.385714285714283,50.4,13.6,1014.6,5.0,0.0,0.0,0.0,27.285714285714285,26.071428571428573,18.8,15.3,19,5,13000759,2,1.0986122886681098,0.7485107481711013,-0.6631226582407951,0
Lahore,2017,20,25.357142857142858,59.57142857142857,11.7,1014.9714285714286,4.742857142857143,2.0,0.0,0.0,27.842857142857145,27.285714285714285,21.299999999999997,18.8,20,5,13000759,5,1.791759469228055,0.6631226582407952,-0.7485107481711012,0
Lahore,2017,21,27.657142857142855,60.957142857142856,8.0,1015.4714285714286,6.0,5.0,2.0,0.0,27.385714285714283,27.842857142857145,13.6,21.299999999999997,21,5,13000759,2,1.0986122886681098,0.5680647467311558,-0.8229838658936564,0
Lahore,2017,22,32.300000000000004,46.642857142857146,27.9,1015.0714285714286,4.742857142857143,2.0,5.0,2.0,25.357142857142858,27.385714285714283,11.7,13.6,22,6,13000759,0,0.0,0.46472317204376906,-0.8854560256532096,0
Lahore,2017,23,37.5,55.7,29.4,1014.8142857142856,3.757142857142857,0.0,2.0,5.0,27.657142857142855,25.357142857142858,8.0,11.7,23,6,13000759,3,1.3862943611198906,0.35460488704253584,-0.9350162426854147,0
Lahore,2017,24,39.24285714285714,62.142857142857146,8.2,1014.5,5.571428571428571,3.0,0.0,2.0,32.300000000000004,27.657142857142855,27.9,8.0,24,6,13000759,1,0.6931471805599453,0.23931566428755768,-0.970941817426052,0
Lahore,2017,25,39.32857142857143,51.55714285714286,17.2,1016.8714285714286,4.714285714285714,1.0,3.0,0.0,37.5,32.300000000000004,29.4,27.9,25,6,13000759,1,0.6931471805599453,0.12053668025532308,-0.992708874098054,0
Lahore,2017,26,39.357142857142854,50.18571428571429,20.4,1014.7285714285716,5.685714285714285,1.0,1.0,3.0,39.24285714285714,37.5,8.2,29.4,26,7,13000759,1,0.6931471805599453,-3.216245299353273e-16,-1.0,1
Lahore,2017,27,39.08571428571429,50.58571428571429,60.900000000000006,1015.8142857142856,4.7,1.0,1.0,1.0,39.32857142857143,39.24285714285714,17.2,8.2,27,7,13000759,1,0.6931471805599453,-0.12053668025532283,-0.992708874098054,1
Lahore,2017,28,37.028571428571425,52.42857142857143,20.0,1016.7,5.371428571428572,1.0,1.0,1.0,39.357142857142854,39.32857142857143,20.4,17.2,28,7,13000759,0,0.0,-0.23931566428755743,-0.9709418174260521,1
Lahore,2017,29,37.51428571428572,52.214285714285715,80.9,1014.2,4.214285714285714,0.0,1.0,1.0,39.08571428571429,39.357142857142854,60.900000000000006,20.4,29,7,13000759,0,0.0,-0.3546048870425356,-0.9350162426854148,1
Lahore,2017,30,39.8,55.5,42.2,1016.2,4.414285714285714,0.0,0.0,1.0,37.028571428571425,39.08571428571429,20.0,60.900000000000006,30,7,13000759,3,1.3862943611198906,-0.46472317204376806,-0.8854560256532101,1
Lahore,2017,31,38.214285714285715,55.385714285714286,37.6,1013.8571428571428,4.728571428571429,3.0,0.0,0.0,37.51428571428572,37.028571428571425,80.9,20.0,31,8,13000759,0,0.0,-0.5680647467311556,-0.8229838658936565,1
Lahore,2017,32,37.871428571428574,58.58571428571429,35.9,1012.842857142857,3.928571428571429,0.0,3.0,0.0,39.8,37.51428571428572,42.2,80.9,32,8,13000759,0,0.0,-0.663122658240795,-0.7485107481711013,1
Lahore,2017,33,38.2,55.971428571428575,45.0,1014.6,4.857142857142857,0.0,0.0,3.0,38.214285714285715,39.8,37.6,42.2,33,8,13000759,0,0.0,-0.7485107481711011,-0.6631226582407952,1
Lahore,2017,34,36.94285714285714,60.18571428571427,41.9,1015.4,6.685714285714285,0.0,0.0,0.0,37.871428571428574,38.214285714285715,35.9,37.6,34,8,13000759,7,2.0794415416798357,-0.8229838658936564,-0.5680647467311559,1
Lahore,2017,35,31.82857142857143,57.642857142857146,46.3,1014.5857142857144,4.585714285714286,7.0,0.0,0.0,38.2,37.871428571428574,45.0,35.9,35,9,13000759,6,1.9459101490553132,-0.8854560256532096,-0.4647231720437691,1
Lahore,2017,36,23.62857142857143,55.92857142857143,38.5,1014.5571428571428,5.3428571428571425,6.0,7.0,0.0,36.94285714285714,38.2,41.9,45.0,36,9,13000759,0,0.0,-0.9350162426854147,-0.3546048870425359,1
Lahore,2017,37,25.285714285714285,48.84285714285715,76.60000000000001,1016.5571428571428,3.914285714285714,0.0,6.0,7.0,31.82857142857143,36.94285714285714,46.3,41.9,37,9,13000759,2,1.0986122886681098,-0.970941817426052,-0.23931566428755774,1
Lahore,2017,38,25.228571428571428,57.04285714285714,34.7,1013.4285714285714,4.871428571428572,2.0,0.0,6.0,23.62857142857143,31.82857142857143,38.5,46.3,38,9,13000759,2,1.0986122886681098,-0.992708874098054,-0.12053668025532357,1
Lahore,2017,39,23.414285714285715,50.728571428571435,57.0,1013.7857142857144,4.357142857142857,2.0,2.0,0.0,25.285714285714285,23.62857142857143,76.60000000000001,38.5,39,10,13000759,2,1.0986122886681098,-1.0,-1.8369701987210297e-16,1
Lahore,2017,40,21.74285714285714,59.785714285714285,9.5,1013.7142857142856,5.242857142857142,2.0,2.0,2.0,25.228571428571428,25.285714285714285,34.7,76.60000000000001,40,10,13000759,3,1.3862943611198906,-0.992708874098054,0.1205366802553232,1
Lahore,2017,41,24.085714285714285,51.4,22.0,1015.0571428571428,4.871428571428572,3.0,2.0,2.0,23.414285714285715,25.228571428571428,57.0,34.7,41,10,13000759,10,2.3978952727983707,-0.9709418174260521,0.23931566428755738,1
Lahore,2017,42,24.485714285714288,52.95714285714286,19.4,1014.4714285714286,4.871428571428572,10.0,3.0,2.0,21.74285714285714,23.414285714285715,9.5,57.0,42,10,13000759,11,2.4849066497880004,-0.9350162426854148,0.35460488704253557,1
Lahore,2017,43,21.75714285714286,66.1,12.2,1015.3571428571428,5.542857142857143,11.0,10.0,3.0,24.085714285714285,21.74285714285714,22.0,9.5,43,10,13000759,7,2.0794415416798357,-0.8854560256532101,0.464723172043768,1
Lahore,2017,44,21.657142857142855,51.51428571428572,17.2,1013.4428571428572,4.4714285714285715,7.0,11.0,10.0,24.485714285714288,24.085714285714285,19.4,22.0,44,11,13000759,9,2.302585092994046,-0.822983865893657,0.5680647467311548,0
Lahore,2017,45,25.314285714285713,56.1,24.5,1014.7,3.971428571428571,9.0,7.0,11.0,21.75714285714286,24.485714285714288,12.2,19.4,45,11,13000759,6,1.9459101490553132,-0.7485107481711011,0.6631226582407953,0
Lahore,2017,46,21.928571428571427,56.285714285714285,19.0,1015.3571428571428,5.271428571428571,6.0,9.0,7.0,21.657142857142855,21.75714285714286,17.2,12.2,46,11,13000759,5,1.791759469228055,-0.6631226582407956,0.7485107481711007,0
Lahore,2017,47,21.385714285714283,59.75714285714286,16.8,1016.6,3.957142857142857,5.0,6.0,9.0,25.314285714285713,21.657142857142855,24.5,17.2,47,11,13000759,2,1.0986122886681098,-0.5680647467311559,0.8229838658936564,0
Lahore,2017,48,19.957142857142856,57.357142857142854,16.5,1014.7571428571428,5.071428571428571,2.0,5.0,6.0,21.928571428571427,25.314285714285713,19.0,24.5,48,12,13000759,0,0.0,-0.4647231720437684,0.88545602565321,0
Lahore,2017,49,15.085714285714284,54.114285714285714,11.9,1014.2571428571428,4.914285714285714,0.0,2.0,5.0,21.385714285714283,21.928571428571427,16.8,19.0,49,12,13000759,0,0.0,-0.35460488704253595,0.9350162426854147,0
Lahore,2017,50,15.271428571428572,57.885714285714286,14.9,1016.3571428571428,4.785714285714286,0.0,0.0,2.0,19.957142857142856,21.385714285714283,16.5,16.8,50,12,13000759,1,0.6931471805599453,-0.2393156642875578,0.970941817426052,0
Lahore,2017,51,16.0,56.228571428571435,14.5,1016.0,4.3999999999999995,1.0,0.0,0.0,15.085714285714284,19.957142857142856,11.9,16.5,51,12,13000759,0,0.0,-0.12053668025532363,0.992708874098054,0
Lahore,2017,52,16.275,52.6625,15.9,1014.675,5.925,0.0,1.0,0.0,15.271428571428572,15.085714285714284,14.9,11.9,52,1,13000759,0,0.0,6.432490598706546e-16,1.0,0
Lahore,2018,1,17.9375,60.95,18.8,1015.4125,5.4,0.0,0.0,1.0,16.0,15.271428571428572,14.5,14.9,1,1,13000759,2,1.0986122886681098,0.12053668025532305,0.992708874098054,0
Lahore,2018,2,17.985714285714288,55.728571428571435,30.4,1013.4285714285714,6.257142857142857,2.0,0.0,0.0,16.275,16.0,15.9,14.5,2,1,13000759,0,0.0,0.23931566428755774,0.970941817426052,0
Lahore,2018,3,13.914285714285716,53.5,12.7,1016.3571428571428,4.4714285714285715,0.0,2.0,0.0,17.9375,16.275,18.8,15.9,3,1,13000759,0,0.0,0.3546048870425356,0.9350162426854148,0
Lahore,2018,4,16.728571428571428,52.471428571428575,8.7,1012.8,4.785714285714286,0.0,0.0,2.0,17.985714285714288,17.9375,30.4,18.8,4,1,13000759,0,0.0,0.4647231720437685,0.8854560256532099,0
Lahore,2018,5,15.185714285714289,46.857142857142854,8.1,1014.5285714285714,5.228571428571429,0.0,0.0,0.0,13.914285714285716,17.985714285714288,12.7,30.4,5,2,13000759,0,0.0,0.5680647467311558,0.8229838658936564,0
Lahore,2018,6,15.757142857142856,47.042857142857144,7.4,1015.5428571428572,4.8428571428571425,0.0,0.0,0.0,16.728571428571428,13.914285714285716,8.7,12.7,6,2,13000759,0,0.0,0.6631226582407952,0.7485107481711011,0
Lahore,2018,7,17.04285714285714,45.51428571428572,14.7,1014.3142857142856,4.885714285714286,0.0,0.0,0.0,15.185714285714289,16.728571428571428,8.1,8.7,7,2,13000759,0,0.0,0.7485107481711011,0.6631226582407953,0
Lahore,2018,8,14.885714285714286,53.385714285714286,22.2,1014.3,5.957142857142857,0.0,0.0,0.0,15.757142857142856,15.185714285714289,7.4,8.1,8,2,13000759,0,0.0,0.8229838658936564,0.5680647467311558,0
Lahore,2018,9,22.557142857142857,53.971428571428575,18.6,1012.7428571428572,4.8,0.0,0.0,0.0,17.04285714285714,15.757142857142856,14.7,7.4,9,3,13000759,0,0.0,0.8854560256532098,0.4647231720437686,0
Lahore,2018,10,26.957142857142856,52.15714285714286,16.0,1014.1428571428572,5.514285714285714,0.0,0.0,0.0,14.885714285714286,17.04285714285714,22.2,14.7,10,3,13000759,1,0.6931471805599453,0.9350162426854148,0.35460488704253557,0
Lahore,2018,11,26.62857142857143,53.3,26.3,1012.6142857142858,6.028571428571429,1.0,0.0,0.0,22.557142857142857,14.885714285714286,18.6,22.2,11,3,13000759,0,0.0,0.970941817426052,0.23931566428755804,0
Lahore,2018,12,27.24285714285714,52.08571428571429,18.4,1014.8,5.428571428571429,0.0,1.0,0.0,26.957142857142856,22.557142857142857,16.0,18.6,12,3,13000759,0,0.0,0.992708874098054,0.120536680255323,0
Lahore,2018,13,27.842857142857145,54.75714285714286,20.6,1015.0714285714286,4.614285714285714,0.0,0.0,1.0,26.62857142857143,26.957142857142856,26.3,16.0,13,4,13000759,1,0.6931471805599453,1.0,-1.6081226496766366e-16,0
Lahore,2018,14,26.071428571428573,50.07142857142857,23.4,1015.157142857143,6.328571428571428,1.0,0.0,0.0,27.24285714285714,26.62857142857143,18.4,26.3,14,4,13000759,0,0.0,0.992708874098054,-0.12053668025532288,0
Lahore,2018,15,27.8,49.614285714285714,28.6,1013.8857142857142,4.171428571428572,0.0,1.0,0.0,27.842857142857145,27.24285714285714,20.6,18.4,15,4,13000759,0,0.0,0.9709418174260521,-0.2393156642875575,0
Lahore,2018,16,26.057142857142857,54.471428571428575,8.4,1014.2285714285716,4.4714285714285715,0.0,0.0,1.0,26.071428571428573,27.842857142857145,23.4,20.6,16,4,13000759,0,0.0,0.9350162426854148,-0.35460488704253545,0
Lahore,2018,17,28.87142857142857,49.97142857142857,16.700000000000003,1013.6857142857144,5.528571428571429,0.0,0.0,0.0,27.8,26.071428571428573,28.6,23.4,17,4,13000759,0,0.0,0.8854560256532099,-0.4647231720437685,0
Lahore,2018,18,25.74285714285714,54.857142857142854,15.9,1017.157142857143,5.471428571428571,0.0,0.0,0.0,26.057142857142857,27.8,8.4,28.6,18,5,13000759,0,0.0,0.8229838658936565,-0.5680647467311557,0
Lahore,2018,19,26.942857142857143,48.271428571428565,23.1,1014.4857142857144,4.442857142857143,0.0,0.0,0.0,28.87142857142857,26.057142857142857,16.700000000000003,8.4,19,5,13000759,0,0.0,0.7485107481711013,-0.6631226582407951,0
Lahore,2018,20,25.5,53.81428571428571,18.3,1015.7142857142856,4.5,0.0,0.0,0.0,25.74285714285714,28.87142857142857,15.9,16.700000000000003,20,5,13000759,0,0.0,0.6631226582407952,-0.7485107481711012,0
Lahore,2018,21,26.9,55.0,16.1,1014.157142857143,4.857142857142857,0.0,0.0,0.0,26.942857142857143,25.74285714285714,23.1,15.9,21,5,13000759,0,0.0,0.5680647467311558,-0.8229838658936564,0
Lahore,2018,22,31.614285714285717,55.628571428571426,31.0,1016.9428571428572,5.614285714285714,0.0,0.0,0.0,25.5,26.942857142857143,18.3,23.1,22,6,13000759,0,0.0,0.46472317204376906,-0.8854560256532096,0
Lahore,2018,23,36.7,51.31428571428571,10.4,1014.0857142857144,3.928571428571429,0.0,0.0,0.0,26.9,25.5,16.1,18.3,23,6,13000759,0,0.0,0.35460488704253584,-0.9350162426854147,0
Lahore,2018,24,36.028571428571425,53.6,15.9,1014.0857142857144,5.528571428571429,0.0,0.0,0.0,31.614285714285717,26.9,31.0,16.1,24,6,13000759,0,0.0,0.23931566428755768,-0.970941817426052,0
Lahore,2018,25,39.65714285714286,51.15714285714285,35.5,1014.2428571428572,5.642857142857143,0.0,0.0,0.0,36.7,31.614285714285717,10.4,31.0,25,6,13000759,0,0.0,0.12053668025532308,-0.992708874098054,0
Lahore,2018,26,37.65714285714286,54.17142857142857,15.0,1014.5714285714286,4.714285714285714,0.0,0.0,0.0,36.028571428571425,36.7,15.9,10.4,26,7,13000759,0,0.0,-3.216245299353273e-16,-1.0,1
Lahore,2018,27,36.74285714285714,51.042857142857144,64.9,1017.1428571428572,5.7,0.0,0.0,0.0,39.65714285714286,36.028571428571425,35.5,15.9,27,7,13000759,0,0.0,-0.12053668025532283,-0.992708874098054,1
Lahore,2018,28,38.4,55.4,60.0,1015.5857142857144,4.542857142857143,0.0,0.0,0.0,37.65714285714286,39.65714285714286,15.0,35.5,28,7,13000759,0,0.0,-0.23931566428755743,-0.9709418174260521,1
Lahore,2018,29,37.05714285714286,57.47142857142857,83.9,1015.4428571428572,5.185714285714285,0.0,0.0,0.0,36.74285714285714,37.65714285714286,64.9,15.0,29,7,13000759,2,1.0986122886681098,-0.3546048870425356,-0.9350162426854148,1
Lahore,2018,30,38.285714285714285,54.714285714285715,53.8,1015.3142857142856,4.385714285714285,2.0,0.0,0.0,38.4,36.74285714285714,60.0,64.9,30,7,13000759,0,0.0,-0.46472317204376806,-0.8854560256532101,1
Lahore,2018,31,37.98571428571428,54.92857142857143,49.2,1017.2142857142856,4.457142857142857,0.0,2.0,0.0,37.05714285714286,38.4,83.9,60.0,31,8,13000759,1,0.6931471805599453,-0.5680647467311556,-0.8229838658936565,1
Lahore,2018,32,37.67142857142857,52.1,47.1,1013.1,5.1571428571428575,1.0,0.0,2.0,38.285714285714285,37.05714285714286,53.8,83.9,32,8,13000759,0,0.0,-0.663122658240795,-0.7485107481711013,1
Lahore,2018,33,37.75714285714286,47.628571428571426,41.900000000000006,1014.1857142857144,5.5,0.0,1.0,0.0,37.98571428571428,38.285714285714285,49.2,53.8,33,8,13000759,1,0.6931471805599453,-0.7485107481711011,-0.6631226582407952,1
Lahore,2018,34,36.91428571428571,56.042857142857144,40.6,1016.7571428571428,4.4,1.0,0.0,1.0,37.67142857142857,37.98571428571428,47.1,49.2,34,8,13000759,0,0.0,-0.8229838658936564,-0.5680647467311559,1
Lahore,2018,35,33.614285714285714,57.81428571428571,45.1,1015.8714285714286,5.014285714285714,0.0,1.0,0.0,37.75714285714286,37.67142857142857,41.900000000000006,47.1,35,9,13000759,0,0.0,-0.8854560256532096,-0.4647231720437691,1
Lahore,2018,36,23.842857142857145,62.642857142857146,44.4,1013.5142857142856,5.242857142857143,0.0,0.0,1.0,36.91428571428571,37.75714285714286,40.6,41.900000000000006,36,9,13000759,0,0.0,-0.9350162426854147,-0.3546048870425359,1
Lahore,2018,37,24.6,54.2,56.8,1014.4714285714286,4.385714285714285,0.0,0.0,0.0,33.614285714285714,36.91428571428571,45.1,40.6,37,9,13000759,0,0.0,-0.970941817426052,-0.23931566428755774,1
Lahore,2018,38,23.728571428571428,50.271428571428565,55.5,1015.2285714285716,5.2,0.0,0.0,0.0,23.842857142857145,33.614285714285714,44.4,45.1,38,9,13000759,1,0.6931471805599453,-0.992708874098054,-0.12053668025532357,1
Lahore,2018,39,24.842857142857145,51.528571428571425,60.3,1013.0571428571428,6.3,1.0,0.0,0.0,24.6,23.842857142857145,56.8,44.4,39,9,13000759,0,0.0,-1.0,-1.8369701987210297e-16,1
Lahore,2018,40,22.75714285714286,51.34285714285714,11.4,1013.6142857142858,5.114285714285714,0.0,1.0,0.0,23.728571428571428,24.6,55.5,56.8,40,10,13000759,0,0.0,-0.992708874098054,0.1205366802553232,1
Lahore,2018,41,23.514285714285712,57.08571428571429,22.9,1014.7571428571428,3.7142857142857144,0.0,0.0,1.0,24.842857142857145,23.728571428571428,60.3,55.5,41,10,13000759,0,0.0,-0.9709418174260521,0.23931566428755738,1
Lahore,2018,42,21.428571428571427,49.0,14.0,1015.6857142857144,4.957142857142856,0.0,0.0,0.0,22.75714285714286,24.842857142857145,11.4,60.3,42,10,13000759,0,0.0,-0.9350162426854148,0.35460488704253557,1
Lahore,2018,43,25.485714285714288,59.557142857142864,12.3,1016.0,5.671428571428572,0.0,0.0,0.0,23.514285714285712,22.75714285714286,22.9,11.4,43,10,13000759,1,0.6931471805599453,-0.8854560256532101,0.464723172043768,1
Lahore,2018,44,24.67142857142857,62.15714285714285,17.3,1014.2571428571428,6.371428571428572,1.0,0.0,0.0,21.428571428571427,23.514285714285712,14.0,22.9,44,11,13000759,2,1.0986122886681098,-0.822983865893657,0.5680647467311548,0
Lahore,2018,45,22.942857142857143,55.42857142857143,16.099999999999998,1015.342857142857,6.1571428571428575,2.0,1.0,0.0,25.485714285714288,21.428571428571427,12.3,14.0,45,11,13000759,3,1.3862943611198906,-0.7485107481711011,0.6631226582407953,0
Lahore,2018,46,22.37142857142857,53.32857142857143,21.6,1016.7714285714284,5.3428571428571425,3.0,2.0,1.0,24.67142857142857,25.485714285714288,17.3,12.3,46,11,13000759,2,1.0986122886681098,-0.6631226582407956,0.7485107481711007,0
Lahore,2018,47,25.52857142857143,50.128571428571426,23.5,1013.5857142857144,5.7,2.0,3.0,2.0,22.942857142857143,24.67142857142857,16.099999999999998,17.3,47,11,13000759,0,0.0,-0.5680647467311559,0.8229838658936564,0
Lahore,2018,48,21.7,50.771428571428565,16.7,1014.6857142857144,5.3,0.0,2.0,3.0,22.37142857142857,22.942857142857143,21.6,16.099999999999998,48,12,13000759,1,0.6931471805599453,-0.4647231720437684,0.88545602565321,0
Lahore,2018,49,17.842857142857145,58.3,17.9,1015.5285714285714,5.114285714285714,1.0,0.0,2.0,25.52857142857143,22.37142857142857,23.5,21.6,49,12,13000759,0,0.0,-0.35460488704253595,0.9350162426854147,0
Lahore,2018,50,16.614285714285714,57.91428571428571,15.2,1013.2285714285716,4.257142857142857,0.0,1.0,0.0,21.7,25.52857142857143,16.7,23.5,50,12,13000759,0,0.0,-0.2393156642875578,0.970941817426052,0
Lahore,2018,51,15.685714285714283,59.714285714285715,9.1,1014.9714285714286,5.485714285714286,0.0,0.0,1.0,17.842857142857145,21.7,17.9,16.7,51,12,13000759,0,0.0,-0.12053668025532363,0.992708874098054,0
Lahore,2018,52,16.485714285714288,52.75714285714286,21.1,1015.842857142857,4.7,0.0,0.0,0.0,16.614285714285714,17.842857142857145,15.2,17.9,52,12,13000759,0,0.0,6.432490598706546e-16,1.0,0
Lahore,2019,1,13.725,56.7875,19.0,1014.0875,5.225,0.0,0.0,0.0,15.685714285714283,16.614285714285714,9.1,15.2,1,1,13000759,0,0.0,0.12053668025532305,0.992708874098054,0
Lahore,2019,2,16.87142857142857,60.55714285714286,24.6,1016.2428571428572,3.9857142857142858,0.0,0.0,0.0,16.485714285714288,15.685714285714283,21.1,9.1,2,1,13000759,1,0.6931471805599453,0.23931566428755774,0.970941817426052,0
Lahore,2019,3,15.857142857142858,55.4,21.9,1015.7428571428572,5.171428571428571,1.0,0.0,0.0,13.725,16.485714285714288,19.0,21.1,3,1,13000759,0,0.0,0.3546048870425356,0.9350162426854148,0
Lahore,2019,4,16.45714285714286,58.885714285714286,18.0,1014.157142857143,4.485714285714286,0.0,1.0,0.0,16.87142857142857,13.725,24.6,19.0,4,1,13000759,0,0.0,0.4647231720437685,0.8854560256532099,0
Lahore,2019,5,14.014285714285714,56.84285714285714,24.5,1015.6714285714286,5.3428571428571425,0.0,0.0,1.0,15.857142857142858,16.87142857142857,21.9,24.6,5,2,13000759,0,0.0,0.5680647467311558,0.8229838658936564,0
Lahore,2019,6,15.571428571428571,59.18571428571429,10.0,1014.4142857142856,4.542857142857143,0.0,0.0,0.0,16.45714285714286,15.857142857142858,18.0,21.9,6,2,13000759,0,0.0,0.6631226582407952,0.7485107481711011,0
Lahore,2019,7,14.6,50.614285714285714,17.4,1016.9142857142856,4.757142857142857,0.0,0.0,0.0,14.014285714285714,16.45714285714286,24.5,18.0,7,2,13000759,0,0.0,0.7485107481711011,0.6631226582407953,0
Lahore,2019,8,16.32857142857143,60.9,10.8,1015.657142857143,4.114285714285715,0.0,0.0,0.0,15.571428571428571,14.014285714285714,10.0,24.5,8,2,13000759,1,0.6931471805599453,0.8229838658936564,0.5680647467311558,0
Lahore,2019,9,22.12857142857143,58.957142857142856,23.1,1014.7571428571428,5.114285714285714,1.0,0.0,0.0,14.6,15.571428571428571,17.4,10.0,9,3,13000759,0,0.0,0.8854560256532098,0.4647231720437686,0
Lahore,2019,10,27.62857142857143,50.05714285714286,21.9,1013.9857142857144,4.857142857142857,0.0,1.0,0.0,16.32857142857143,14.6,10.8,17.4,10,3,13000759,0,0.0,0.9350162426854148,0.35460488704253557,0
Lahore,2019,11,29.185714285714287,53.971428571428575,27.7,1014.1428571428572,5.585714285714286,0.0,0.0,1.0,22.12857142857143,16.32857142857143,23.1,10.8,11,3,13000759,0,0.0,0.970941817426052,0.23931566428755804,0
Lahore,2019,12,27.457142857142856,48.84285714285714,10.8,1014.9428571428572,4.614285714285714,0.0,0.0,0.0,27.62857142857143,22.12857142857143,21.9,23.1,12,3,13000759,2,1.0986122886681098,0.992708874098054,0.120536680255323,0
Lahore,2019,13,27.87142857142857,64.82857142857144,15.0,1014.2714285714284,4.0285714285714285,2.0,0.0,0.0,29.185714285714287,27.62857142857143,27.7,21.9,13,3,13000759,1,0.6931471805599453,1.0,-1.6081226496766366e-16,0
Lahore,2019,14,27.314285714285713,48.142857142857146,16.2,1015.7571428571428,5.242857142857143,1.0,2.0,0.0,27.457142857142856,29.185714285714287,10.8,27.7,14,4,13000759,2,1.0986122886681098,0.992708874098054,-0.12053668025532288,0
Lahore,2019,15,28.314285714285713,55.271428571428565,10.8,1016.7571428571428,5.6,2.0,1.0,2.0,27.87142857142857,27.457142857142856,15.0,10.8,15,4,13000759,0,0.0,0.9709418174260521,-0.2393156642875575,0
Lahore,2019,16,26.657142857142855,52.042857142857144,14.7,1016.3142857142856,5.0,0.0,2.0,1.0,27.314285714285713,27.87142857142857,16.2,15.0,16,4,13000759,0,0.0,0.9350162426854148,-0.35460488704253545,0
Lahore,2019,17,28.342857142857145,59.10000000000001,25.0,1014.2857142857144,5.6571428571428575,0.0,0.0,2.0,28.314285714285713,27.314285714285713,10.8,16.2,17,4,13000759,0,0.0,0.8854560256532099,-0.4647231720437685,0
Lahore,2019,18,26.014285714285712,47.52857142857143,13.0,1015.3571428571428,5.571428571428571,0.0,0.0,0.0,26.657142857142855,28.314285714285713,14.7,10.8,18,5,13000759,1,0.6931471805599453,0.8229838658936565,-0.5680647467311557,0
Lahore,2019,19,25.342857142857145,58.34285714285714,15.4,1016.0857142857144,4.885714285714286,1.0,0.0,0.0,28.342857142857145,26.657142857142855,25.0,14.7,19,5,13000759,1,0.6931471805599453,0.7485107481711013,-0.6631226582407951,0
Lahore,2019,20,26.057142857142857,55.31428571428571,19.9,1014.7285714285716,5.628571428571428,1.0,1.0,0.0,26.014285714285712,28.342857142857145,13.0,25.0,20,5,13000759,1,0.6931471805599453,0.6631226582407952,-0.7485107481711012,0
Lahore,2019,21,27.24285714285714,49.1,22.9,1015.0285714285714,5.542857142857143,1.0,1.0,1.0,25.342857142857145,26.014285714285712,15.4,13.0,21,5,13000759,0,0.0,0.5680647467311558,-0.8229838658936564,0
Lahore,2019,22,28.8,55.05714285714286,15.7,1015.2571428571428,4.128571428571429,0.0,1.0,1.0,26.057142857142857,25.342857142857145,19.9,15.4,22,6,13000759,0,0.0,0.46472317204376906,-0.8854560256532096,0
Lahore,2019,23,38.01428571428572,59.028571428571425,17.6,1013.5857142857144,4.957142857142857,0.0,0.0,1.0,27.24285714285714,26.057142857142857,22.9,19.9,23,6,13000759,0,0.0,0.35460488704253584,-0.9350162426854147,0
Lahore,2019,24,37.25714285714286,59.0,8.3,1014.7714285714284,4.5,0.0,0.0,0.0,28.8,27.24285714285714,15.7,22.9,24,6,13000759,2,1.0986122886681098,0.23931566428755768,-0.970941817426052,0
Lahore,2019,25,35.9,58.771428571428565,5.5,1014.8714285714286,5.8428571428571425,2.0,0.0,0.0,38.01428571428572,28.8,17.6,15.7,25,6,13000759,0,0.0,0.12053668025532308,-0.992708874098054,0
Lahore,2019,26,38.885714285714286,59.614285714285714,20.8,1015.8857142857142,4.671428571428572,0.0,2.0,0.0,37.25714285714286,38.01428571428572,8.3,17.6,26,6,13000759,1,0.6931471805599453,-3.216245299353273e-16,-1.0,0
Lahore,2019,27,38.028571428571425,60.57142857142857,32.6,1013.8,4.757142857142857,1.0,0.0,2.0,35.9,37.25714285714286,5.5,8.3,27,7,13000759,0,0.0,-0.12053668025532283,-0.992708874098054,1
Lahore,2019,28,36.91428571428571,49.457142857142856,54.3,1012.6428571428572,5.242857142857143,0.0,1.0,0.0,38.885714285714286,35.9,20.8,5.5,28,7,13000759,0,0.0,-0.23931566428755743,-0.9709418174260521,1
Lahore,2019,29,39.05714285714286,52.98571428571428,38.3,1016.4,5.2,0.0,0.0,1.0,38.028571428571425,38.885714285714286,32.6,20.8,29,7,13000759,2,1.0986122886681098,-0.3546048870425356,-0.9350162426854148,1
Lahore,2019,30,36.48571428571429,67.27142857142857,51.3,1014.9285714285714,3.585714285714286,2.0,0.0,0.0,36.91428571428571,38.028571428571425,54.3,32.6,30,7,13000759,1,0.6931471805599453,-0.46472317204376806,-0.8854560256532101,1
Lahore,2019,31,38.614285714285714,61.7,44.2,1014.7142857142856,5.828571428571428,1.0,2.0,0.0,39.05714285714286,36.91428571428571,38.3,54.3,31,8,13000759,2,1.0986122886681098,-0.5680647467311556,-0.8229838658936565,1
Lahore,2019,32,37.75714285714286,53.271428571428565,58.5,1014.4714285714286,5.685714285714285,2.0,1.0,2.0,36.48571428571429,39.05714285714286,51.3,38.3,32,8,13000759,0,0.0,-0.663122658240795,-0.7485107481711013,1
Lahore,2019,33,37.728571428571435,54.385714285714286,89.5,1017.3857142857142,4.742857142857143,0.0,2.0,1.0,38.614285714285714,36.48571428571429,44.2,51.3,33,8,13000759,0,0.0,-0.7485107481711011,-0.6631226582407952,1
Lahore,2019,34,38.714285714285715,66.55714285714285,68.4,1014.0142857142856,5.428571428571429,0.0,0.0,2.0,37.75714285714286,38.614285714285714,58.5,44.2,34,8,13000759,0,0.0,-0.8229838658936564,-0.5680647467311559,1
Lahore,2019,35,35.51428571428571,46.2,39.4,1014.0428571428572,4.385714285714285,0.0,0.0,0.0,37.728571428571435,37.75714285714286,89.5,58.5,35,9,13000759,4,1.6094379124341005,-0.8854560256532096,-0.4647231720437691,1
Lahore,2019,36,20.314285714285713,60.228571428571435,77.9,1013.8285714285714,4.914285714285714,4.0,0.0,0.0,38.714285714285715,37.728571428571435,68.4,89.5,36,9,13000759,6,1.9459101490553132,-0.9350162426854147,-0.3546048870425359,1
Lahore,2019,37,22.585714285714285,56.0,34.5,1014.4857142857144,4.742857142857143,6.0,4.0,0.0,35.51428571428571,38.714285714285715,39.4,68.4,37,9,13000759,13,2.6390573296152584,-0.970941817426052,-0.23931566428755774,1
Lahore,2019,38,23.057142857142857,51.142857142857146,37.7,1014.7142857142856,4.8428571428571425,13.0,6.0,4.0,20.314285714285713,35.51428571428571,77.9,39.4,38,9,13000759,48,3.8918202981106265,-0.992708874098054,-0.12053668025532357,1
Lahore,2019,39,22.52857142857143,52.128571428571426,26.3,1015.3285714285714,5.7,48.0,13.0,6.0,22.585714285714285,20.314285714285713,34.5,77.9,39,9,13000759,64,4.174387269895637,-1.0,-1.8369701987210297e-16,1
Lahore,2019,40,22.114285714285717,57.25714285714286,16.8,1015.2428571428572,4.085714285714286,64.0,48.0,13.0,23.057142857142857,22.585714285714285,37.7,34.5,40,10,13000759,125,4.836281906951478,-0.992708874098054,0.1205366802553232,1
Lahore,2019,41,23.9,53.17142857142857,12.5,1014.8714285714286,5.114285714285714,125.0,64.0,48.0,22.52857142857143,23.057142857142857,26.3,37.7,41,10,13000759,90,4.51085950651685,-0.9709418174260521,0.23931566428755738,1
Lahore,2019,42,23.785714285714285,61.614285714285714,7.9,1014.7714285714284,4.914285714285714,90.0,125.0,64.0,22.114285714285717,22.52857142857143,16.8,26.3,42,10,13000759,134,4.90527477843843,-0.9350162426854148,0.35460488704253557,1
Lahore,2019,43,22.057142857142857,66.6,11.0,1014.3,5.6000000000000005,134.0,90.0,125.0,23.9,22.114285714285717,12.5,16.8,43,10,13000759,96,4.574710978503383,-0.8854560256532101,0.464723172043768,1
Lahore,2019,44,24.042857142857144,59.68571428571429,28.2,1015.6,5.271428571428571,96.0,134.0,90.0,23.785714285714285,23.9,7.9,12.5,44,11,13000759,79,4.382026634673881,-0.822983865893657,0.5680647467311548,0
Lahore,2019,45,23.557142857142857,53.98571428571428,16.8,1014.7142857142856,4.885714285714286,79.0,96.0,134.0,22.057142857142857,23.785714285714285,11.0,7.9,45,11,13000759,64,4.174387269895637,-0.7485107481711011,0.6631226582407953,0
Lahore,2019,46,22.842857142857145,58.228571428571435,5.3999999999999995,1013.3142857142856,5.7,64.0,79.0,96.0,24.042857142857144,22.057142857142857,28.2,11.0,46,11,13000759,52,3.970291913552122,-0.6631226582407956,0.7485107481711007,0
Lahore,2019,47,22.771428571428572,62.142857142857146,6.6,1014.9714285714286,5.1000000000000005,52.0,64.0,79.0,23.557142857142857,24.042857142857144,16.8,28.2,47,11,13000759,34,3.5553480614894135,-0.5680647467311559,0.8229838658936564,0
Lahore,2019,48,21.885714285714283,59.84285714285715,17.7,1016.1714285714286,5.857142857142857,34.0,52.0,64.0,22.842857142857145,23.557142857142857,5.3999999999999995,16.8,48,12,13000759,29,3.4011973816621555,-0.4647231720437684,0.88545602565321,0
Lahore,2019,49,14.642857142857142,62.98571428571429,19.799999999999997,1014.5285714285714,4.328571428571428,29.0,34.0,52.0,22.771428571428572,22.842857142857145,6.6,5.3999999999999995,49,12,13000759,14,2.70805020110221,-0.35460488704253595,0.9350162426854147,0
Lahore,2019,50,16.185714285714287,53.785714285714285,18.8,1013.9285714285714,4.585714285714286,14.0,29.0,34.0,21.885714285714283,22.771428571428572,17.7,6.6,50,12,13000759,3,1.3862943611198906,-0.2393156642875578,0.970941817426052,0
Lahore,2019,51,15.642857142857142,49.57142857142857,21.2,1013.9428571428572,5.0,3.0,14.0,29.0,14.642857142857142,21.885714285714283,19.799999999999997,17.7,51,12,13000759,3,1.3862943611198906,-0.12053668025532363,0.992708874098054,0
Lahore,2019,52,13.471428571428572,53.24285714285714,23.4,1015.7,5.742857142857143,3.0,3.0,14.0,16.185714285714287,14.642857142857142,18.8,19.799999999999997,52,12,13000759,1,0.6931471805599453,6.432490598706546e-16,1.0,0
Lahore,2020,1,15.8,54.02,11.8,1015.94,5.24,1.0,3.0,3.0,15.642857142857142,16.185714285714287,21.2,18.8,1,1,13000759,0,0.0,0.12053668025532305,0.992708874098054,0
Lahore,2020,2,15.400000000000002,56.51428571428572,14.3,1015.7142857142856,5.428571428571429,0.0,1.0,3.0,13.471428571428572,15.642857142857142,23.4,21.2,2,1,13000759,0,0.0,0.23931566428755774,0.970941817426052,0
Lahore,2020,3,15.214285714285714,59.32857142857143,27.0,1014.9428571428572,5.271428571428571,0.0,0.0,1.0,15.8,13.471428571428572,11.8,23.4,3,1,13000759,0,0.0,0.3546048870425356,0.9350162426854148,0
Lahore,2020,4,17.071428571428573,52.07142857142857,17.2,1016.2142857142856,5.014285714285714,0.0,0.0,0.0,15.400000000000002,15.8,14.3,11.8,4,1,13000759,0,0.0,0.4647231720437685,0.8854560256532099,0
Lahore,2020,5,16.257142857142856,60.31428571428571,21.1,1014.7,4.6000000000000005,0.0,0.0,0.0,15.214285714285714,15.400000000000002,27.0,14.3,5,2,13000759,0,0.0,0.5680647467311558,0.8229838658936564,0
Lahore,2020,6,14.5,56.0,15.2,1016.6142857142858,5.857142857142857,0.0,0.0,0.0,17.071428571428573,15.214285714285714,17.2,27.0,6,2,13000759,0,0.0,0.6631226582407952,0.7485107481711011,0
Lahore,2020,7,16.342857142857145,56.65714285714286,14.3,1016.4428571428572,5.814285714285715,0.0,0.0,0.0,16.257142857142856,17.071428571428573,21.1,17.2,7,2,13000759,0,0.0,0.7485107481711011,0.6631226582407953,0
Lahore,2020,8,15.314285714285717,52.2,8.299999999999999,1014.2142857142856,5.314285714285715,0.0,0.0,0.0,14.5,16.257142857142856,15.2,21.1,8,2,13000759,2,1.0986122886681098,0.8229838658936564,0.5680647467311558,0
Lahore,2020,9,17.95714285714286,52.971428571428575,17.4,1015.4714285714286,3.642857142857143,2.0,0.0,0.0,16.342857142857145,14.5,14.3,15.2,9,3,13000759,2,1.0986122886681098,0.8854560256532098,0.4647231720437686,0
Lahore,2020,10,27.17142857142857,59.08571428571429,13.6,1013.8285714285714,5.957142857142857,2.0,2.0,0.0,15.314285714285717,16.342857142857145,8.299999999999999,14.3,10,3,13000759,0,0.0,0.9350162426854148,0.35460488704253557,0
Lahore,2020,11,27.1,59.08571428571429,20.8,1013.5714285714286,5.542857142857143,0.0,2.0,2.0,17.95714285714286,15.314285714285717,17.4,8.299999999999999,11,3,13000759,0,0.0,0.970941817426052,0.23931566428755804,0
Lahore,2020,12,26.24285714285714,56.957142857142856,9.8,1014.657142857143,4.7,0.0,0.0,2.0,27.17142857142857,17.95714285714286,13.6,17.4,12,3,13000759,0,0.0,0.992708874098054,0.120536680255323,0
Lahore,2020,13,27.557142857142857,59.44285714285714,24.6,1012.8571428571428,5.185714285714285,0.0,0.0,0.0,27.1,27.17142857142857,20.8,13.6,13,3,13000759,0,0.0,1.0,-1.6081226496766366e-16,0
Lahore,2020,14,27.02857142857143,55.41428571428571,26.6,1015.3285714285714,5.314285714285715,0.0,0.0,0.0,26.24285714285714,27.1,9.8,20.8,14,4,13000759,0,0.0,0.992708874098054,-0.12053668025532288,0
Lahore,2020,15,26.771428571428572,55.07142857142857,30.5,1015.5142857142856,5.328571428571428,0.0,0.0,0.0,27.557142857142857,26.24285714285714,24.6,9.8,15,4,13000759,0,0.0,0.9709418174260521,-0.2393156642875575,0
Lahore,2020,16,27.885714285714283,56.2,20.0,1015.7428571428572,4.857142857142857,0.0,0.0,0.0,27.02857142857143,27.557142857142857,26.6,24.6,16,4,13000759,0,0.0,0.9350162426854148,-0.35460488704253545,0
Lahore,2020,17,26.585714285714285,49.528571428571425,18.5,1014.6,5.442857142857143,0.0,0.0,0.0,26.771428571428572,27.02857142857143,30.5,26.6,17,4,13000759,2,1.0986122886681098,0.8854560256532099,-0.4647231720437685,0
Lahore,2020,18,27.142857142857142,65.52857142857142,22.9,1014.7857142857144,4.885714285714286,2.0,0.0,0.0,27.885714285714283,26.771428571428572,20.0,30.5,18,5,13000759,0,0.0,0.8229838658936565,-0.5680647467311557,0
Lahore,2020,19,25.142857142857142,61.42857142857143,14.1,1015.3714285714286,5.014285714285714,0.0,2.0,0.0,26.585714285714285,27.885714285714283,18.5,20.0,19,5,13000759,2,1.0986122886681098,0.7485107481711013,-0.6631226582407951,0
Lahore,2020,20,24.9,55.614285714285714,11.0,1013.1428571428572,6.242857142857143,2.0,0.0,2.0,27.142857142857142,26.585714285714285,22.9,18.5,20,5,13000759,0,0.0,0.6631226582407952,-0.7485107481711012,0
Lahore,2020,21,27.414285714285715,55.714285714285715,18.8,1014.7285714285716,5.2,0.0,2.0,0.0,25.142857142857142,27.142857142857142,14.1,22.9,21,5,13000759,2,1.0986122886681098,0.5680647467311558,-0.8229838658936564,0
Lahore,2020,22,27.228571428571428,59.18571428571429,9.9,1014.0428571428572,4.571428571428571,2.0,0.0,2.0,24.9,25.142857142857142,11.0,14.1,22,5,13000759,0,0.0,0.46472317204376906,-0.8854560256532096,0
Lahore,2020,23,37.528571428571425,55.971428571428575,17.3,1015.7714285714284,5.885714285714286,0.0,2.0,0.0,27.414285714285715,24.9,18.8,11.0,23,6,13000759,6,1.9459101490553132,0.35460488704253584,-0.9350162426854147,0
Lahore,2020,24,38.15714285714286,48.728571428571435,23.7,1017.0857142857144,4.857142857142857,6.0,0.0,2.0,27.228571428571428,27.414285714285715,9.9,18.8,24,6,13000759,0,0.0,0.23931566428755768,-0.970941817426052,0
Lahore,2020,25,39.114285714285714,60.98571428571429,15.7,1015.5857142857144,5.928571428571429,0.0,6.0,0.0,37.528571428571425,27.228571428571428,17.3,9.9,25,6,13000759,0,0.0,0.12053668025532308,-0.992708874098054,0
Lahore,2020,26,38.142857142857146,48.15714285714286,11.6,1016.5285714285714,5.6571428571428575,0.0,0.0,6.0,38.15714285714286,37.528571428571425,23.7,17.3,26,6,13000759,4,1.6094379124341005,-3.216245299353273e-16,-1.0,0
Lahore,2020,27,39.25714285714286,56.114285714285714,52.8,1015.9714285714286,3.871428571428571,4.0,0.0,0.0,39.114285714285714,38.15714285714286,15.7,23.7,27,7,13000759,0,0.0,-0.12053668025532283,-0.992708874098054,1
Lahore,2020,28,36.528571428571425,57.17142857142857,44.2,1013.6,5.528571428571429,0.0,4.0,0.0,38.142857142857146,39.114285714285714,11.6,15.7,28,7,13000759,0,0.0,-0.23931566428755743,-0.9709418174260521,1
Lahore,2020,29,38.214285714285715,57.528571428571425,106.1,1015.1428571428572,4.514285714285714,0.0,0.0,4.0,39.25714285714286,38.142857142857146,52.8,11.6,29,7,13000759,0,0.0,-0.3546048870425356,-0.9350162426854148,1
Lahore,2020,30,38.44285714285714,60.82857142857143,28.700000000000003,1016.0714285714286,4.185714285714286,0.0,0.0,0.0,36.528571428571425,39.25714285714286,44.2,52.8,30,7,13000759,2,1.0986122886681098,-0.46472317204376806,-0.8854560256532101,1
Lahore,2020,31,36.528571428571425,54.9,86.4,1014.2571428571428,4.514285714285714,2.0,0.0,0.0,38.214285714285715,36.528571428571425,106.1,44.2,31,8,13000759,2,1.0986122886681098,-0.5680647467311556,-0.8229838658936565,1
Lahore,2020,32,37.871428571428574,54.81428571428571,17.7,1014.8142857142856,4.985714285714286,2.0,2.0,0.0,38.44285714285714,38.214285714285715,28.700000000000003,106.1,32,8,13000759,0,0.0,-0.663122658240795,-0.7485107481711013,1
Lahore,2020,33,39.32857142857143,57.44285714285714,56.0,1015.7,4.971428571428571,0.0,2.0,2.0,36.528571428571425,38.44285714285714,86.4,28.700000000000003,33,8,13000759,2,1.0986122886681098,-0.7485107481711011,-0.6631226582407952,1
Lahore,2020,34,39.114285714285714,65.5,47.7,1015.4428571428572,4.4,2.0,0.0,2.0,37.871428571428574,36.528571428571425,17.7,86.4,34,8,13000759,0,0.0,-0.8229838658936564,-0.5680647467311559,1
Lahore,2020,35,37.714285714285715,53.028571428571425,63.1,1015.9142857142856,5.5,0.0,2.0,0.0,39.32857142857143,37.871428571428574,56.0,17.7,35,8,13000759,0,0.0,-0.8854560256532096,-0.4647231720437691,1
Lahore,2020,36,25.12857142857143,59.5,54.2,1015.2142857142856,4.885714285714286,0.0,0.0,2.0,39.114285714285714,39.32857142857143,47.7,56.0,36,9,13000759,4,1.6094379124341005,-0.9350162426854147,-0.3546048870425359,1
Lahore,2020,37,24.7,46.92857142857143,64.89999999999999,1014.4,4.071428571428571,4.0,0.0,0.0,37.714285714285715,39.114285714285714,63.1,47.7,37,9,13000759,3,1.3862943611198906,-0.970941817426052,-0.23931566428755774,1
Lahore,2020,38,23.057142857142857,56.728571428571435,49.5,1014.2714285714284,5.714285714285714,3.0,4.0,0.0,25.12857142857143,37.714285714285715,54.2,63.1,38,9,13000759,6,1.9459101490553132,-0.992708874098054,-0.12053668025532357,1
Lahore,2020,39,24.685714285714287,65.47142857142858,44.3,1014.9714285714286,4.771428571428571,6.0,3.0,4.0,24.7,25.12857142857143,64.89999999999999,54.2,39,9,13000759,2,1.0986122886681098,-1.0,-1.8369701987210297e-16,1
Lahore,2020,40,23.67142857142857,62.82857142857143,20.6,1015.5428571428572,5.6000000000000005,2.0,6.0,3.0,23.057142857142857,24.7,49.5,64.89999999999999,40,10,13000759,10,2.3978952727983707,-0.992708874098054,0.1205366802553232,1
Lahore,2020,41,22.17142857142857,52.92857142857143,24.6,1014.0428571428572,5.1000000000000005,10.0,2.0,6.0,24.685714285714287,23.057142857142857,44.3,49.5,41,10,13000759,7,2.0794415416798357,-0.9709418174260521,0.23931566428755738,1
Lahore,2020,42,25.657142857142855,45.471428571428575,15.3,1015.4285714285714,4.2,7.0,10.0,2.0,23.67142857142857,24.685714285714287,20.6,44.3,42,10,13000759,12,2.5649493574615367,-0.9350162426854148,0.35460488704253557,1
Lahore,2020,43,23.285714285714285,52.57142857142857,29.4,1012.9857142857144,5.714285714285714,12.0,7.0,10.0,22.17142857142857,23.67142857142857,24.6,20.6,43,10,13000759,14,2.70805020110221,-0.8854560256532101,0.464723172043768,1
Lahore,2020,44,24.24285714285714,45.81428571428571,9.3,1013.2285714285716,7.0,14.0,12.0,7.0,25.657142857142855,22.17142857142857,15.3,24.6,44,11,13000759,22,3.1354942159291497,-0.822983865893657,0.5680647467311548,0
Lahore,2020,45,22.6,50.08571428571429,18.6,1015.3142857142856,4.985714285714286,22.0,14.0,12.0,23.285714285714285,25.657142857142855,29.4,15.3,45,11,13000759,27,3.332204510175204,-0.7485107481711011,0.6631226582407953,0
Lahore,2020,46,23.885714285714283,61.67142857142857,14.0,1015.2142857142856,6.371428571428572,27.0,22.0,14.0,24.24285714285714,23.285714285714285,9.3,29.4,46,11,13000759,15,2.772588722239781,-0.6631226582407956,0.7485107481711007,0
Lahore,2020,47,23.042857142857144,52.357142857142854,14.5,1013.3857142857142,4.714285714285714,15.0,27.0,22.0,22.6,24.24285714285714,18.6,9.3,47,11,13000759,12,2.5649493574615367,-0.5680647467311559,0.8229838658936564,0
Lahore,2020,48,20.957142857142856,54.0,12.9,1016.342857142857,4.628571428571428,12.0,15.0,27.0,23.885714285714283,22.6,14.0,18.6,48,11,13000759,12,2.5649493574615367,-0.4647231720437684,0.88545602565321,0
Lahore,2020,49,16.0,65.17142857142856,18.0,1017.4,4.914285714285714,12.0,12.0,15.0,23.042857142857144,23.885714285714283,14.5,14.0,49,12,13000759,6,1.9459101490553132,-0.35460488704253595,0.9350162426854147,0
Lahore,2020,50,17.271428571428572,58.128571428571426,17.0,1015.0571428571428,4.857142857142857,6.0,12.0,12.0,20.957142857142856,23.042857142857144,12.9,14.5,50,12,13000759,4,1.6094379124341005,-0.2393156642875578,0.970941817426052,0
Lahore,2020,51,15.185714285714283,61.3,33.8,1016.8714285714286,4.728571428571429,4.0,6.0,12.0,16.0,20.957142857142856,18.0,12.9,51,12,13000759,0,0.0,-0.12053668025532363,0.992708874098054,0
Lahore,2020,52,16.771428571428572,53.01428571428572,11.0,1013.9142857142856,4.457142857142857,0.0,4.0,6.0,17.271428571428572,16.0,17.0,18.0,52,12,13000759,11,2.4849066497880004,6.432490598706546e-16,1.0,0
Lahore,2020,53,16.725,47.65,4.6000000000000005,1015.725,6.6,11.0,0.0,4.0,15.185714285714283,17.271428571428572,33.8,17.0,53,12,13000759,2,1.0986122886681098,0.12053668025532314,0.992708874098054,0
Lahore,2021,1,16.97142857142857,51.65714285714286,4.2,1014.7,6.071428571428571,2.0,11.0,0.0,16.771428571428572,15.185714285714283,11.0,33.8,1,1,13000759,0,0.0,0.12053668025532305,0.992708874098054,0
Lahore,2021,2,16.485714285714288,51.42857142857143,17.6,1012.8285714285714,5.542857142857143,0.0,2.0,11.0,16.725,16.771428571428572,4.6000000000000005,11.0,2,1,13000759,0,0.0,0.23931566428755774,0.970941817426052,0
Lahore,2021,3,16.242857142857144,56.128571428571426,10.6,1014.0142857142856,5.142857142857143,0.0,0.0,2.0,16.97142857142857,16.725,4.2,4.6000000000000005,3,1,13000759,0,0.0,0.3546048870425356,0.9350162426854148,0
Lahore,2021,4,17.485714285714288,58.67142857142857,16.5,1013.9142857142856,5.8,0.0,0.0,0.0,16.485714285714288,16.97142857142857,17.6,4.2,4,1,13000759,0,0.0,0.4647231720437685,0.8854560256532099,0
Lahore,2021,5,16.62857142857143,51.8,24.4,1015.7,5.2,0.0,0.0,0.0,16.242857142857144,16.485714285714288,10.6,17.6,5,2,13000759,0,0.0,0.5680647467311558,0.8229838658936564,0
Lahore,2021,6,15.628571428571428,66.62857142857142,15.4,1015.1142857142858,6.057142857142857,0.0,0.0,0.0,17.485714285714288,16.242857142857144,16.5,10.6,6,2,13000759,0,0.0,0.6631226582407952,0.7485107481711011,0
Lahore,2021,7,17.67142857142857,62.17142857142857,22.7,1015.2285714285716,5.128571428571428,0.0,0.0,0.0,16.62857142857143,17.485714285714288,24.4,16.5,7,2,13000759,0,0.0,0.7485107481711011,0.6631226582407953,0
Lahore,2021,8,15.071428571428571,59.48571428571428,22.6,1015.3714285714286,4.757142857142857,0.0,0.0,0.0,15.628571428571428,16.62857142857143,15.4,24.4,8,2,13000759,0,0.0,0.8229838658936564,0.5680647467311558,0
Lahore,2021,9,26.657142857142855,47.44285714285714,22.7,1015.8285714285714,5.814285714285715,0.0,0.0,0.0,17.67142857142857,15.628571428571428,22.7,15.4,9,3,13000759,1,0.6931471805599453,0.8854560256532098,0.4647231720437686,0
Lahore,2021,10,26.214285714285715,51.971428571428575,19.6,1016.2714285714284,5.1571428571428575,1.0,0.0,0.0,15.071428571428571,17.67142857142857,22.6,22.7,10,3,13000759,0,0.0,0.9350162426854148,0.35460488704253557,0
Lahore,2021,11,26.8,61.9,20.5,1016.8571428571428,5.457142857142857,0.0,1.0,0.0,26.657142857142855,15.071428571428571,22.7,22.6,11,3,13000759,0,0.0,0.970941817426052,0.23931566428755804,0
Lahore,2021,12,29.25714285714286,64.95714285714287,21.5,1013.8285714285714,4.128571428571428,0.0,0.0,1.0,26.214285714285715,26.657142857142855,19.6,22.7,12,3,13000759,0,0.0,0.992708874098054,0.120536680255323,0
Lahore,2021,13,29.057142857142857,67.62857142857142,13.3,1016.9428571428572,4.785714285714286,0.0,0.0,0.0,26.8,26.214285714285715,20.5,19.6,13,4,13000759,0,0.0,1.0,-1.6081226496766366e-16,0
Lahore,2021,14,26.942857142857143,50.785714285714285,23.4,1014.7,5.1000000000000005,0.0,0.0,0.0,29.25714285714286,26.8,21.5,20.5,14,4,13000759,0,0.0,0.992708874098054,-0.12053668025532288,0
Lahore,2021,15,27.342857142857145,46.957142857142856,10.2,1015.7428571428572,4.642857142857143,0.0,0.0,0.0,29.057142857142857,29.25714285714286,13.3,21.5,15,4,13000759,2,1.0986122886681098,0.9709418174260521,-0.2393156642875575,0
Lahore,2021,16,25.614285714285717,51.2,18.3,1012.9,5.428571428571429,2.0,0.0,0.0,26.942857142857143,29.057142857142857,23.4,13.3,16,4,13000759,2,1.0986122886681098,0.9350162426854148,-0.35460488704253545,0
Lahore,2021,17,27.385714285714283,57.128571428571426,26.1,1017.4428571428572,5.057142857142857,2.0,2.0,0.0,27.342857142857145,26.942857142857143,10.2,23.4,17,5,13000759,0,0.0,0.8854560256532099,-0.4647231720437685,0
Lahore,2021,18,27.271428571428572,53.785714285714285,26.4,1014.5714285714286,4.285714285714286,0.0,2.0,2.0,25.614285714285717,27.342857142857145,18.3,10.2,18,5,13000759,0,0.0,0.8229838658936565,-0.5680647467311557,0
Lahore,2021,19,26.885714285714283,62.97142857142857,14.1,1014.2142857142856,5.257142857142857,0.0,0.0,2.0,27.385714285714283,25.614285714285717,26.1,18.3,19,5,13000759,0,0.0,0.7485107481711013,-0.6631226582407951,0
Lahore,2021,20,28.62857142857143,58.885714285714286,13.1,1016.842857142857,4.985714285714286,0.0,0.0,0.0,27.271428571428572,27.385714285714283,26.4,26.1,20,5,13000759,0,0.0,0.6631226582407952,-0.7485107481711012,0
Lahore,2021,21,29.157142857142855,61.25714285714286,21.6,1014.0428571428572,5.2,0.0,0.0,0.0,26.885714285714283,27.271428571428572,14.1,26.4,21,5,13000759,0,0.0,0.5680647467311558,-0.8229838658936564,0
Lahore,2021,22,35.77142857142857,51.48571428571428,15.9,1015.6,6.285714285714286,0.0,0.0,0.0,28.62857142857143,26.885714285714283,13.1,14.1,22,6,13000759,0,0.0,0.46472317204376906,-0.8854560256532096,0
Lahore,2021,23,38.714285714285715,58.42857142857143,15.3,1014.0571428571428,5.028571428571429,0.0,0.0,0.0,29.157142857142855,28.62857142857143,21.6,13.1,23,6,13000759,2,1.0986122886681098,0.35460488704253584,-0.9350162426854147,0
Lahore,2021,24,38.51428571428572,55.34285714285714,16.9,1014.9428571428572,4.7,2.0,0.0,0.0,35.77142857142857,29.157142857142855,15.9,21.6,24,6,13000759,2,1.0986122886681098,0.23931566428755768,-0.970941817426052,0
Lahore,2021,25,37.34285714285714,44.771428571428565,8.7,1015.7285714285716,4.3,2.0,2.0,0.0,38.714285714285715,35.77142857142857,15.3,15.9,25,6,13000759,1,0.6931471805599453,0.12053668025532308,-0.992708874098054,0
Lahore,2021,26,37.271428571428565,60.34285714285714,32.8,1013.7142857142856,4.328571428571428,1.0,2.0,2.0,38.51428571428572,38.714285714285715,16.9,15.3,26,7,13000759,2,1.0986122886681098,-3.216245299353273e-16,-1.0,1
Lahore,2021,27,37.57142857142857,57.31428571428571,35.5,1014.5714285714286,4.771428571428571,2.0,1.0,2.0,37.34285714285714,38.51428571428572,8.7,16.9,27,7,13000759,0,0.0,-0.12053668025532283,-0.992708874098054,1
Lahore,2021,28,36.65714285714286,40.24285714285714,28.3,1016.0142857142856,4.0285714285714285,0.0,2.0,1.0,37.271428571428565,37.34285714285714,32.8,8.7,28,7,13000759,3,1.3862943611198906,-0.23931566428755743,-0.9709418174260521,1
Lahore,2021,29,37.8,56.785714285714285,36.6,1015.7428571428572,5.8,3.0,0.0,2.0,37.57142857142857,37.271428571428565,35.5,32.8,29,7,13000759,0,0.0,-0.3546048870425356,-0.9350162426854148,1
Lahore,2021,30,37.885714285714286,43.68571428571429,88.7,1016.5285714285714,5.042857142857143,0.0,3.0,0.0,36.65714285714286,37.57142857142857,28.3,35.5,30,8,13000759,2,1.0986122886681098,-0.46472317204376806,-0.8854560256532101,1
Lahore,2021,31,39.94285714285714,54.385714285714286,16.8,1016.3,4.6571428571428575,2.0,0.0,3.0,37.8,36.65714285714286,36.6,28.3,31,8,13000759,5,1.791759469228055,-0.5680647467311556,-0.8229838658936565,1
Lahore,2021,32,39.98571428571428,47.614285714285714,30.1,1014.342857142857,4.614285714285714,5.0,2.0,0.0,37.885714285714286,37.8,88.7,36.6,32,8,13000759,2,1.0986122886681098,-0.663122658240795,-0.7485107481711013,1
Lahore,2021,33,37.142857142857146,50.48571428571428,71.6,1013.9571428571428,6.0,2.0,5.0,2.0,39.94285714285714,37.885714285714286,16.8,88.7,33,8,13000759,7,2.0794415416798357,-0.7485107481711011,-0.6631226582407952,1
Lahore,2021,34,37.67142857142857,54.2,64.0,1015.9,6.271428571428571,7.0,2.0,5.0,39.98571428571428,39.94285714285714,30.1,16.8,34,8,13000759,24,3.218875824868201,-0.8229838658936564,-0.5680647467311559,1
Lahore,2021,35,27.542857142857144,61.18571428571429,36.3,1016.2428571428572,6.171428571428571,24.0,7.0,2.0,37.142857142857146,39.98571428571428,71.6,30.1,35,9,13000759,37,3.6375861597263857,-0.8854560256532096,-0.4647231720437691,1
Lahore,2021,36,23.62857142857143,59.4,60.9,1014.0285714285714,5.1571428571428575,37.0,24.0,7.0,37.67142857142857,37.142857142857146,64.0,71.6,36,9,13000759,147,4.997212273764115,-0.9350162426854147,-0.3546048870425359,1
Lahore,2021,37,22.52857142857143,58.142857142857146,49.1,1013.7285714285716,5.185714285714285,147.0,37.0,24.0,27.542857142857144,37.67142857142857,36.3,64.0,37,9,13000759,244,5.501258210544727,-0.970941817426052,-0.23931566428755774,1
Lahore,2021,38,23.485714285714288,45.4,71.1,1015.6428571428572,5.271428571428571,244.0,147.0,37.0,23.62857142857143,27.542857142857144,60.9,36.3,38,9,13000759,502,6.220590170099739,-0.992708874098054,-0.12053668025532357,1
Lahore,2021,39,21.9,48.2,31.7,1015.5428571428572,5.142857142857143,502.0,244.0,147.0,22.52857142857143,23.62857142857143,49.1,60.9,39,10,13000759,984,6.892641641172089,-1.0,-1.8369701987210297e-16,1
Lahore,2021,40,24.5,57.885714285714286,27.0,1014.2428571428572,5.057142857142857,984.0,502.0,244.0,23.485714285714288,22.52857142857143,71.1,49.1,40,10,13000759,1312,7.180069874302796,-0.992708874098054,0.1205366802553232,1
Lahore,2021,41,21.842857142857145,48.25714285714286,6.2,1013.7142857142856,5.057142857142857,1312.0,984.0,502.0,21.9,23.485714285714288,31.7,71.1,41,10,13000759,2071,7.636269603379373,-0.9709418174260521,0.23931566428755738,1
Lahore,2021,42,24.842857142857145,50.714285714285715,22.8,1013.657142857143,4.914285714285714,2071.0,1312.0,984.0,24.5,21.9,27.0,31.7,42,10,13000759,2602,7.864419904994565,-0.9350162426854148,0.35460488704253557,1
Lahore,2021,43,20.514285714285712,52.0,16.7,1016.5714285714286,4.728571428571429,2602.0,2071.0,1312.0,21.842857142857145,24.5,6.2,27.0,43,10,13000759,3152,8.056109659545061,-0.8854560256532101,0.464723172043768,1
Lahore,2021,44,22.971428571428568,50.228571428571435,14.3,1013.3714285714286,6.014285714285714,3152.0,2602.0,2071.0,24.842857142857145,21.842857142857145,22.8,6.2,44,11,13000759,2949,7.989560449333865,-0.822983865893657,0.5680647467311548,0
Lahore,2021,45,24.957142857142856,55.285714285714285,22.0,1015.1857142857144,4.914285714285714,2949.0,3152.0,2602.0,20.514285714285712,24.842857142857145,16.7,22.8,45,11,13000759,2291,7.73718007783463,-0.7485107481711011,0.6631226582407953,0
Lahore,2021,46,24.885714285714283,63.114285714285714,24.3,1014.6285714285714,5.1000000000000005,2291.0,2949.0,3152.0,22.971428571428568,20.514285714285712,14.3,16.7,46,11,13000759,1508,7.319202458767849,-0.6631226582407956,0.7485107481711007,0
Lahore,2021,47,23.1,57.528571428571425,12.7,1015.0857142857144,5.728571428571429,1508.0,2291.0,2949.0,24.957142857142856,22.971428571428568,22.0,14.3,47,11,13000759,999,6.907755278982137,-0.5680647467311559,0.8229838658936564,0
Lahore,2021,48,17.099999999999998,60.07142857142857,27.9,1016.1857142857144,4.071428571428571,999.0,1508.0,2291.0,24.885714285714283,24.957142857142856,24.3,22.0,48,12,13000759,472,6.159095388491933,-0.4647231720437684,0.88545602565321,0
Lahore,2021,49,18.071428571428573,60.214285714285715,22.7,1015.9285714285714,3.8857142857142857,472.0,999.0,1508.0,23.1,24.885714285714283,12.7,24.3,49,12,13000759,232,5.4510384535657,-0.35460488704253595,0.9350162426854147,0
Lahore,2021,50,18.0,57.8,20.7,1013.0142857142856,5.942857142857143,232.0,472.0,999.0,17.099999999999998,23.1,27.9,12.7,50,12,13000759,123,4.820281565605037,-0.2393156642875578,0.970941817426052,0
Lahore,2021,51,17.385714285714286,46.92857142857143,25.4,1014.1,4.5,123.0,232.0,472.0,18.071428571428573,17.099999999999998,22.7,27.9,51,12,13000759,34,3.5553480614894135,-0.12053668025532363,0.992708874098054,0
Lahore,2021,52,18.44,50.32,10.1,1017.66,5.66,34.0,123.0,232.0,18.0,18.071428571428573,20.7,22.7,52,12,13000759,15,2.772588722239781,6.432490598706546e-16,1.0,0
Lahore,2021,53,17.133333333333333,44.76666666666667,12.3,1017.9333333333334,5.1000000000000005,15.0,34.0,123.0,17.385714285714286,18.0,25.4,20.7,53,1,13000759,0,0.0,0.12053668025532314,0.992708874098054,0
Lahore,2022,1,15.285714285714286,62.38571428571429,11.5,1012.657142857143,5.228571428571429,0.0,15.0,34.0,18.44,17.385714285714286,10.1,25.4,1,1,13000759,8,2.1972245773362196,0.12053668025532305,0.992708874098054,0
Lahore,2022,2,18.27142857142857,62.25714285714286,14.8,1014.4,4.485714285714286,8.0,0.0,15.0,17.133333333333333,18.44,12.3,10.1,2,1,13000759,4,1.6094379124341005,0.23931566428755774,0.970941817426052,0
Lahore,2022,3,17.285714285714285,46.857142857142854,24.6,1015.2,4.628571428571428,4.0,8.0,0.0,15.285714285714286,17.133333333333333,11.5,12.3,3,1,13000759,0,0.0,0.3546048870425356,0.9350162426854148,0
Lahore,2022,4,16.52857142857143,57.41428571428571,26.4,1015.0285714285714,4.485714285714286,0.0,4.0,8.0,18.27142857142857,15.285714285714286,14.8,11.5,4,1,13000759,0,0.0,0.4647231720437685,0.8854560256532099,0
Lahore,2022,5,15.928571428571429,53.2,17.6,1016.1285714285714,5.0,0.0,0.0,4.0,17.285714285714285,18.27142857142857,24.6,14.8,5,2,13000759,0,0.0,0.5680647467311558,0.8229838658936564,0
Lahore,2022,6,17.485714285714288,50.3,13.5,1014.9,4.6000000000000005,0.0,0.0,0.0,16.52857142857143,17.285714285714285,26.4,24.6,6,2,13000759,1,0.6931471805599453,0.6631226582407952,0.7485107481711011,0
Lahore,2022,7,15.614285714285714,51.2,18.6,1015.9857142857144,5.871428571428572,1.0,0.0,0.0,15.928571428571429,16.52857142857143,17.6,26.4,7,2,13000759,0,0.0,0.7485107481711011,0.6631226582407953,0
Lahore,2022,8,14.542857142857144,65.84285714285714,20.9,1013.5,4.3,0.0,1.0,0.0,17.485714285714288,15.928571428571429,13.5,17.6,8,2,13000759,1,0.6931471805599453,0.8229838658936564,0.5680647467311558,0
Lahore,2022,9,26.8,57.628571428571426,12.0,1013.9,4.8999999999999995,1.0,0.0,1.0,15.614285714285714,17.485714285714288,18.6,13.5,9,3,13000759,0,0.0,0.8854560256532098,0.4647231720437686,0
Lahore,2022,10,26.9,55.15714285714286,24.1,1014.4285714285714,6.014285714285714,0.0,1.0,0.0,14.542857142857144,15.614285714285714,20.9,18.6,10,3,13000759,1,0.6931471805599453,0.9350162426854148,0.35460488704253557,0
Lahore,2022,11,27.5,59.08571428571429,18.5,1014.7142857142856,5.042857142857143,1.0,0.0,1.0,26.8,14.542857142857144,12.0,20.9,11,3,13000759,0,0.0,0.970941817426052,0.23931566428755804,0
Lahore,2022,12,27.62857142857143,53.75714285714286,24.5,1016.8142857142856,5.314285714285715,0.0,1.0,0.0,26.9,26.8,24.1,12.0,12,3,13000759,2,1.0986122886681098,0.992708874098054,0.120536680255323,0
Lahore,2022,13,26.657142857142855,57.48571428571428,7.5,1016.4714285714286,4.771428571428571,2.0,0.0,1.0,27.5,26.9,18.5,24.1,13,4,13000759,2,1.0986122886681098,1.0,-1.6081226496766366e-16,0
Lahore,2022,14,28.6,45.05714285714286,12.1,1013.8571428571428,5.5,2.0,2.0,0.0,27.62857142857143,27.5,24.5,18.5,14,4,13000759,3,1.3862943611198906,0.992708874098054,-0.12053668025532288,0
Lahore,2022,15,26.614285714285717,52.271428571428565,22.7,1013.157142857143,5.514285714285714,3.0,2.0,2.0,26.657142857142855,27.62857142857143,7.5,24.5,15,4,13000759,1,0.6931471805599453,0.9709418174260521,-0.2393156642875575,0
Lahore,2022,16,28.271428571428572,52.871428571428574,19.3,1014.3571428571428,4.285714285714286,1.0,3.0,2.0,28.6,26.657142857142855,12.1,7.5,16,4,13000759,11,2.4849066497880004,0.9350162426854148,-0.35460488704253545,0
Lahore,2022,17,28.1,57.614285714285714,18.6,1015.8142857142856,4.671428571428572,11.0,1.0,3.0,26.614285714285717,28.6,22.7,12.1,17,5,13000759,5,1.791759469228055,0.8854560256532099,-0.4647231720437685,0
Lahore,2022,18,26.74285714285714,55.9,15.5,1013.7,5.171428571428572,5.0,11.0,1.0,28.271428571428572,26.614285714285717,19.3,22.7,18,5,13000759,2,1.0986122886681098,0.8229838658936565,-0.5680647467311557,0
Lahore,2022,19,26.6,56.57142857142857,21.2,1014.0857142857144,5.071428571428571,2.0,5.0,11.0,28.1,28.271428571428572,18.6,19.3,19,5,13000759,8,2.1972245773362196,0.7485107481711013,-0.6631226582407951,0
Lahore,2022,20,28.5,46.31428571428573,13.2,1013.7571428571428,5.171428571428572,8.0,2.0,5.0,26.74285714285714,28.1,15.5,18.6,20,5,13000759,6,1.9459101490553132,0.6631226582407952,-0.7485107481711012,0
Lahore,2022,21,26.9,55.25714285714285,14.9,1015.4285714285714,4.8,6.0,8.0,2.0,26.6,26.74285714285714,21.2,15.5,21,5,13000759,4,1.6094379124341005,0.5680647467311558,-0.8229838658936564,0
Lahore,2022,22,32.971428571428575,64.81428571428572,22.9,1013.0857142857144,4.6571428571428575,4.0,6.0,8.0,28.5,26.6,13.2,21.2,22,6,13000759,8,2.1972245773362196,0.46472317204376906,-0.8854560256532096,0
Lahore,2022,23,36.642857142857146,59.785714285714285,4.8999999999999995,1014.5857142857144,5.571428571428571,8.0,4.0,6.0,26.9,28.5,14.9,13.2,23,6,13000759,4,1.6094379124341005,0.35460488704253584,-0.9350162426854147,0
Lahore,2022,24,37.857142857142854,61.0,6.6,1014.5285714285714,6.6571428571428575,4.0,8.0,4.0,32.971428571428575,26.9,22.9,14.9,24,6,13000759,6,1.9459101490553132,0.23931566428755768,-0.970941817426052,0
Lahore,2022,25,37.55714285714286,54.857142857142854,16.3,1016.342857142857,4.785714285714286,6.0,4.0,8.0,36.642857142857146,32.971428571428575,4.8999999999999995,22.9,25,6,13000759,2,1.0986122886681098,0.12053668025532308,-0.992708874098054,0
Lahore,2022,26,36.871428571428574,46.57142857142857,44.4,1013.5142857142856,4.757142857142857,2.0,6.0,4.0,37.857142857142854,36.642857142857146,6.6,4.8999999999999995,26,7,13000759,10,2.3978952727983707,-3.216245299353273e-16,-1.0,1
Lahore,2022,27,38.82857142857143,59.0,65.2,1014.6428571428572,3.7,10.0,2.0,6.0,37.55714285714286,37.857142857142854,16.3,6.6,27,7,13000759,7,2.0794415416798357,-0.12053668025532283,-0.992708874098054,1
Lahore,2022,28,37.871428571428574,50.471428571428575,59.8,1013.6857142857144,5.914285714285714,7.0,10.0,2.0,36.871428571428574,37.55714285714286,44.4,16.3,28,7,13000759,15,2.772588722239781,-0.23931566428755743,-0.9709418174260521,1
Lahore,2022,29,39.285714285714285,58.15714285714286,50.3,1014.0,4.757142857142857,15.0,7.0,10.0,38.82857142857143,36.871428571428574,65.2,44.4,29,7,13000759,15,2.772588722239781,-0.3546048870425356,-0.9350162426854148,1
Lahore,2022,30,38.32857142857143,52.614285714285714,36.4,1016.9714285714286,5.442857142857143,15.0,15.0,7.0,37.871428571428574,38.82857142857143,59.8,65.2,30,7,13000759,26,3.295836866004329,-0.46472317204376806,-0.8854560256532101,1
Lahore,2022,31,37.857142857142854,59.628571428571426,53.4,1015.5571428571428,4.8999999999999995,26.0,15.0,15.0,39.285714285714285,37.871428571428574,50.3,59.8,31,8,13000759,30,3.4339872044851463,-0.5680647467311556,-0.8229838658936565,1
Lahore,2022,32,36.24285714285714,54.9,82.4,1015.0571428571428,5.057142857142857,30.0,26.0,15.0,38.32857142857143,39.285714285714285,36.4,50.3,32,8,13000759,38,3.6635616461296463,-0.663122658240795,-0.7485107481711013,1
Lahore,2022,33,38.228571428571435,52.07142857142857,43.8,1013.842857142857,4.214285714285714,38.0,30.0,26.0,37.857142857142854,38.32857142857143,53.4,36.4,33,8,13000759,88,4.48863636973214,-0.7485107481711011,-0.6631226582407952,1
Lahore,2022,34,38.91428571428571,54.25714285714286,30.7,1015.0285714285714,5.385714285714286,88.0,38.0,30.0,36.24285714285714,37.857142857142854,82.4,53.4,34,8,13000759,148,5.003946305945459,-0.8229838658936564,-0.5680647467311559,1
Lahore,2022,35,30.142857142857142,57.68571428571429,46.1,1015.342857142857,4.571428571428571,148.0,88.0,38.0,38.228571428571435,36.24285714285714,43.8,82.4,35,9,13000759,213,5.365976015021851,-0.8854560256532096,-0.4647231720437691,1
Lahore,2022,36,23.557142857142857,63.2,44.7,1014.6285714285714,4.857142857142857,213.0,148.0,88.0,38.91428571428571,38.228571428571435,30.7,43.8,36,9,13000759,320,5.771441123130016,-0.9350162426854147,-0.3546048870425359,1
Lahore,2022,37,21.557142857142857,62.51428571428572,107.3,1014.9714285714286,4.985714285714286,320.0,213.0,148.0,30.142857142857142,38.91428571428571,46.1,30.7,37,9,13000759,490,6.19644412779452,-0.970941817426052,-0.23931566428755774,1
Lahore,2022,38,24.4,50.385714285714286,32.0,1014.7428571428572,5.928571428571429,490.0,320.0,213.0,23.557142857142857,30.142857142857142,44.7,46.1,38,9,13000759,772,6.650279048587422,-0.992708874098054,-0.12053668025532357,1
Lahore,2022,39,23.142857142857142,53.31428571428571,37.4,1014.8142857142856,4.3999999999999995,772.0,490.0,320.0,21.557142857142857,23.557142857142857,107.3,44.7,39,10,13000759,1008,6.9167150203536085,-1.0,-1.8369701987210297e-16,1
Lahore,2022,40,22.9,47.92857142857143,15.9,1014.0571428571428,4.685714285714285,1008.0,772.0,490.0,24.4,21.557142857142857,32.0,107.3,40,10,13000759,900,6.803505257608338,-0.992708874098054,0.1205366802553232,1
Lahore,2022,41,22.82857142857143,49.31428571428571,18.1,1016.7142857142856,5.042857142857143,900.0,1008.0,772.0,23.142857142857142,24.4,37.4,32.0,41,10,13000759,1038,6.946013991099227,-0.9709418174260521,0.23931566428755738,1
Lahore,2022,42,25.0,59.714285714285715,14.7,1016.1,5.185714285714285,1038.0,900.0,1008.0,22.9,23.142857142857142,15.9,37.4,42,10,13000759,993,6.901737206656574,-0.9350162426854148,0.35460488704253557,1
Lahore,2022,43,23.428571428571427,60.3,20.6,1016.0857142857144,5.014285714285714,993.0,1038.0,900.0,22.82857142857143,22.9,18.1,15.9,43,10,13000759,886,6.787844982309579,-0.8854560256532101,0.464723172043768,1
Lahore,2022,44,22.528571428571432,58.77142857142858,31.1,1014.4,4.971428571428571,886.0,993.0,1038.0,25.0,22.82857142857143,14.7,18.1,44,11,13000759,711,6.568077911411976,-0.822983865893657,0.5680647467311548,0
Lahore,2022,45,24.728571428571428,63.457142857142856,9.6,1014.9,5.0,711.0,886.0,993.0,23.428571428571427,25.0,20.6,14.7,45,11,13000759,556,6.322565239927284,-0.7485107481711011,0.6631226582407953,0
Lahore,2022,46,22.17142857142857,56.714285714285715,16.7,1016.5142857142856,4.8,556.0,711.0,886.0,22.528571428571432,23.428571428571427,31.1,20.6,46,11,13000759,355,5.87493073085203,-0.6631226582407956,0.7485107481711007,0
Lahore,2022,47,23.24285714285714,58.51428571428572,18.3,1016.4,4.4,355.0,556.0,711.0,24.728571428571428,22.528571428571432,9.6,31.1,47,11,13000759,264,5.579729825986222,-0.5680647467311559,0.8229838658936564,0
Lahore,2022,48,21.67142857142857,43.7,16.9,1014.3857142857142,4.271428571428571,264.0,355.0,556.0,22.17142857142857,24.728571428571428,16.7,9.6,48,12,13000759,143,4.969813299576001,-0.4647231720437684,0.88545602565321,0
Lahore,2022,49,17.585714285714285,62.57142857142857,17.6,1012.7428571428572,5.071428571428571,143.0,264.0,355.0,23.24285714285714,22.17142857142857,18.3,16.7,49,12,13000759,65,4.189654742026425,-0.35460488704253595,0.9350162426854147,0
Lahore,2022,50,15.342857142857143,56.614285714285714,10.8,1015.342857142857,4.3428571428571425,65.0,143.0,264.0,21.67142857142857,23.24285714285714,16.9,18.3,50,12,13000759,47,3.871201010907891,-0.2393156642875578,0.970941817426052,0
Lahore,2022,51,15.971428571428572,53.228571428571435,14.3,1015.4428571428572,4.985714285714286,47.0,65.0,143.0,17.585714285714285,21.67142857142857,17.6,16.9,51,12,13000759,19,2.995732273553991,-0.12053668025532363,0.992708874098054,0
Lahore,2022,52,16.7625,56.35,23.5,1012.525,3.8,19.0,47.0,65.0,15.342857142857143,17.585714285714285,10.8,17.6,52,1,13000759,7,2.0794415416798357,6.432490598706546e-16,1.0,0
Lahore,2023,1,15.314285714285717,61.285714285714285,22.8,1014.5571428571428,5.642857142857143,7.0,19.0,47.0,15.971428571428572,15.342857142857143,14.3,10.8,1,1,13000759,2,1.0986122886681098,0.12053668025532305,0.992708874098054,0
Lahore,2023,2,17.485714285714288,53.285714285714285,20.3,1013.8571428571428,6.228571428571429,2.0,7.0,19.0,16.7625,15.971428571428572,23.5,14.3,2,1,13000759,0,0.0,0.23931566428755774,0.970941817426052,0
Lahore,2023,3,15.385714285714286,51.471428571428575,15.4,1014.9,3.928571428571429,0.0,2.0,7.0,15.314285714285717,16.7625,22.8,23.5,3,1,13000759,1,0.6931471805599453,0.3546048870425356,0.9350162426854148,0
Lahore,2023,4,16.5,59.285714285714285,24.8,1014.7285714285716,5.257142857142857,1.0,0.0,2.0,17.485714285714288,15.314285714285717,20.3,22.8,4,1,13000759,1,0.6931471805599453,0.4647231720437685,0.8854560256532099,0
Lahore,2023,5,15.785714285714286,56.042857142857144,11.0,1013.1285714285714,5.242857142857143,1.0,1.0,0.0,15.385714285714286,17.485714285714288,15.4,20.3,5,2,13000759,0,0.0,0.5680647467311558,0.8229838658936564,0
Lahore,2023,6,16.985714285714288,50.15714285714285,14.6,1015.4571428571428,5.028571428571429,0.0,1.0,1.0,16.5,15.385714285714286,24.8,15.4,6,2,13000759,0,0.0,0.6631226582407952,0.7485107481711011,0
Lahore,2023,7,17.7,54.32857142857143,24.4,1016.4,4.785714285714286,0.0,0.0,1.0,15.785714285714286,16.5,11.0,24.8,7,2,13000759,2,1.0986122886681098,0.7485107481711011,0.6631226582407953,0
Lahore,2023,8,16.185714285714287,56.285714285714285,20.0,1015.5,4.814285714285715,2.0,0.0,0.0,16.985714285714288,15.785714285714286,14.6,11.0,8,2,13000759,2,1.0986122886681098,0.8229838658936564,0.5680647467311558,0
Lahore,2023,9,24.9,58.385714285714286,21.8,1015.6285714285714,5.128571428571428,2.0,2.0,0.0,17.7,16.985714285714288,24.4,14.6,9,3,13000759,6,1.9459101490553132,0.8854560256532098,0.4647231720437686,0
Lahore,2023,10,26.0,55.55714285714286,10.6,1015.5,6.271428571428571,6.0,2.0,2.0,16.185714285714287,17.7,20.0,24.4,10,3,13000759,0,0.0,0.9350162426854148,0.35460488704253557,0
Lahore,2023,11,27.52857142857143,58.971428571428575,24.4,1012.8571428571428,5.642857142857143,0.0,6.0,2.0,24.9,16.185714285714287,21.8,20.0,11,3,13000759,0,0.0,0.970941817426052,0.23931566428755804,0
Lahore,2023,12,27.114285714285717,55.91428571428572,26.5,1015.157142857143,5.957142857142857,0.0,0.0,6.0,26.0,24.9,10.6,21.8,12,3,13000759,0,0.0,0.992708874098054,0.120536680255323,0
Lahore,2023,13,27.17142857142857,61.41428571428571,11.5,1014.2285714285716,4.557142857142857,0.0,0.0,0.0,27.52857142857143,26.0,24.4,10.6,13,4,13000759,6,1.9459101490553132,1.0,-1.6081226496766366e-16,0
Lahore,2023,14,28.228571428571428,50.51428571428572,20.0,1015.342857142857,6.128571428571428,6.0,0.0,0.0,27.114285714285717,27.52857142857143,26.5,24.4,14,4,13000759,2,1.0986122886681098,0.992708874098054,-0.12053668025532288,0
Lahore,2023,15,28.228571428571428,56.05714285714286,18.6,1015.2714285714284,5.614285714285714,2.0,6.0,0.0,27.17142857142857,27.114285714285717,11.5,26.5,15,4,13000759,6,1.9459101490553132,0.9709418174260521,-0.2393156642875575,0
Lahore,2023,16,27.457142857142856,48.41428571428571,16.5,1016.3,5.8428571428571425,6.0,2.0,6.0,28.228571428571428,27.17142857142857,20.0,11.5,16,4,13000759,8,2.1972245773362196,0.9350162426854148,-0.35460488704253545,0
Lahore,2023,17,26.25714285714286,51.44285714285714,18.0,1016.9857142857144,5.614285714285714,8.0,6.0,2.0,28.228571428571428,28.228571428571428,18.6,20.0,17,4,13000759,2,1.0986122886681098,0.8854560256532099,-0.4647231720437685,0
Lahore,2023,18,25.571428571428573,63.15714285714286,18.7,1015.5428571428572,5.614285714285714,2.0,8.0,6.0,27.457142857142856,28.228571428571428,16.5,18.6,18,5,13000759,6,1.9459101490553132,0.8229838658936565,-0.5680647467311557,0
Lahore,2023,19,27.842857142857145,58.542857142857144,16.3,1015.4428571428572,4.385714285714286,6.0,2.0,8.0,26.25714285714286,27.457142857142856,18.0,16.5,19,5,13000759,3,1.3862943611198906,0.7485107481711013,-0.6631226582407951,0
Lahore,2023,20,26.6,44.114285714285714,12.0,1014.842857142857,4.885714285714286,3.0,6.0,2.0,25.571428571428573,26.25714285714286,18.7,18.0,20,5,13000759,8,2.1972245773362196,0.6631226582407952,-0.7485107481711012,0
Lahore,2023,21,28.12857142857143,56.028571428571425,12.5,1014.2285714285716,4.628571428571428,8.0,3.0,6.0,27.842857142857145,25.571428571428573,16.3,18.7,21,5,13000759,9,2.302585092994046,0.5680647467311558,-0.8229838658936564,0
Lahore,2023,22,33.357142857142854,58.528571428571425,12.5,1015.3571428571428,4.928571428571429,9.0,8.0,3.0,26.6,27.842857142857145,12.0,16.3,22,6,13000759,6,1.9459101490553132,0.46472317204376906,-0.8854560256532096,0
Lahore,2023,23,38.785714285714285,57.32857142857142,20.9,1013.3714285714286,4.5,6.0,9.0,8.0,28.12857142857143,26.6,12.5,12.0,23,6,13000759,3,1.3862943611198906,0.35460488704253584,-0.9350162426854147,0
Lahore,2023,24,36.54285714285714,54.58571428571429,17.099999999999998,1016.2428571428572,4.5285714285714285,3.0,6.0,9.0,33.357142857142854,28.12857142857143,12.5,12.5,24,6,13000759,10,2.3978952727983707,0.23931566428755768,-0.970941817426052,0
Lahore,2023,25,40.24285714285714,51.24285714285714,17.4,1015.5571428571428,4.385714285714285,10.0,3.0,6.0,38.785714285714285,33.357142857142854,20.9,12.5,25,6,13000759,5,1.791759469228055,0.12053668025532308,-0.992708874098054,0
Lahore,2023,26,39.8,51.94285714285714,10.9,1015.5714285714286,5.128571428571428,5.0,10.0,3.0,36.54285714285714,38.785714285714285,17.099999999999998,20.9,26,7,13000759,3,1.3862943611198906,-3.216245299353273e-16,-1.0,1
Lahore,2023,27,38.07142857142857,45.957142857142856,55.7,1015.7571428571428,6.214285714285714,3.0,5.0,10.0,40.24285714285714,36.54285714285714,17.4,17.099999999999998,27,7,13000759,4,1.6094379124341005,-0.12053668025532283,-0.992708874098054,1
Lahore,2023,28,38.68571428571429,45.81428571428571,32.1,1015.0285714285714,5.214285714285714,4.0,3.0,5.0,39.8,40.24285714285714,10.9,17.4,28,7,13000759,10,2.3978952727983707,-0.23931566428755743,-0.9709418174260521,1
Lahore,2023,29,40.74285714285714,51.48571428571428,51.6,1015.657142857143,3.871428571428571,10.0,4.0,3.0,38.07142857142857,39.8,55.7,10.9,29,7,13000759,9,2.302585092994046,-0.3546048870425356,-0.9350162426854148,1
Lahore,2023,30,38.285714285714285,56.7,71.4,1014.0142857142856,5.8,9.0,10.0,4.0,38.68571428571429,38.07142857142857,32.1,55.7,30,7,13000759,8,2.1972245773362196,-0.46472317204376806,-0.8854560256532101,1
Lahore,2023,31,37.75714285714286,64.44285714285715,54.2,1013.2285714285716,4.671428571428571,8.0,9.0,10.0,40.74285714285714,38.68571428571429,51.6,32.1,31,8,13000759,26,3.295836866004329,-0.5680647467311556,-0.8229838658936565,1
Lahore,2023,32,37.6,46.457142857142856,71.4,1016.4428571428572,6.014285714285714,26.0,8.0,9.0,38.285714285714285,40.74285714285714,71.4,51.6,32,8,13000759,41,3.737669618283368,-0.663122658240795,-0.7485107481711013,1
Lahore,2023,33,39.285714285714285,55.15714285714286,47.1,1016.5857142857144,4.971428571428571,41.0,26.0,8.0,37.75714285714286,38.285714285714285,54.2,71.4,33,8,13000759,82,4.418840607796598,-0.7485107481711011,-0.6631226582407952,1
Lahore,2023,34,37.957142857142856,63.457142857142856,46.5,1015.3714285714286,5.542857142857143,82.0,41.0,26.0,37.6,37.75714285714286,71.4,54.2,34,8,13000759,187,5.236441962829949,-0.8229838658936564,-0.5680647467311559,1
Lahore,2023,35,30.87142857142857,55.74285714285714,44.5,1014.2714285714284,5.385714285714286,187.0,82.0,41.0,39.285714285714285,37.6,47.1,71.4,35,9,13000759,287,5.662960480135946,-0.8854560256532096,-0.4647231720437691,1
Lahore,2023,36,22.585714285714285,45.771428571428565,49.2,1014.2285714285714,4.942857142857143,287.0,187.0,82.0,37.957142857142856,39.285714285714285,46.5,47.1,36,9,13000759,371,5.918893854273146,-0.9350162426854147,-0.3546048870425359,1
Lahore,2023,37,23.6,60.57142857142857,41.0,1014.5285714285714,5.6571428571428575,371.0,287.0,187.0,30.87142857142857,37.957142857142856,44.5,46.5,37,9,13000759,330,5.802118375377063,-0.970941817426052,-0.23931566428755774,1
Lahore,2023,38,24.142857142857142,54.2,41.7,1013.2285714285716,5.328571428571428,330.0,371.0,287.0,22.585714285714285,30.87142857142857,49.2,44.5,38,9,13000759,462,6.137727054086234,-0.992708874098054,-0.12053668025532357,1
Lahore,2023,39,21.9,49.91428571428571,46.8,1016.0142857142856,5.457142857142857,462.0,330.0,371.0,23.6,22.585714285714285,41.0,49.2,39,10,13000759,437,6.082218910376446,-1.0,-1.8369701987210297e-16,1
Lahore,2023,40,23.8,50.114285714285714,25.4,1015.8142857142856,5.728571428571429,437.0,462.0,330.0,24.142857142857142,23.6,41.7,41.0,40,10,13000759,548,6.3080984415095305,-0.992708874098054,0.1205366802553232,1
Lahore,2023,41,23.985714285714288,57.01428571428572,12.2,1013.7142857142856,4.8428571428571425,548.0,437.0,462.0,21.9,24.142857142857142,46.8,41.7,41,10,13000759,668,6.505784060128229,-0.9709418174260521,0.23931566428755738,1
Lahore,2023,42,22.557142857142857,55.771428571428565,6.8,1017.0142857142856,5.3999999999999995,668.0,548.0,437.0,23.8,21.9,25.4,46.8,42,10,13000759,820,6.710523109452428,-0.9350162426854148,0.35460488704253557,1
Lahore,2023,43,21.75714285714286,51.285714285714285,13.1,1014.342857142857,4.142857142857143,820.0,668.0,548.0,23.985714285714288,23.8,12.2,25.4,43,10,13000759,772,6.650279048587422,-0.8854560256532101,0.464723172043768,1
Lahore,2023,44,23.285714285714285,53.01428571428572,27.0,1013.342857142857,5.571428571428571,772.0,820.0,668.0,22.557142857142857,23.985714285714288,6.8,12.2,44,11,13000759,825,6.716594773520978,-0.822983865893657,0.5680647467311548,0
Lahore,2023,45,24.4,48.9,13.0,1014.6142857142858,4.428571428571429,825.0,772.0,820.0,21.75714285714286,22.557142857142857,13.1,6.8,45,11,13000759,898,6.80128303447162,-0.7485107481711011,0.6631226582407953,0
Lahore,2023,46,24.25714285714286,64.78571428571429,22.2,1014.6142857142858,5.428571428571429,898.0,825.0,772.0,23.285714285714285,21.75714285714286,27.0,13.1,46,11,13000759,862,6.760414691083428,-0.6631226582407956,0.7485107481711007,0
Lahore,2023,47,23.25714285714286,54.457142857142856,26.1,1015.9285714285714,5.828571428571429,862.0,898.0,825.0,24.4,23.285714285714285,13.0,27.0,47,11,13000759,656,6.48768401848461,-0.5680647467311559,0.8229838658936564,0
Lahore,2023,48,21.657142857142855,61.028571428571425,24.9,1013.7285714285716,5.514285714285714,656.0,862.0,898.0,24.25714285714286,24.4,22.2,13.0,48,12,13000759,456,6.124683390894205,-0.4647231720437684,0.88545602565321,0
Lahore,2023,49,15.542857142857144,51.614285714285714,9.8,1014.2428571428572,6.828571428571428,456.0,656.0,862.0,23.25714285714286,24.25714285714286,26.1,22.2,49,12,13000759,273,5.6131281063880705,-0.35460488704253595,0.9350162426854147,0
Lahore,2023,50,14.257142857142856,49.4,12.1,1017.9285714285714,5.642857142857143,273.0,456.0,656.0,21.657142857142855,23.25714285714286,24.9,26.1,50,12,13000759,137,4.927253685157205,-0.2393156642875578,0.970941817426052,0
Lahore,2023,51,17.54285714285714,59.24285714285714,18.5,1012.8714285714286,5.3999999999999995,137.0,273.0,456.0,15.542857142857144,21.657142857142855,9.8,24.9,51,12,13000759,63,4.1588830833596715,-0.12053668025532363,0.992708874098054,0
Lahore,2023,52,16.375,51.7125,19.0,1016.175,6.0375,63.0,137.0,273.0,14.257142857142856,15.542857142857144,12.1,9.8,52,1,13000759,23,3.1780538303479458,6.432490598706546e-16,1.0,0
Lahore,2024,1,16.633333333333333,54.855555555555554,22.3,1014.5666666666668,5.1,23.0,63.0,137.0,17.54285714285714,14.257142857142856,18.5,12.1,1,1,13000759,8,2.1972245773362196,0.12053668025532305,0.992708874098054,0
Lahore,2024,2,15.6,47.128571428571426,19.4,1015.5428571428572,4.142857142857143,8.0,23.0,63.0,16.375,17.54285714285714,19.0,18.5,2,1,13000759,3,1.3862943611198906,0.23931566428755774,0.970941817426052,0
Lahore,2024,3,16.728571428571428,58.214285714285715,22.4,1015.4857142857144,5.642857142857143,3.0,8.0,23.0,16.633333333333333,16.375,22.3,19.0,3,1,13000759,2,1.0986122886681098,0.3546048870425356,0.9350162426854148,0
Lahore,2024,4,15.528571428571428,60.771428571428565,13.0,1015.3571428571428,5.871428571428572,2.0,3.0,8.0,15.6,16.633333333333333,19.4,22.3,4,1,13000759,1,0.6931471805599453,0.4647231720437685,0.8854560256532099,0
Lahore,2024,5,16.12857142857143,55.17142857142857,9.5,1016.0571428571428,4.571428571428571,1.0,2.0,3.0,16.728571428571428,15.6,22.4,19.4,5,2,13000759,1,0.6931471805599453,0.5680647467311558,0.8229838658936564,0
Lahore,2024,6,16.857142857142858,64.2,20.1,1014.3571428571428,4.6000000000000005,1.0,1.0,2.0,15.528571428571428,16.728571428571428,13.0,22.4,6,2,13000759,0,0.0,0.6631226582407952,0.7485107481711011,0
Lahore,2024,7,16.257142857142856,52.971428571428575,11.0,1014.6714285714286,4.385714285714285,0.0,1.0,1.0,16.12857142857143,15.528571428571428,9.5,13.0,7,2,13000759,0,0.0,0.7485107481711011,0.6631226582407953,0
Lahore,2024,8,15.114285714285714,55.357142857142854,19.6,1013.3571428571428,5.1571428571428575,0.0,0.0,1.0,16.857142857142858,16.12857142857143,20.1,9.5,8,2,13000759,0,0.0,0.8229838658936564,0.5680647467311558,0
Lahore,2024,9,21.585714285714285,56.6,11.6,1013.1428571428572,5.128571428571428,0.0,0.0,0.0,16.257142857142856,16.857142857142858,11.0,20.1,9,3,13000759,2,1.0986122886681098,0.8854560256532098,0.4647231720437686,0
Lahore,2024,10,27.5,54.471428571428575,19.6,1014.1428571428572,5.542857142857143,2.0,0.0,0.0,15.114285714285714,16.257142857142856,19.6,11.0,10,3,13000759,1,0.6931471805599453,0.9350162426854148,0.35460488704253557,0
Lahore,2024,11,27.2,50.51428571428572,9.8,1014.4428571428572,5.171428571428572,1.0,2.0,0.0,21.585714285714285,15.114285714285714,11.6,19.6,11,3,13000759,0,0.0,0.970941817426052,0.23931566428755804,0
Lahore,2024,12,25.5,63.5,14.2,1016.8,5.185714285714285,0.0,1.0,2.0,27.5,21.585714285714285,19.6,11.6,12,3,13000759,1,0.6931471805599453,0.992708874098054,0.120536680255323,0
Lahore,2024,13,28.6,45.98571428571429,25.4,1013.1428571428572,5.242857142857143,1.0,0.0,1.0,27.2,27.5,9.8,19.6,13,3,13000759,2,1.0986122886681098,1.0,-1.6081226496766366e-16,0
Lahore,2024,14,25.928571428571427,44.9,12.3,1013.7142857142856,5.3999999999999995,2.0,1.0,0.0,25.5,27.2,14.2,9.8,14,4,13000759,1,0.6931471805599453,0.992708874098054,-0.12053668025532288,0
Lahore,2024,15,24.714285714285715,51.41428571428571,21.2,1015.6857142857144,4.8428571428571425,1.0,2.0,1.0,28.6,25.5,25.4,14.2,15,4,13000759,0,0.0,0.9709418174260521,-0.2393156642875575,0
Lahore,2024,16,27.357142857142858,55.628571428571426,23.2,1015.9714285714284,3.942857142857143,0.0,1.0,2.0,25.928571428571427,28.6,12.3,25.4,16,4,13000759,2,1.0986122886681098,0.9350162426854148,-0.35460488704253545,0
Lahore,2024,17,26.357142857142858,55.58571428571429,23.9,1014.7714285714284,4.828571428571428,2.0,0.0,1.0,24.714285714285715,25.928571428571427,21.2,12.3,17,4,13000759,4,1.6094379124341005,0.8854560256532099,-0.4647231720437685,0
Lahore,2024,18,26.47142857142857,58.84285714285714,15.5,1015.6285714285714,5.185714285714285,4.0,2.0,0.0,27.357142857142858,24.714285714285715,23.2,21.2,18,5,13000759,1,0.6931471805599453,0.8229838658936565,-0.5680647467311557,0
Lahore,2024,19,26.4,52.31428571428571,12.2,1014.842857142857,4.7,1.0,4.0,2.0,26.357142857142858,27.357142857142858,23.9,23.2,19,5,13000759,6,1.9459101490553132,0.7485107481711013,-0.6631226582407951,0
Lahore,2024,20,27.428571428571427,56.128571428571426,9.7,1015.2285714285716,5.257142857142857,6.0,1.0,4.0,26.47142857142857,26.357142857142858,15.5,23.9,20,5,13000759,5,1.791759469228055,0.6631226582407952,-0.7485107481711012,0
Lahore,2024,21,26.285714285714285,62.771428571428565,23.8,1013.3714285714286,5.142857142857143,5.0,6.0,1.0,26.4,26.47142857142857,12.2,15.5,21,5,13000759,4,1.6094379124341005,0.5680647467311558,-0.8229838658936564,0
Lahore,2024,22,30.9,50.885714285714286,11.2,1014.0142857142856,5.271428571428571,4.0,5.0,6.0,27.428571428571427,26.4,9.7,12.2,22,6,13000759,5,1.791759469228055,0.46472317204376906,-0.8854560256532096,0
Lahore,2024,23,39.67142857142857,54.04285714285714,24.6,1015.9714285714286,5.271428571428571,5.0,4.0,5.0,26.285714285714285,27.428571428571427,23.8,9.7,23,6,13000759,7,2.0794415416798357,0.35460488704253584,-0.9350162426854147,0
Lahore,2024,24,38.57142857142857,57.642857142857146,15.4,1013.4285714285714,5.314285714285715,7.0,5.0,4.0,30.9,26.285714285714285,11.2,23.8,24,6,13000759,5,1.791759469228055,0.23931566428755768,-0.970941817426052,0
Lahore,2024,25,38.528571428571425,58.871428571428574,9.2,1014.7857142857144,5.614285714285714,5.0,7.0,5.0,39.67142857142857,30.9,24.6,11.2,25,6,13000759,3,1.3862943611198906,0.12053668025532308,-0.992708874098054,0
Lahore,2024,26,39.142857142857146,56.614285714285714,14.9,1015.6714285714286,5.271428571428571,3.0,5.0,7.0,38.57142857142857,39.67142857142857,15.4,24.6,26,6,13000759,5,1.791759469228055,-3.216245299353273e-16,-1.0,0
Lahore,2024,27,38.15714285714286,53.357142857142854,30.1,1015.1428571428572,4.0285714285714285,5.0,3.0,5.0,38.528571428571425,38.57142857142857,9.2,15.4,27,7,13000759,7,2.0794415416798357,-0.12053668025532283,-0.992708874098054,1
Lahore,2024,28,37.771428571428565,56.042857142857144,68.0,1015.7285714285716,4.757142857142857,7.0,5.0,3.0,39.142857142857146,38.528571428571425,14.9,9.2,28,7,13000759,7,2.0794415416798357,-0.23931566428755743,-0.9709418174260521,1
Lahore,2024,29,38.885714285714286,54.4,43.5,1014.657142857143,4.742857142857143,7.0,7.0,5.0,38.15714285714286,39.142857142857146,30.1,14.9,29,7,13000759,8,2.1972245773362196,-0.3546048870425356,-0.9350162426854148,1
Lahore,2024,30,36.6,55.08571428571429,104.9,1013.1428571428572,3.8,8.0,7.0,7.0,37.771428571428565,38.15714285714286,68.0,30.1,30,7,13000759,4,1.6094379124341005,-0.46472317204376806,-0.8854560256532101,1
Lahore,2024,31,37.34285714285714,53.3,54.4,1015.2285714285716,5.757142857142857,4.0,8.0,7.0,38.885714285714286,37.771428571428565,43.5,68.0,31,8,13000759,12,2.5649493574615367,-0.5680647467311556,-0.8229838658936565,1
Lahore,2024,32,37.371428571428574,47.785714285714285,65.3,1014.8857142857142,5.742857142857143,12.0,4.0,8.0,36.6,38.885714285714286,104.9,43.5,32,8,13000759,7,2.0794415416798357,-0.663122658240795,-0.7485107481711013,1
Lahore,2024,33,38.385714285714286,51.3,73.5,1014.8,4.971428571428571,7.0,12.0,4.0,37.34285714285714,36.6,54.4,104.9,33,8,13000759,10,2.3978952727983707,-0.7485107481711011,-0.6631226582407952,1
Lahore,2024,34,37.442857142857136,52.628571428571426,95.2,1014.5571428571428,5.285714285714286,10.0,7.0,12.0,37.371428571428574,37.34285714285714,65.3,54.4,34,8,13000759,13,2.6390573296152584,-0.8229838658936564,-0.5680647467311559,1
Lahore,2024,35,36.57142857142857,53.028571428571425,77.4,1015.8142857142856,5.242857142857143,13.0,10.0,7.0,38.385714285714286,37.371428571428574,73.5,65.3,35,9,13000759,18,2.9444389791664403,-0.8854560256532096,-0.4647231720437691,1
Lahore,2024,36,24.5,55.6,48.7,1016.2142857142856,5.871428571428572,18.0,13.0,10.0,37.442857142857136,38.385714285714286,95.2,73.5,36,9,13000759,13,2.6390573296152584,-0.9350162426854147,-0.3546048870425359,1
Lahore,2024,37,22.47142857142857,58.87142857142857,45.4,1014.6857142857144,4.957142857142857,13.0,18.0,13.0,36.57142857142857,37.442857142857136,77.4,95.2,37,9,13000759,22,3.1354942159291497,-0.970941817426052,-0.23931566428755774,1
Lahore,2024,38,24.085714285714285,65.41428571428571,32.4,1014.0571428571428,4.871428571428572,22.0,13.0,18.0,24.5,36.57142857142857,48.7,77.4,38,9,13000759,24,3.218875824868201,-0.992708874098054,-0.12053668025532357,1
Lahore,2024,39,22.8,55.57142857142857,62.7,1016.7,5.142857142857143,24.0,22.0,13.0,22.47142857142857,24.5,45.4,48.7,39,9,13000759,73,4.30406509320417,-1.0,-1.8369701987210297e-16,1
Lahore,2024,40,24.814285714285713,48.67142857142857,18.2,1015.1428571428572,4.2,73.0,24.0,22.0,24.085714285714285,22.47142857142857,32.4,45.4,40,10,13000759,64,4.174387269895637,-0.992708874098054,0.1205366802553232,1
Lahore,2024,41,24.642857142857142,55.6,18.7,1015.4857142857144,5.671428571428572,64.0,73.0,24.0,22.8,24.085714285714285,62.7,32.4,41,10,13000759,54,4.007333185232471,-0.9709418174260521,0.23931566428755738,1
Lahore,2024,42,21.942857142857143,49.51428571428572,29.5,1015.6857142857144,4.271428571428571,54.0,64.0,73.0,24.814285714285713,22.8,18.2,62.7,42,10,13000759,54,4.007333185232471,-0.9350162426854148,0.35460488704253557,1
Lahore,2024,43,22.485714285714288,49.84285714285714,16.6,1013.0,5.7,54.0,54.0,64.0,24.642857142857142,24.814285714285713,18.7,18.2,43,10,13000759,54,4.007333185232471,-0.8854560256532101,0.464723172043768,1
Lahore,2024,44,23.67142857142857,64.47142857142858,21.7,1014.5428571428572,5.071428571428571,54.0,54.0,54.0,21.942857142857143,24.642857142857142,29.5,18.7,44,11,13000759,51,3.951243718581427,-0.822983865893657,0.5680647467311548,0
Lahore,2024,45,23.6,63.042857142857144,11.9,1015.5,4.671428571428572,51.0,54.0,54.0,22.485714285714288,21.942857142857143,16.6,29.5,45,11,13000759,49,3.912023005428146,-0.7485107481711011,0.6631226582407953,0
Lahore,2024,46,23.071428571428573,55.08571428571429,15.5,1014.8,4.328571428571428,49.0,51.0,54.0,23.67142857142857,22.485714285714288,21.7,16.6,46,11,13000759,44,3.80666248977032,-0.6631226582407956,0.7485107481711007,0
Lahore,2024,47,23.17142857142857,52.84285714285714,16.0,1015.1857142857144,5.028571428571429,44.0,49.0,51.0,23.6,23.67142857142857,11.9,21.7,47,11,13000759,28,3.367295829986474,-0.5680647467311559,0.8229838658936564,0
Lahore,2024,48,22.62857142857143,45.114285714285714,22.1,1014.1714285714286,4.171428571428572,28.0,44.0,49.0,23.071428571428573,23.6,15.5,11.9,48,12,13000759,17,2.8903717578961645,-0.4647231720437684,0.88545602565321,0
Lahore,2024,49,15.4,52.8,15.6,1014.2571428571428,5.585714285714286,17.0,28.0,44.0,23.17142857142857,23.071428571428573,16.0,15.5,49,12,13000759,19,2.995732273553991,-0.35460488704253595,0.9350162426854147,0
Lahore,2024,50,15.05714285714286,48.528571428571425,21.8,1013.9714285714286,4.3999999999999995,19.0,17.0,28.0,22.62857142857143,23.17142857142857,22.1,16.0,50,12,13000759,9,2.302585092994046,-0.2393156642875578,0.970941817426052,0
Lahore,2024,51,17.12857142857143,67.14285714285714,9.6,1015.4142857142856,4.228571428571429,9.0,19.0,17.0,15.4,22.62857142857143,15.6,22.1,51,12,13000759,3,1.3862943611198906,-0.12053668025532363,0.992708874098054,0
Lahore,2024,52,15.471428571428572,53.15714285714286,6.2,1014.9285714285714,4.8428571428571425,3.0,9.0,19.0,15.05714285714286,15.4,21.8,15.6,52,12,13000759,3,1.3862943611198906,6.432490598706546e-16,1.0,0
Multan,2013,4,15.128571428571428,57.528571428571425,19.2,1014.1,5.0,0.0,0.0,0.0,15.171428571428573,16.2875,8.7,12.2,4,1,5361898,0,0.0,0.4647231720437685,0.8854560256532099,0
Multan,2013,5,16.728571428571428,56.8,14.0,1015.1428571428572,4.5,0.0,0.0,0.0,16.585714285714285,15.171428571428573,14.3,8.7,5,2,5361898,0,0.0,0.5680647467311558,0.8229838658936564,0
Multan,2013,6,16.342857142857145,49.24285714285714,12.6,1014.9571428571428,4.614285714285714,0.0,0.0,0.0,15.128571428571428,16.585714285714285,19.2,14.3,6,2,5361898,0,0.0,0.6631226582407952,0.7485107481711011,0
Multan,2013,7,13.6,52.957142857142856,15.4,1014.6285714285714,4.8,0.0,0.0,0.0,16.728571428571428,15.128571428571428,14.0,19.2,7,2,5361898,0,0.0,0.7485107481711011,0.6631226582407953,0
Multan,2013,8,15.828571428571427,56.94285714285714,21.5,1016.2857142857144,3.957142857142857,0.0,0.0,0.0,16.342857142857145,16.728571428571428,12.6,14.0,8,2,5361898,0,0.0,0.8229838658936564,0.5680647467311558,0
Multan,2013,9,21.9,45.08571428571429,22.5,1013.5571428571428,4.742857142857142,0.0,0.0,0.0,13.6,16.342857142857145,15.4,12.6,9,3,5361898,0,0.0,0.8854560256532098,0.4647231720437686,0
Multan,2013,10,25.085714285714285,62.2,24.0,1015.1142857142858,6.5,0.0,0.0,0.0,15.828571428571427,13.6,21.5,15.4,10,3,5361898,0,0.0,0.9350162426854148,0.35460488704253557,0
Multan,2013,11,27.942857142857143,55.628571428571426,10.4,1014.4714285714286,4.857142857142857,0.0,0.0,0.0,21.9,15.828571428571427,22.5,21.5,11,3,5361898,0,0.0,0.970941817426052,0.23931566428755804,0
Multan,2013,12,26.771428571428572,51.628571428571426,13.3,1014.3142857142856,4.185714285714285,0.0,0.0,0.0,25.085714285714285,21.9,24.0,22.5,12,3,5361898,0,0.0,0.992708874098054,0.120536680255323,0
Multan,2013,13,28.3,53.642857142857146,11.4,1014.9714285714286,5.314285714285715,0.0,0.0,0.0,27.942857142857143,25.085714285714285,10.4,24.0,13,3,5361898,0,0.0,1.0,-1.6081226496766366e-16,0
Multan,2013,14,26.82857142857143,67.8,13.3,1017.5142857142856,4.3,0.0,0.0,0.0,26.771428571428572,27.942857142857143,13.3,10.4,14,4,5361898,0,0.0,0.992708874098054,-0.12053668025532288,0
Multan,2013,15,27.2,57.82857142857143,23.7,1014.342857142857,4.271428571428571,0.0,0.0,0.0,28.3,26.771428571428572,11.4,13.3,15,4,5361898,0,0.0,0.9709418174260521,-0.2393156642875575,0
Multan,2013,16,27.728571428571428,59.31428571428571,15.5,1013.5571428571428,4.628571428571428,0.0,0.0,0.0,26.82857142857143,28.3,13.3,11.4,16,4,5361898,0,0.0,0.9350162426854148,-0.35460488704253545,0
Multan,2013,17,27.728571428571428,54.3,17.4,1013.8285714285714,4.642857142857143,0.0,0.0,0.0,27.2,26.82857142857143,23.7,13.3,17,4,5361898,0,0.0,0.8854560256532099,-0.4647231720437685,0
Multan,2013,18,26.32857142857143,54.542857142857144,18.8,1014.3,3.557142857142857,0.0,0.0,0.0,27.728571428571428,27.2,15.5,23.7,18,5,5361898,0,0.0,0.8229838658936565,-0.5680647467311557,0
Multan,2013,19,28.82857142857143,53.614285714285714,26.0,1013.7142857142856,5.1000000000000005,0.0,0.0,0.0,27.728571428571428,27.728571428571428,17.4,15.5,19,5,5361898,0,0.0,0.7485107481711013,-0.6631226582407951,0
Multan,2013,20,25.071428571428573,54.042857142857144,19.6,1014.6,4.8,0.0,0.0,0.0,26.32857142857143,27.728571428571428,18.8,17.4,20,5,5361898,0,0.0,0.6631226582407952,-0.7485107481711012,0
Multan,2013,21,27.02857142857143,55.714285714285715,12.0,1016.8857142857142,4.828571428571428,0.0,0.0,0.0,28.82857142857143,26.32857142857143,26.0,18.8,21,5,5361898,0,0.0,0.5680647467311558,-0.8229838658936564,0
Multan,2013,22,30.2,58.614285714285714,8.0,1016.3571428571428,5.485714285714286,0.0,0.0,0.0,25.071428571428573,28.82857142857143,19.6,26.0,22,6,5361898,0,0.0,0.46472317204376906,-0.8854560256532096,0
Multan,2013,23,36.628571428571426,50.58571428571429,27.8,1015.1142857142858,5.085714285714286,0.0,0.0,0.0,27.02857142857143,25.071428571428573,12.0,19.6,23,6,5361898,0,0.0,0.35460488704253584,-0.9350162426854147,0
Multan,2013,24,35.42857142857143,52.7,22.8,1015.5428571428572,4.8428571428571425,0.0,0.0,0.0,30.2,27.02857142857143,8.0,12.0,24,6,5361898,0,0.0,0.23931566428755768,-0.970941817426052,0
Multan,2013,25,38.41428571428571,50.714285714285715,27.1,1013.657142857143,4.957142857142857,0.0,0.0,0.0,36.628571428571426,30.2,27.8,8.0,25,6,5361898,0,0.0,0.12053668025532308,-0.992708874098054,0
Multan,2013,26,37.32857142857143,54.84285714285714,17.799999999999997,1013.4428571428572,5.442857142857143,0.0,0.0,0.0,35.42857142857143,36.628571428571426,22.8,27.8,26,6,5361898,0,0.0,-3.216245299353273e-16,-1.0,0
Multan,2013,27,37.84285714285714,60.51428571428572,35.3,1016.0142857142856,4.885714285714286,0.0,0.0,0.0,38.41428571428571,35.42857142857143,27.1,22.8,27,7,5361898,0,0.0,-0.12053668025532283,-0.992708874098054,1
Multan,2013,28,40.55714285714286,57.957142857142856,76.7,1015.9285714285714,6.142857142857143,0.0,0.0,0.0,37.32857142857143,38.41428571428571,17.799999999999997,27.1,28,7,5361898,0,0.0,-0.23931566428755743,-0.9709418174260521,1
Multan,2013,29,37.6,49.48571428571428,63.4,1014.1714285714286,5.028571428571429,0.0,0.0,0.0,37.84285714285714,37.32857142857143,35.3,17.799999999999997,29,7,5361898,0,0.0,-0.3546048870425356,-0.9350162426854148,1
Multan,2013,30,37.91428571428571,56.142857142857146,43.5,1015.7857142857144,5.228571428571429,0.0,0.0,0.0,40.55714285714286,37.84285714285714,76.7,35.3,30,7,5361898,0,0.0,-0.46472317204376806,-0.8854560256532101,1
Multan,2013,31,38.82857142857143,58.028571428571425,70.2,1012.6857142857144,4.042857142857143,0.0,0.0,0.0,37.6,40.55714285714286,63.4,76.7,31,8,5361898,0,0.0,-0.5680647467311556,-0.8229838658936565,1
Multan,2013,32,38.15714285714285,53.24285714285714,78.6,1015.9142857142856,5.114285714285714,0.0,0.0,0.0,37.91428571428571,37.6,43.5,63.4,32,8,5361898,0,0.0,-0.663122658240795,-0.7485107481711013,1
Multan,2013,33,37.642857142857146,47.02857142857143,81.4,1015.2857142857144,4.428571428571429,0.0,0.0,0.0,38.82857142857143,37.91428571428571,70.2,43.5,33,8,5361898,0,0.0,-0.7485107481711011,-0.6631226582407952,1
Multan,2013,34,39.371428571428574,58.25714285714286,45.4,1016.3285714285714,4.6571428571428575,0.0,0.0,0.0,38.15714285714285,38.82857142857143,78.6,70.2,34,8,5361898,0,0.0,-0.8229838658936564,-0.5680647467311559,1
Multan,2013,35,37.75714285714286,53.07142857142857,55.6,1014.4,6.957142857142857,0.0,0.0,0.0,37.642857142857146,38.15714285714285,81.4,78.6,35,9,5361898,0,0.0,-0.8854560256532096,-0.4647231720437691,1
Multan,2013,36,24.157142857142855,57.31428571428571,76.6,1014.5571428571428,4.8428571428571425,0.0,0.0,0.0,39.371428571428574,37.642857142857146,45.4,81.4,36,9,5361898,0,0.0,-0.9350162426854147,-0.3546048870425359,1
Multan,2013,37,24.62857142857143,55.18571428571429,72.3,1016.0285714285714,4.971428571428571,0.0,0.0,0.0,37.75714285714286,39.371428571428574,55.6,45.4,37,9,5361898,0,0.0,-0.970941817426052,-0.23931566428755774,1
Multan,2013,38,25.157142857142855,67.67142857142856,55.2,1014.0,4.914285714285714,0.0,0.0,0.0,24.157142857142855,37.75714285714286,76.6,55.6,38,9,5361898,0,0.0,-0.992708874098054,-0.12053668025532357,1
Multan,2013,39,22.74285714285714,42.871428571428574,46.900000000000006,1015.3285714285714,3.542857142857143,0.0,0.0,0.0,24.62857142857143,24.157142857142855,72.3,76.6,39,9,5361898,0,0.0,-1.0,-1.8369701987210297e-16,1
Multan,2013,40,25.02857142857143,52.614285714285714,21.3,1014.2142857142856,5.328571428571428,0.0,0.0,0.0,25.157142857142855,24.62857142857143,55.2,72.3,40,10,5361898,0,0.0,-0.992708874098054,0.1205366802553232,1
Multan,2013,41,23.485714285714288,55.74285714285714,19.4,1014.4571428571428,5.285714285714286,0.0,0.0,0.0,22.74285714285714,25.157142857142855,46.900000000000006,55.2,41,10,5361898,0,0.0,-0.9709418174260521,0.23931566428755738,1
Multan,2013,42,22.4,55.07142857142857,13.4,1016.2142857142856,4.3999999999999995,0.0,0.0,0.0,25.02857142857143,22.74285714285714,21.3,46.900000000000006,42,10,5361898,0,0.0,-0.9350162426854148,0.35460488704253557,1
Multan,2013,43,23.1,48.971428571428575,25.8,1014.6285714285714,5.085714285714286,0.0,0.0,0.0,23.485714285714288,25.02857142857143,19.4,21.3,43,10,5361898,0,0.0,-0.8854560256532101,0.464723172043768,1
Multan,2013,44,23.3,52.31428571428571,31.7,1017.0857142857144,5.228571428571429,0.0,0.0,0.0,22.4,23.485714285714288,13.4,19.4,44,11,5361898,0,0.0,-0.822983865893657,0.5680647467311548,0
Multan,2013,45,22.24285714285714,50.728571428571435,18.4,1015.9714285714286,5.628571428571428,0.0,0.0,0.0,23.1,22.4,25.8,13.4,45,11,5361898,0,0.0,-0.7485107481711011,0.6631226582407953,0
Multan,2013,46,23.814285714285713,62.8,14.1,1014.5,5.085714285714286,0.0,0.0,0.0,23.3,23.1,31.7,25.8,46,11,5361898,0,0.0,-0.6631226582407956,0.7485107481711007,0
Multan,2013,47,23.02857142857143,44.94285714285714,17.0,1016.3,4.614285714285714,0.0,0.0,0.0,22.24285714285714,23.3,18.4,31.7,47,11,5361898,0,0.0,-0.5680647467311559,0.8229838658936564,0
Multan,2013,48,23.3,60.74285714285714,27.3,1012.3714285714286,4.728571428571429,0.0,0.0,0.0,23.814285714285713,22.24285714285714,14.1,18.4,48,12,5361898,0,0.0,-0.4647231720437684,0.88545602565321,0
Multan,2013,49,16.400000000000002,54.3,7.6,1014.3142857142856,4.457142857142857,0.0,0.0,0.0,23.02857142857143,23.814285714285713,17.0,14.1,49,12,5361898,0,0.0,-0.35460488704253595,0.9350162426854147,0
Multan,2013,50,17.385714285714286,49.67142857142857,11.3,1014.6714285714286,4.885714285714286,0.0,0.0,0.0,23.3,23.02857142857143,27.3,17.0,50,12,5361898,0,0.0,-0.2393156642875578,0.970941817426052,0
Multan,2013,51,16.142857142857142,50.1,21.0,1014.0714285714286,5.457142857142857,0.0,0.0,0.0,16.400000000000002,23.3,7.6,27.3,51,12,5361898,0,0.0,-0.12053668025532363,0.992708874098054,0
Multan,2013,52,16.62857142857143,45.65714285714286,14.5,1015.8857142857142,5.057142857142857,0.0,0.0,0.0,17.385714285714286,16.400000000000002,11.3,7.6,52,12,5361898,0,0.0,6.432490598706546e-16,1.0,0
Multan,2014,1,16.8,54.25,21.5,1015.275,5.075,0.0,0.0,0.0,16.142857142857142,17.385714285714286,21.0,11.3,1,1,5361898,0,0.0,0.12053668025532305,0.992708874098054,0
Multan,2014,2,15.6,50.74285714285714,18.9,1014.0,5.671428571428572,0.0,0.0,0.0,16.62857142857143,16.142857142857142,14.5,21.0,2,1,5361898,0,0.0,0.23931566428755774,0.970941817426052,0
Multan,2014,3,17.014285714285712,50.1,17.4,1014.2428571428572,4.228571428571429,0.0,0.0,0.0,16.8,16.62857142857143,21.5,14.5,3,1,5361898,0,0.0,0.3546048870425356,0.9350162426854148,0
Multan,2014,4,15.4,53.471428571428575,21.1,1015.3857142857142,4.314285714285715,0.0,0.0,0.0,15.6,16.8,18.9,21.5,4,1,5361898,0,0.0,0.4647231720437685,0.8854560256532099,0
Multan,2014,5,17.442857142857143,51.67142857142857,26.2,1014.8714285714286,4.214285714285714,0.0,0.0,0.0,17.014285714285712,15.6,17.4,18.9,5,2,5361898,0,0.0,0.5680647467311558,0.8229838658936564,0
Multan,2014,6,16.485714285714288,53.68571428571429,14.3,1014.7714285714284,5.214285714285714,0.0,0.0,0.0,15.4,17.014285714285712,21.1,17.4,6,2,5361898,0,0.0,0.6631226582407952,0.7485107481711011,0
Multan,2014,7,16.114285714285714,56.042857142857144,14.2,1014.0142857142856,5.414285714285714,0.0,0.0,0.0,17.442857142857143,15.4,26.2,21.1,7,2,5361898,0,0.0,0.7485107481711011,0.6631226582407953,0
Multan,2014,8,17.642857142857142,51.442857142857136,19.8,1013.1857142857144,5.571428571428571,0.0,0.0,0.0,16.485714285714288,17.442857142857143,14.3,26.2,8,2,5361898,0,0.0,0.8229838658936564,0.5680647467311558,0
Multan,2014,9,19.37142857142857,59.42857142857143,17.7,1015.8285714285714,5.685714285714285,0.0,0.0,0.0,16.114285714285714,16.485714285714288,14.2,14.3,9,3,5361898,0,0.0,0.8854560256532098,0.4647231720437686,0
Multan,2014,10,27.014285714285712,53.114285714285714,17.5,1014.7142857142856,5.085714285714286,0.0,0.0,0.0,17.642857142857142,16.114285714285714,19.8,14.2,10,3,5361898,0,0.0,0.9350162426854148,0.35460488704253557,0
Multan,2014,11,28.228571428571428,48.357142857142854,11.0,1014.9,4.942857142857143,0.0,0.0,0.0,19.37142857142857,17.642857142857142,17.7,19.8,11,3,5361898,0,0.0,0.970941817426052,0.23931566428755804,0
Multan,2014,12,26.357142857142858,50.6,13.7,1013.0714285714286,4.642857142857143,0.0,0.0,0.0,27.014285714285712,19.37142857142857,17.5,17.7,12,3,5361898,0,0.0,0.992708874098054,0.120536680255323,0
Multan,2014,13,29.74285714285714,61.357142857142854,11.0,1012.8857142857142,5.057142857142857,0.0,0.0,0.0,28.228571428571428,27.014285714285712,11.0,17.5,13,3,5361898,0,0.0,1.0,-1.6081226496766366e-16,0
Multan,2014,14,27.9,55.614285714285714,12.0,1014.6714285714286,4.357142857142857,0.0,0.0,0.0,26.357142857142858,28.228571428571428,13.7,11.0,14,4,5361898,0,0.0,0.992708874098054,-0.12053668025532288,0
Multan,2014,15,27.0,55.34285714285714,29.1,1014.5142857142856,6.314285714285715,0.0,0.0,0.0,29.74285714285714,26.357142857142858,11.0,13.7,15,4,5361898,0,0.0,0.9709418174260521,-0.2393156642875575,0
Multan,2014,16,26.857142857142858,62.18571428571429,27.0,1015.2285714285716,5.257142857142857,0.0,0.0,0.0,27.9,29.74285714285714,12.0,11.0,16,4,5361898,0,0.0,0.9350162426854148,-0.35460488704253545,0
Multan,2014,17,25.54285714285714,57.028571428571425,15.7,1014.0714285714286,5.985714285714286,0.0,0.0,0.0,27.0,27.9,29.1,12.0,17,4,5361898,0,0.0,0.8854560256532099,-0.4647231720437685,0
Multan,2014,18,26.657142857142855,57.08571428571429,15.2,1015.3857142857142,5.457142857142857,0.0,0.0,0.0,26.857142857142858,27.0,27.0,29.1,18,5,5361898,0,0.0,0.8229838658936565,-0.5680647467311557,0
Multan,2014,19,27.442857142857143,59.74285714285714,30.4,1014.5142857142856,4.428571428571429,0.0,0.0,0.0,25.54285714285714,26.857142857142858,15.7,27.0,19,5,5361898,0,0.0,0.7485107481711013,-0.6631226582407951,0
Multan,2014,20,27.2,52.57142857142857,23.4,1013.842857142857,6.385714285714286,0.0,0.0,0.0,26.657142857142855,25.54285714285714,15.2,15.7,20,5,5361898,0,0.0,0.6631226582407952,-0.7485107481711012,0
Multan,2014,21,27.342857142857145,55.7,18.8,1013.0571428571428,5.671428571428572,0.0,0.0,0.0,27.442857142857143,26.657142857142855,30.4,15.2,21,5,5361898,0,0.0,0.5680647467311558,-0.8229838658936564,0
Multan,2014,22,29.928571428571427,57.18571428571429,17.1,1015.0571428571428,5.957142857142857,0.0,0.0,0.0,27.2,27.442857142857143,23.4,30.4,22,6,5361898,0,0.0,0.46472317204376906,-0.8854560256532096,0
Multan,2014,23,40.18571428571429,56.68571428571429,20.8,1014.1428571428572,5.757142857142857,0.0,0.0,0.0,27.342857142857145,27.2,18.8,23.4,23,6,5361898,0,0.0,0.35460488704253584,-0.9350162426854147,0
Multan,2014,24,40.028571428571425,56.01428571428572,17.5,1014.0285714285714,5.928571428571429,0.0,0.0,0.0,29.928571428571427,27.342857142857145,17.1,18.8,24,6,5361898,0,0.0,0.23931566428755768,-0.970941817426052,0
Multan,2014,25,37.15714285714286,47.714285714285715,6.4,1016.4714285714286,4.671428571428572,0.0,0.0,0.0,40.18571428571429,29.928571428571427,20.8,17.1,25,6,5361898,0,0.0,0.12053668025532308,-0.992708874098054,0
Multan,2014,26,36.471428571428575,57.94285714285714,19.2,1013.7428571428572,3.628571428571429,0.0,0.0,0.0,40.028571428571425,40.18571428571429,17.5,20.8,26,6,5361898,0,0.0,-3.216245299353273e-16,-1.0,0
Multan,2014,27,39.84285714285714,43.285714285714285,47.0,1013.8714285714286,4.7,0.0,0.0,0.0,37.15714285714286,40.028571428571425,6.4,17.5,27,7,5361898,0,0.0,-0.12053668025532283,-0.992708874098054,1
Multan,2014,28,38.44285714285714,68.84285714285714,33.9,1013.0857142857144,4.628571428571428,0.0,0.0,0.0,36.471428571428575,37.15714285714286,19.2,6.4,28,7,5361898,0,0.0,-0.23931566428755743,-0.9709418174260521,1
Multan,2014,29,38.91428571428571,61.771428571428565,43.2,1015.2,4.728571428571429,0.0,0.0,0.0,39.84285714285714,36.471428571428575,47.0,19.2,29,7,5361898,0,0.0,-0.3546048870425356,-0.9350162426854148,1
Multan,2014,30,37.457142857142856,63.614285714285714,72.0,1013.9714285714286,5.757142857142857,0.0,0.0,0.0,38.44285714285714,39.84285714285714,33.9,47.0,30,7,5361898,0,0.0,-0.46472317204376806,-0.8854560256532101,1
Multan,2014,31,37.871428571428574,61.357142857142854,28.4,1015.5571428571428,4.957142857142857,0.0,0.0,0.0,38.91428571428571,38.44285714285714,43.2,33.9,31,8,5361898,0,0.0,-0.5680647467311556,-0.8229838658936565,1
Multan,2014,32,38.57142857142857,53.51428571428572,71.8,1014.7,4.6571428571428575,0.0,0.0,0.0,37.457142857142856,38.91428571428571,72.0,43.2,32,8,5361898,0,0.0,-0.663122658240795,-0.7485107481711013,1
Multan,2014,33,37.5,55.128571428571426,34.8,1014.7285714285716,4.514285714285714,0.0,0.0,0.0,37.871428571428574,37.457142857142856,28.4,72.0,33,8,5361898,0,0.0,-0.7485107481711011,-0.6631226582407952,1
Multan,2014,34,36.371428571428574,60.1,43.2,1014.0285714285714,5.071428571428571,0.0,0.0,0.0,38.57142857142857,37.871428571428574,71.8,28.4,34,8,5361898,0,0.0,-0.8229838658936564,-0.5680647467311559,1
Multan,2014,35,37.44285714285714,62.57142857142857,63.5,1014.8857142857142,5.671428571428572,0.0,0.0,0.0,37.5,38.57142857142857,34.8,71.8,35,8,5361898,0,0.0,-0.8854560256532096,-0.4647231720437691,1
Multan,2014,36,23.24285714285714,54.98571428571428,71.1,1016.4571428571428,4.828571428571428,0.0,0.0,0.0,36.371428571428574,37.5,43.2,34.8,36,9,5361898,0,0.0,-0.9350162426854147,-0.3546048870425359,1
Multan,2014,37,23.0,69.71428571428571,55.6,1013.9714285714286,4.742857142857143,0.0,0.0,0.0,37.44285714285714,36.371428571428574,63.5,43.2,37,9,5361898,0,0.0,-0.970941817426052,-0.23931566428755774,1
Multan,2014,38,21.3,45.542857142857144,44.5,1013.9142857142856,4.642857142857143,0.0,0.0,0.0,23.24285714285714,37.44285714285714,71.1,63.5,38,9,5361898,0,0.0,-0.992708874098054,-0.12053668025532357,1
Multan,2014,39,22.442857142857143,41.542857142857144,31.9,1015.3714285714286,5.257142857142857,0.0,0.0,0.0,23.0,23.24285714285714,55.6,71.1,39,9,5361898,0,0.0,-1.0,-1.8369701987210297e-16,1
Multan,2014,40,23.428571428571427,58.41428571428571,35.0,1016.5,5.057142857142857,0.0,0.0,0.0,21.3,23.0,44.5,55.6,40,10,5361898,0,0.0,-0.992708874098054,0.1205366802553232,1
Multan,2014,41,24.285714285714285,56.24285714285714,19.6,1016.7142857142856,4.714285714285714,0.0,0.0,0.0,22.442857142857143,21.3,31.9,44.5,41,10,5361898,0,0.0,-0.9709418174260521,0.23931566428755738,1
Multan,2014,42,22.87142857142857,61.15714285714286,13.0,1012.5,4.242857142857143,0.0,0.0,0.0,23.428571428571427,22.442857142857143,35.0,31.9,42,10,5361898,0,0.0,-0.9350162426854148,0.35460488704253557,1
Multan,2014,43,21.885714285714283,57.871428571428574,12.2,1015.3857142857142,5.5,0.0,0.0,0.0,24.285714285714285,23.428571428571427,19.6,35.0,43,10,5361898,0,0.0,-0.8854560256532101,0.464723172043768,1
Multan,2014,44,22.828571428571426,55.357142857142854,9.8,1014.4571428571428,5.128571428571428,0.0,0.0,0.0,22.87142857142857,24.285714285714285,13.0,19.6,44,11,5361898,0,0.0,-0.822983865893657,0.5680647467311548,0
Multan,2014,45,24.0,59.08571428571429,23.1,1012.3285714285714,4.957142857142857,0.0,0.0,0.0,21.885714285714283,22.87142857142857,12.2,13.0,45,11,5361898,0,0.0,-0.7485107481711011,0.6631226582407953,0
Multan,2014,46,23.114285714285717,62.98571428571428,20.3,1014.6428571428572,4.914285714285714,0.0,0.0,0.0,22.828571428571426,21.885714285714283,9.8,12.2,46,11,5361898,0,0.0,-0.6631226582407956,0.7485107481711007,0
Multan,2014,47,23.657142857142855,56.5,6.7,1015.7,5.1000000000000005,0.0,0.0,0.0,24.0,22.828571428571426,23.1,9.8,47,11,5361898,0,0.0,-0.5680647467311559,0.8229838658936564,0
Multan,2014,48,21.82857142857143,58.65714285714286,8.7,1015.657142857143,6.285714285714286,0.0,0.0,0.0,23.114285714285717,24.0,20.3,23.1,48,11,5361898,0,0.0,-0.4647231720437684,0.88545602565321,0
Multan,2014,49,16.442857142857143,54.15714285714286,20.2,1016.0285714285714,3.942857142857143,0.0,0.0,0.0,23.657142857142855,23.114285714285717,6.7,20.3,49,12,5361898,0,0.0,-0.35460488704253595,0.9350162426854147,0
Multan,2014,50,17.428571428571427,56.471428571428575,27.0,1014.8714285714286,4.571428571428571,0.0,0.0,0.0,21.82857142857143,23.657142857142855,8.7,6.7,50,12,5361898,0,0.0,-0.2393156642875578,0.970941817426052,0
Multan,2014,51,15.414285714285716,49.07142857142857,24.0,1014.9,5.514285714285714,0.0,0.0,0.0,16.442857142857143,21.82857142857143,20.2,8.7,51,12,5361898,0,0.0,-0.12053668025532363,0.992708874098054,0
Multan,2014,52,16.585714285714285,50.857142857142854,19.2,1014.3285714285714,5.485714285714286,0.0,0.0,0.0,17.428571428571427,16.442857142857143,27.0,20.2,52,12,5361898,0,0.0,6.432490598706546e-16,1.0,0
Multan,2015,1,16.65,46.15,4.6,1012.9,4.025,0.0,0.0,0.0,15.414285714285716,17.428571428571427,24.0,27.0,1,1,5361898,0,0.0,0.12053668025532305,0.992708874098054,0
Multan,2015,2,15.4,50.05714285714286,13.5,1015.5857142857144,5.171428571428572,0.0,0.0,0.0,16.585714285714285,15.414285714285716,19.2,24.0,2,1,5361898,0,0.0,0.23931566428755774,0.970941817426052,0
Multan,2015,3,16.314285714285713,62.42857142857143,20.4,1013.5714285714286,5.1000000000000005,0.0,0.0,0.0,16.65,16.585714285714285,4.6,19.2,3,1,5361898,0,0.0,0.3546048870425356,0.9350162426854148,0
Multan,2015,4,16.47142857142857,57.0,22.3,1013.7428571428572,5.1571428571428575,0.0,0.0,0.0,15.4,16.65,13.5,4.6,4,1,5361898,0,0.0,0.4647231720437685,0.8854560256532099,0
Multan,2015,5,16.97142857142857,57.0,21.2,1013.4142857142856,4.885714285714286,0.0,0.0,0.0,16.314285714285713,15.4,20.4,13.5,5,2,5361898,0,0.0,0.5680647467311558,0.8229838658936564,0
Multan,2015,6,15.642857142857142,47.41428571428571,10.6,1012.6857142857144,4.8428571428571425,0.0,0.0,0.0,16.47142857142857,16.314285714285713,22.3,20.4,6,2,5361898,0,0.0,0.6631226582407952,0.7485107481711011,0
Multan,2015,7,15.914285714285716,48.81428571428571,14.8,1015.6142857142858,4.728571428571429,0.0,0.0,0.0,16.97142857142857,16.47142857142857,21.2,22.3,7,2,5361898,0,0.0,0.7485107481711011,0.6631226582407953,0
Multan,2015,8,17.685714285714287,59.08571428571429,21.0,1014.842857142857,5.6000000000000005,0.0,0.0,0.0,15.642857142857142,16.97142857142857,10.6,21.2,8,2,5361898,0,0.0,0.8229838658936564,0.5680647467311558,0
Multan,2015,9,17.82857142857143,52.1,21.6,1014.7142857142856,5.214285714285714,0.0,0.0,0.0,15.914285714285716,15.642857142857142,14.8,10.6,9,3,5361898,0,0.0,0.8854560256532098,0.4647231720437686,0
Multan,2015,10,26.071428571428573,54.15714285714286,15.2,1013.9571428571428,5.257142857142857,0.0,0.0,0.0,17.685714285714287,15.914285714285716,21.0,14.8,10,3,5361898,0,0.0,0.9350162426854148,0.35460488704253557,0
Multan,2015,11,27.357142857142858,49.67142857142857,16.4,1013.3142857142856,4.514285714285714,0.0,0.0,0.0,17.82857142857143,17.685714285714287,21.6,21.0,11,3,5361898,0,0.0,0.970941817426052,0.23931566428755804,0
Multan,2015,12,26.957142857142856,63.84285714285714,20.6,1015.1,3.7285714285714286,0.0,0.0,0.0,26.071428571428573,17.82857142857143,15.2,21.6,12,3,5361898,0,0.0,0.992708874098054,0.120536680255323,0
Multan,2015,13,27.557142857142857,53.2,7.2,1014.6142857142858,5.242857142857143,0.0,0.0,0.0,27.357142857142858,26.071428571428573,16.4,15.2,13,3,5361898,0,0.0,1.0,-1.6081226496766366e-16,0
Multan,2015,14,25.24285714285714,61.7,18.8,1014.5285714285714,3.414285714285714,0.0,0.0,0.0,26.957142857142856,27.357142857142858,20.6,16.4,14,4,5361898,0,0.0,0.992708874098054,-0.12053668025532288,0
Multan,2015,15,26.5,53.2,8.7,1015.5571428571428,4.5,0.0,0.0,0.0,27.557142857142857,26.957142857142856,7.2,20.6,15,4,5361898,0,0.0,0.9709418174260521,-0.2393156642875575,0
Multan,2015,16,27.042857142857144,47.128571428571426,15.1,1014.5285714285714,5.028571428571429,0.0,0.0,0.0,25.24285714285714,27.557142857142857,18.8,7.2,16,4,5361898,0,0.0,0.9350162426854148,-0.35460488704253545,0
Multan,2015,17,27.25714285714286,55.81428571428571,20.1,1013.8571428571428,5.142857142857143,0.0,0.0,0.0,26.5,25.24285714285714,8.7,18.8,17,4,5361898,0,0.0,0.8854560256532099,-0.4647231720437685,0
Multan,2015,18,27.414285714285715,41.25714285714286,10.3,1015.1428571428572,5.242857142857143,0.0,0.0,0.0,27.042857142857144,26.5,15.1,8.7,18,5,5361898,0,0.0,0.8229838658936565,-0.5680647467311557,0
Multan,2015,19,27.67142857142857,53.6,21.2,1014.7571428571428,5.114285714285714,0.0,0.0,0.0,27.25714285714286,27.042857142857144,20.1,15.1,19,5,5361898,0,0.0,0.7485107481711013,-0.6631226582407951,0
Multan,2015,20,29.114285714285717,63.42857142857143,20.0,1013.657142857143,4.671428571428572,0.0,0.0,0.0,27.414285714285715,27.25714285714286,10.3,20.1,20,5,5361898,0,0.0,0.6631226582407952,-0.7485107481711012,0
Multan,2015,21,26.357142857142858,55.5,23.4,1014.7571428571428,4.128571428571428,0.0,0.0,0.0,27.67142857142857,27.414285714285715,21.2,10.3,21,5,5361898,0,0.0,0.5680647467311558,-0.8229838658936564,0
Multan,2015,22,27.7,64.74285714285715,10.8,1013.6285714285714,5.028571428571429,0.0,0.0,0.0,29.114285714285717,27.67142857142857,20.0,21.2,22,5,5361898,0,0.0,0.46472317204376906,-0.8854560256532096,0
Multan,2015,23,38.25714285714286,64.42857142857143,14.5,1014.2142857142856,4.7,0.0,0.0,0.0,26.357142857142858,29.114285714285717,23.4,20.0,23,6,5361898,0,0.0,0.35460488704253584,-0.9350162426854147,0
Multan,2015,24,35.18571428571429,60.91428571428571,14.0,1015.157142857143,4.685714285714285,0.0,0.0,0.0,27.7,26.357142857142858,10.8,23.4,24,6,5361898,0,0.0,0.23931566428755768,-0.970941817426052,0
Multan,2015,25,36.44285714285714,49.82857142857143,10.5,1013.9,5.257142857142857,0.0,0.0,0.0,38.25714285714286,27.7,14.5,10.8,25,6,5361898,0,0.0,0.12053668025532308,-0.992708874098054,0
Multan,2015,26,38.042857142857144,50.785714285714285,19.8,1015.5428571428572,5.8999999999999995,0.0,0.0,0.0,35.18571428571429,38.25714285714286,14.0,14.5,26,6,5361898,0,0.0,-3.216245299353273e-16,-1.0,0
Multan,2015,27,37.34285714285714,56.44285714285714,26.2,1013.7,4.042857142857143,0.0,0.0,0.0,36.44285714285714,35.18571428571429,10.5,14.0,27,7,5361898,0,0.0,-0.12053668025532283,-0.992708874098054,1
Multan,2015,28,37.81428571428571,55.857142857142854,44.7,1016.9857142857144,5.185714285714285,0.0,0.0,0.0,38.042857142857144,36.44285714285714,19.8,10.5,28,7,5361898,0,0.0,-0.23931566428755743,-0.9709418174260521,1
Multan,2015,29,38.01428571428572,51.857142857142854,58.3,1014.342857142857,5.514285714285714,0.0,0.0,0.0,37.34285714285714,38.042857142857144,26.2,19.8,29,7,5361898,1,0.6931471805599453,-0.3546048870425356,-0.9350162426854148,1
Multan,2015,30,38.9,48.24285714285714,71.6,1014.8142857142856,4.114285714285715,1.0,0.0,0.0,37.81428571428571,37.34285714285714,44.7,26.2,30,7,5361898,0,0.0,-0.46472317204376806,-0.8854560256532101,1
Multan,2015,31,38.228571428571435,50.02857142857143,67.7,1014.0285714285714,3.585714285714286,0.0,1.0,0.0,38.01428571428572,37.81428571428571,58.3,44.7,31,8,5361898,0,0.0,-0.5680647467311556,-0.8229838658936565,1
Multan,2015,32,38.028571428571425,51.2,48.7,1016.2714285714284,5.2,0.0,0.0,1.0,38.9,38.01428571428572,71.6,58.3,32,8,5361898,0,0.0,-0.663122658240795,-0.7485107481711013,1
Multan,2015,33,36.94285714285714,49.971428571428575,39.2,1014.6428571428572,5.271428571428571,0.0,0.0,0.0,38.228571428571435,38.9,67.7,71.6,33,8,5361898,1,0.6931471805599453,-0.7485107481711011,-0.6631226582407952,1
Multan,2015,34,37.07142857142857,48.771428571428565,49.5,1013.6857142857144,4.285714285714286,1.0,0.0,0.0,38.028571428571425,38.228571428571435,48.7,67.7,34,8,5361898,0,0.0,-0.8229838658936564,-0.5680647467311559,1
Multan,2015,35,37.642857142857146,50.12857142857143,65.9,1014.1,4.728571428571429,0.0,1.0,0.0,36.94285714285714,38.028571428571425,39.2,48.7,35,8,5361898,0,0.0,-0.8854560256532096,-0.4647231720437691,1
Multan,2015,36,23.728571428571428,57.114285714285714,94.7,1012.5285714285714,5.228571428571429,0.0,0.0,1.0,37.07142857142857,36.94285714285714,49.5,39.2,36,9,5361898,0,0.0,-0.9350162426854147,-0.3546048870425359,1
Multan,2015,37,24.114285714285717,57.15714285714286,76.6,1014.0428571428572,3.257142857142857,0.0,0.0,0.0,37.642857142857146,37.07142857142857,65.9,49.5,37,9,5361898,0,0.0,-0.970941817426052,-0.23931566428755774,1
Multan,2015,38,22.942857142857143,54.17142857142857,63.6,1014.8571428571428,5.471428571428571,0.0,0.0,0.0,23.728571428571428,37.642857142857146,94.7,65.9,38,9,5361898,1,0.6931471805599453,-0.992708874098054,-0.12053668025532357,1
Multan,2015,39,22.228571428571428,62.01428571428572,27.8,1014.0285714285714,5.185714285714285,1.0,0.0,0.0,24.114285714285717,23.728571428571428,76.6,94.7,39,9,5361898,0,0.0,-1.0,-1.8369701987210297e-16,1
Multan,2015,40,23.87142857142857,44.55714285714286,35.8,1015.0428571428572,4.871428571428572,0.0,1.0,0.0,22.942857142857143,24.114285714285717,63.6,76.6,40,10,5361898,9,2.302585092994046,-0.992708874098054,0.1205366802553232,1
Multan,2015,41,20.657142857142855,54.32857142857143,21.7,1014.2285714285716,4.7,9.0,0.0,1.0,22.228571428571428,22.942857142857143,27.8,63.6,41,10,5361898,37,3.6375861597263857,-0.9709418174260521,0.23931566428755738,1
Multan,2015,42,23.52857142857143,49.17142857142857,7.0,1014.9714285714286,6.485714285714286,37.0,9.0,0.0,23.87142857142857,22.228571428571428,35.8,27.8,42,10,5361898,81,4.406719247264253,-0.9350162426854148,0.35460488704253557,1
Multan,2015,43,24.057142857142857,49.08571428571429,25.5,1016.8285714285714,5.3,81.0,37.0,9.0,20.657142857142855,23.87142857142857,21.7,35.8,43,10,5361898,93,4.543294782270004,-0.8854560256532101,0.464723172043768,1
Multan,2015,44,24.357142857142858,55.07142857142857,20.1,1016.9285714285714,4.642857142857143,93.0,81.0,37.0,23.52857142857143,20.657142857142855,7.0,21.7,44,11,5361898,119,4.787491742782046,-0.822983865893657,0.5680647467311548,0
Multan,2015,45,22.9,54.457142857142856,16.3,1015.0142857142856,5.057142857142857,119.0,93.0,81.0,24.057142857142857,23.52857142857143,25.5,7.0,45,11,5361898,44,3.80666248977032,-0.7485107481711011,0.6631226582407953,0
Multan,2015,46,24.685714285714287,49.114285714285714,21.0,1015.3571428571428,4.557142857142857,44.0,119.0,93.0,24.357142857142858,24.057142857142857,20.1,25.5,46,11,5361898,2,1.0986122886681098,-0.6631226582407956,0.7485107481711007,0
Multan,2015,47,22.385714285714283,50.7,21.6,1013.9142857142856,4.6571428571428575,2.0,44.0,119.0,22.9,24.357142857142858,16.3,20.1,47,11,5361898,8,2.1972245773362196,-0.5680647467311559,0.8229838658936564,0
Multan,2015,48,22.442857142857143,58.32857142857143,13.7,1013.6714285714286,4.114285714285715,8.0,2.0,44.0,24.685714285714287,22.9,21.0,16.3,48,11,5361898,4,1.6094379124341005,-0.4647231720437684,0.88545602565321,0
Multan,2015,49,17.985714285714288,51.51428571428571,25.8,1014.5142857142856,4.957142857142857,4.0,8.0,2.0,22.385714285714283,24.685714285714287,21.6,21.0,49,12,5361898,2,1.0986122886681098,-0.35460488704253595,0.9350162426854147,0
Multan,2015,50,15.828571428571433,56.92857142857143,30.0,1014.3571428571428,4.271428571428571,2.0,4.0,8.0,22.442857142857143,22.385714285714283,13.7,21.6,50,12,5361898,2,1.0986122886681098,-0.2393156642875578,0.970941817426052,0
Multan,2015,51,16.142857142857142,48.32857142857143,20.9,1016.9571428571428,3.8857142857142857,2.0,2.0,4.0,17.985714285714288,22.442857142857143,25.8,13.7,51,12,5361898,0,0.0,-0.12053668025532363,0.992708874098054,0
Multan,2015,52,17.885714285714286,48.18571428571429,32.8,1013.6,4.428571428571429,0.0,2.0,2.0,15.828571428571433,17.985714285714288,30.0,25.8,52,12,5361898,0,0.0,6.432490598706546e-16,1.0,0
Multan,2015,53,13.475,50.275,12.3,1017.3,5.25,0.0,0.0,2.0,16.142857142857142,15.828571428571433,20.9,30.0,53,12,5361898,0,0.0,0.12053668025532314,0.992708874098054,0
Multan,2016,1,16.557142857142857,61.271428571428565,19.4,1016.3142857142856,5.4,0.0,0.0,0.0,17.885714285714286,16.142857142857142,32.8,20.9,1,1,5361898,0,0.0,0.12053668025532305,0.992708874098054,0
Multan,2016,2,17.900000000000002,62.97142857142857,14.1,1013.5142857142856,4.114285714285714,0.0,0.0,0.0,13.475,17.885714285714286,12.3,32.8,2,1,5361898,0,0.0,0.23931566428755774,0.970941817426052,0
Multan,2016,3,15.428571428571429,68.0,16.2,1015.342857142857,4.814285714285715,0.0,0.0,0.0,16.557142857142857,13.475,19.4,12.3,3,1,5361898,0,0.0,0.3546048870425356,0.9350162426854148,0
Multan,2016,4,14.514285714285716,54.857142857142854,16.8,1015.9428571428572,5.3999999999999995,0.0,0.0,0.0,17.900000000000002,16.557142857142857,14.1,19.4,4,1,5361898,0,0.0,0.4647231720437685,0.8854560256532099,0
Multan,2016,5,16.557142857142857,51.17142857142858,13.9,1014.1857142857144,3.971428571428571,0.0,0.0,0.0,15.428571428571429,17.900000000000002,16.2,14.1,5,2,5361898,0,0.0,0.5680647467311558,0.8229838658936564,0
Multan,2016,6,16.757142857142856,51.528571428571425,25.0,1015.2285714285716,5.1000000000000005,0.0,0.0,0.0,14.514285714285716,15.428571428571429,16.8,16.2,6,2,5361898,0,0.0,0.6631226582407952,0.7485107481711011,0
Multan,2016,7,15.142857142857142,50.2,24.9,1012.8285714285714,4.114285714285715,0.0,0.0,0.0,16.557142857142857,14.514285714285716,13.9,16.8,7,2,5361898,0,0.0,0.7485107481711011,0.6631226582407953,0
Multan,2016,8,16.914285714285715,52.028571428571425,6.5,1014.0857142857144,3.5714285714285716,0.0,0.0,0.0,16.757142857142856,16.557142857142857,25.0,13.9,8,2,5361898,0,0.0,0.8229838658936564,0.5680647467311558,0
Multan,2016,9,26.014285714285712,47.142857142857146,12.6,1016.8285714285714,4.485714285714286,0.0,0.0,0.0,15.142857142857142,16.757142857142856,24.9,25.0,9,3,5361898,0,0.0,0.8854560256532098,0.4647231720437686,0
Multan,2016,10,27.157142857142855,44.9,26.3,1014.157142857143,4.185714285714286,0.0,0.0,0.0,16.914285714285715,15.142857142857142,6.5,24.9,10,3,5361898,0,0.0,0.9350162426854148,0.35460488704253557,0
Multan,2016,11,29.185714285714287,55.5,19.7,1015.4857142857144,4.957142857142857,0.0,0.0,0.0,26.014285714285712,16.914285714285715,12.6,6.5,11,3,5361898,0,0.0,0.970941817426052,0.23931566428755804,0
Multan,2016,12,26.9,64.48571428571428,23.0,1014.5285714285714,5.457142857142857,0.0,0.0,0.0,27.157142857142855,26.014285714285712,26.3,12.6,12,3,5361898,0,0.0,0.992708874098054,0.120536680255323,0
Multan,2016,13,28.285714285714285,58.557142857142864,23.4,1014.0571428571428,3.371428571428571,0.0,0.0,0.0,29.185714285714287,27.157142857142855,19.7,26.3,13,4,5361898,0,0.0,1.0,-1.6081226496766366e-16,0
Multan,2016,14,25.357142857142858,40.24285714285714,25.0,1013.9714285714286,5.271428571428571,0.0,0.0,0.0,26.9,29.185714285714287,23.0,19.7,14,4,5361898,0,0.0,0.992708874098054,-0.12053668025532288,0
Multan,2016,15,26.442857142857143,64.0,16.7,1015.5571428571428,2.957142857142857,0.0,0.0,0.0,28.285714285714285,26.9,23.4,23.0,15,4,5361898,0,0.0,0.9709418174260521,-0.2393156642875575,0
Multan,2016,16,26.185714285714283,50.82857142857143,23.6,1015.0857142857144,5.6571428571428575,0.0,0.0,0.0,25.357142857142858,28.285714285714285,25.0,23.4,16,4,5361898,0,0.0,0.9350162426854148,-0.35460488704253545,0
Multan,2016,17,28.271428571428572,51.84285714285714,21.8,1016.5428571428572,4.5,0.0,0.0,0.0,26.442857142857143,25.357142857142858,16.7,25.0,17,5,5361898,0,0.0,0.8854560256532099,-0.4647231720437685,0
Multan,2016,18,27.642857142857142,62.7,22.1,1014.2571428571428,5.928571428571429,0.0,0.0,0.0,26.185714285714283,26.442857142857143,23.6,16.7,18,5,5361898,0,0.0,0.8229838658936565,-0.5680647467311557,0
Multan,2016,19,28.37142857142857,48.75714285714286,11.5,1015.1285714285714,6.042857142857143,0.0,0.0,0.0,28.271428571428572,26.185714285714283,21.8,23.6,19,5,5361898,0,0.0,0.7485107481711013,-0.6631226582407951,0
Multan,2016,20,29.285714285714285,55.74285714285715,24.0,1016.3714285714286,4.8,0.0,0.0,0.0,27.642857142857142,28.271428571428572,22.1,21.8,20,5,5361898,0,0.0,0.6631226582407952,-0.7485107481711012,0
Multan,2016,21,27.985714285714288,51.58571428571429,20.0,1015.1428571428572,5.242857142857143,0.0,0.0,0.0,28.37142857142857,27.642857142857142,11.5,22.1,21,5,5361898,0,0.0,0.5680647467311558,-0.8229838658936564,0
Multan,2016,22,35.75714285714286,55.385714285714286,25.0,1017.3571428571428,5.3,0.0,0.0,0.0,29.285714285714285,28.37142857142857,24.0,11.5,22,6,5361898,0,0.0,0.46472317204376906,-0.8854560256532096,0
Multan,2016,23,38.385714285714286,57.628571428571426,6.9,1015.7142857142856,3.7142857142857144,0.0,0.0,0.0,27.985714285714288,29.285714285714285,20.0,24.0,23,6,5361898,0,0.0,0.35460488704253584,-0.9350162426854147,0
Multan,2016,24,36.971428571428575,53.82857142857143,26.2,1014.6857142857144,4.6571428571428575,0.0,0.0,0.0,35.75714285714286,27.985714285714288,25.0,20.0,24,6,5361898,0,0.0,0.23931566428755768,-0.970941817426052,0
Multan,2016,25,38.8,60.74285714285714,14.6,1015.9285714285714,5.257142857142857,0.0,0.0,0.0,38.385714285714286,35.75714285714286,6.9,25.0,25,6,5361898,0,0.0,0.12053668025532308,-0.992708874098054,0
Multan,2016,26,37.57142857142857,48.81428571428571,46.4,1015.1,5.257142857142857,0.0,0.0,0.0,36.971428571428575,38.385714285714286,26.2,6.9,26,7,5361898,0,0.0,-3.216245299353273e-16,-1.0,1
Multan,2016,27,38.628571428571426,52.57142857142857,51.3,1017.1285714285714,4.5,0.0,0.0,0.0,38.8,36.971428571428575,14.6,26.2,27,7,5361898,0,0.0,-0.12053668025532283,-0.992708874098054,1
Multan,2016,28,37.44285714285714,52.614285714285714,27.5,1015.7142857142856,5.085714285714286,0.0,0.0,0.0,37.57142857142857,38.8,46.4,14.6,28,7,5361898,0,0.0,-0.23931566428755743,-0.9709418174260521,1
Multan,2016,29,36.214285714285715,60.228571428571435,68.1,1015.0571428571428,4.457142857142857,0.0,0.0,0.0,38.628571428571426,37.57142857142857,51.3,46.4,29,7,5361898,0,0.0,-0.3546048870425356,-0.9350162426854148,1
Multan,2016,30,37.32857142857143,61.65714285714286,60.400000000000006,1015.8285714285714,4.685714285714285,0.0,0.0,0.0,37.44285714285714,38.628571428571426,27.5,51.3,30,7,5361898,0,0.0,-0.46472317204376806,-0.8854560256532101,1
Multan,2016,31,38.114285714285714,58.67142857142858,61.3,1015.9714285714286,3.857142857142857,0.0,0.0,0.0,36.214285714285715,37.44285714285714,68.1,27.5,31,8,5361898,0,0.0,-0.5680647467311556,-0.8229838658936565,1
Multan,2016,32,37.82857142857143,53.128571428571426,84.2,1013.8714285714284,3.6571428571428575,0.0,0.0,0.0,37.32857142857143,36.214285714285715,60.400000000000006,68.1,32,8,5361898,0,0.0,-0.663122658240795,-0.7485107481711013,1
Multan,2016,33,39.34285714285714,53.271428571428565,29.799999999999997,1013.9857142857144,4.442857142857143,0.0,0.0,0.0,38.114285714285714,37.32857142857143,61.3,60.400000000000006,33,8,5361898,0,0.0,-0.7485107481711011,-0.6631226582407952,1
Multan,2016,34,37.67142857142857,51.028571428571425,60.4,1015.9428571428572,4.428571428571429,0.0,0.0,0.0,37.82857142857143,38.114285714285714,84.2,61.3,34,8,5361898,0,0.0,-0.8229838658936564,-0.5680647467311559,1
Multan,2016,35,29.842857142857145,50.55714285714286,85.0,1013.9714285714286,4.642857142857143,0.0,0.0,0.0,39.34285714285714,37.82857142857143,29.799999999999997,84.2,35,9,5361898,0,0.0,-0.8854560256532096,-0.4647231720437691,1
Multan,2016,36,23.057142857142857,59.871428571428574,41.8,1017.0571428571428,5.514285714285714,0.0,0.0,0.0,37.67142857142857,39.34285714285714,60.4,29.799999999999997,36,9,5361898,2,1.0986122886681098,-0.9350162426854147,-0.3546048870425359,1
Multan,2016,37,22.657142857142855,55.01428571428572,50.2,1015.5571428571428,4.9142857142857155,2.0,0.0,0.0,29.842857142857145,37.67142857142857,85.0,60.4,37,9,5361898,0,0.0,-0.970941817426052,-0.23931566428755774,1
Multan,2016,38,23.4,51.2,37.8,1013.7285714285716,6.0,0.0,2.0,0.0,23.057142857142857,29.842857142857145,41.8,85.0,38,9,5361898,0,0.0,-0.992708874098054,-0.12053668025532357,1
Multan,2016,39,23.271428571428572,63.628571428571426,69.8,1015.8571428571428,5.042857142857143,0.0,0.0,2.0,22.657142857142855,23.057142857142857,50.2,41.8,39,10,5361898,0,0.0,-1.0,-1.8369701987210297e-16,1
Multan,2016,40,23.357142857142858,57.285714285714285,12.9,1013.4428571428572,5.685714285714285,0.0,0.0,0.0,23.4,22.657142857142855,37.8,50.2,40,10,5361898,0,0.0,-0.992708874098054,0.1205366802553232,1
Multan,2016,41,23.6,63.60000000000001,27.2,1014.4142857142856,5.1571428571428575,0.0,0.0,0.0,23.271428571428572,23.4,69.8,37.8,41,10,5361898,0,0.0,-0.9709418174260521,0.23931566428755738,1
Multan,2016,42,22.12857142857143,50.74285714285714,18.700000000000003,1015.7285714285716,4.128571428571428,0.0,0.0,0.0,23.357142857142858,23.271428571428572,12.9,69.8,42,10,5361898,4,1.6094379124341005,-0.9350162426854148,0.35460488704253557,1
Multan,2016,43,24.114285714285717,57.25714285714286,7.5,1016.4,5.142857142857143,4.0,0.0,0.0,23.6,23.357142857142858,27.2,12.9,43,10,5361898,0,0.0,-0.8854560256532101,0.464723172043768,1
Multan,2016,44,24.62857142857143,55.0,17.4,1015.3,5.785714285714286,0.0,4.0,0.0,22.12857142857143,23.6,18.700000000000003,27.2,44,11,5361898,3,1.3862943611198906,-0.822983865893657,0.5680647467311548,0
Multan,2016,45,23.02857142857143,44.58571428571429,12.2,1014.7285714285716,5.014285714285714,3.0,0.0,4.0,24.114285714285717,22.12857142857143,7.5,18.700000000000003,45,11,5361898,0,0.0,-0.7485107481711011,0.6631226582407953,0
Multan,2016,46,23.385714285714283,52.9,11.0,1014.2857142857144,4.857142857142857,0.0,3.0,0.0,24.62857142857143,24.114285714285717,17.4,7.5,46,11,5361898,0,0.0,-0.6631226582407956,0.7485107481711007,0
Multan,2016,47,23.214285714285715,50.371428571428574,11.1,1014.3857142857142,5.514285714285714,0.0,0.0,3.0,23.02857142857143,24.62857142857143,12.2,17.4,47,11,5361898,0,0.0,-0.5680647467311559,0.8229838658936564,0
Multan,2016,48,22.285714285714285,53.885714285714286,12.6,1013.1,4.942857142857143,0.0,0.0,0.0,23.385714285714283,23.02857142857143,11.0,12.2,48,12,5361898,0,0.0,-0.4647231720437684,0.88545602565321,0
Multan,2016,49,15.114285714285714,46.51428571428572,25.0,1015.7285714285716,5.6571428571428575,0.0,0.0,0.0,23.214285714285715,23.385714285714283,11.1,11.0,49,12,5361898,0,0.0,-0.35460488704253595,0.9350162426854147,0
Multan,2016,50,15.671428571428573,52.957142857142856,16.6,1014.6857142857144,5.3999999999999995,0.0,0.0,0.0,22.285714285714285,23.214285714285715,12.6,11.1,50,12,5361898,0,0.0,-0.2393156642875578,0.970941817426052,0
Multan,2016,51,16.685714285714287,59.31428571428571,20.5,1014.6,5.457142857142857,0.0,0.0,0.0,15.114285714285714,22.285714285714285,25.0,12.6,51,12,5361898,0,0.0,-0.12053668025532363,0.992708874098054,0
Multan,2016,52,16.966666666666665,60.4,15.4,1015.45,4.666666666666667,0.0,0.0,0.0,15.671428571428573,15.114285714285714,16.6,25.0,52,12,5361898,0,0.0,6.432490598706546e-16,1.0,0
Multan,2016,53,15.466666666666669,60.93333333333334,13.1,1016.6,6.066666666666666,0.0,0.0,0.0,16.685714285714287,15.671428571428573,20.5,16.6,53,1,5361898,0,0.0,0.12053668025532314,0.992708874098054,0
Multan,2017,1,16.47142857142857,59.871428571428574,8.2,1014.5428571428572,4.4714285714285715,0.0,0.0,0.0,16.966666666666665,16.685714285714287,15.4,20.5,1,1,5361898,0,0.0,0.12053668025532305,0.992708874098054,0
Multan,2017,2,17.014285714285712,61.957142857142856,14.5,1015.4428571428572,3.942857142857143,0.0,0.0,0.0,15.466666666666669,16.966666666666665,13.1,15.4,2,1,5361898,0,0.0,0.23931566428755774,0.970941817426052,0
Multan,2017,3,16.185714285714287,58.728571428571435,17.2,1015.5142857142856,5.8,0.0,0.0,0.0,16.47142857142857,15.466666666666669,8.2,13.1,3,1,5361898,0,0.0,0.3546048870425356,0.9350162426854148,0
Multan,2017,4,17.714285714285715,62.528571428571425,14.5,1016.0142857142856,5.871428571428572,0.0,0.0,0.0,17.014285714285712,16.47142857142857,14.5,8.2,4,1,5361898,0,0.0,0.4647231720437685,0.8854560256532099,0
Multan,2017,5,16.414285714285715,60.471428571428575,29.1,1016.6142857142858,4.328571428571428,0.0,0.0,0.0,16.185714285714287,17.014285714285712,17.2,14.5,5,2,5361898,0,0.0,0.5680647467311558,0.8229838658936564,0
Multan,2017,6,17.614285714285714,50.05714285714286,23.1,1013.9714285714286,4.057142857142857,0.0,0.0,0.0,17.714285714285715,16.185714285714287,14.5,17.2,6,2,5361898,0,0.0,0.6631226582407952,0.7485107481711011,0
Multan,2017,7,15.785714285714286,60.728571428571435,24.3,1016.4285714285714,4.514285714285714,0.0,0.0,0.0,16.414285714285715,17.714285714285715,29.1,14.5,7,2,5361898,0,0.0,0.7485107481711011,0.6631226582407953,0
Multan,2017,8,14.757142857142856,61.58571428571428,23.1,1015.4571428571428,5.014285714285714,0.0,0.0,0.0,17.614285714285714,16.414285714285715,23.1,29.1,8,2,5361898,0,0.0,0.8229838658936564,0.5680647467311558,0
Multan,2017,9,24.942857142857143,47.271428571428565,15.7,1016.7571428571428,4.3428571428571425,0.0,0.0,0.0,15.785714285714286,17.614285714285714,24.3,23.1,9,3,5361898,0,0.0,0.8854560256532098,0.4647231720437686,0
Multan,2017,10,26.271428571428572,51.74285714285714,24.3,1014.9142857142856,4.971428571428571,0.0,0.0,0.0,14.757142857142856,15.785714285714286,23.1,24.3,10,3,5361898,0,0.0,0.9350162426854148,0.35460488704253557,0
Multan,2017,11,26.642857142857142,56.84285714285714,9.6,1016.6857142857144,4.0285714285714285,0.0,0.0,0.0,24.942857142857143,14.757142857142856,15.7,23.1,11,3,5361898,0,0.0,0.970941817426052,0.23931566428755804,0
Multan,2017,12,26.771428571428572,43.98571428571428,9.6,1015.157142857143,4.8999999999999995,0.0,0.0,0.0,26.271428571428572,24.942857142857143,24.3,15.7,12,3,5361898,0,0.0,0.992708874098054,0.120536680255323,0
Multan,2017,13,28.842857142857145,54.75714285714286,19.1,1014.9,5.185714285714285,0.0,0.0,0.0,26.642857142857142,26.271428571428572,9.6,24.3,13,4,5361898,0,0.0,1.0,-1.6081226496766366e-16,0
Multan,2017,14,25.9,56.91428571428571,16.5,1014.4428571428572,4.6571428571428575,0.0,0.0,0.0,26.771428571428572,26.642857142857142,9.6,9.6,14,4,5361898,0,0.0,0.992708874098054,-0.12053668025532288,0
Multan,2017,15,26.442857142857143,57.128571428571426,5.9,1013.2,3.928571428571429,0.0,0.0,0.0,28.842857142857145,26.771428571428572,19.1,9.6,15,4,5361898,0,0.0,0.9709418174260521,-0.2393156642875575,0
Multan,2017,16,27.842857142857145,54.05714285714286,14.7,1013.3285714285714,5.585714285714286,0.0,0.0,0.0,25.9,28.842857142857145,16.5,19.1,16,4,5361898,0,0.0,0.9350162426854148,-0.35460488704253545,0
Multan,2017,17,27.02857142857143,57.728571428571435,29.9,1015.1857142857144,4.457142857142857,0.0,0.0,0.0,26.442857142857143,25.9,5.9,16.5,17,4,5361898,0,0.0,0.8854560256532099,-0.4647231720437685,0
Multan,2017,18,26.12857142857143,52.74285714285714,11.8,1016.3571428571428,5.3428571428571425,0.0,0.0,0.0,27.842857142857145,26.442857142857143,14.7,5.9,18,5,5361898,0,0.0,0.8229838658936565,-0.5680647467311557,0
Multan,2017,19,27.914285714285715,55.98571428571428,22.9,1014.1142857142858,3.957142857142857,0.0,0.0,0.0,27.02857142857143,27.842857142857145,29.9,14.7,19,5,5361898,0,0.0,0.7485107481711013,-0.6631226582407951,0
Multan,2017,20,27.771428571428572,52.77142857142858,26.799999999999997,1016.4571428571428,6.0,0.0,0.0,0.0,26.12857142857143,27.02857142857143,11.8,29.9,20,5,5361898,0,0.0,0.6631226582407952,-0.7485107481711012,0
Multan,2017,21,26.428571428571427,57.84285714285714,24.7,1016.1285714285714,5.071428571428571,0.0,0.0,0.0,27.914285714285715,26.12857142857143,22.9,11.8,21,5,5361898,0,0.0,0.5680647467311558,-0.8229838658936564,0
Multan,2017,22,33.128571428571426,62.471428571428575,34.0,1014.5428571428572,5.3999999999999995,0.0,0.0,0.0,27.771428571428572,27.914285714285715,26.799999999999997,22.9,22,6,5361898,0,0.0,0.46472317204376906,-0.8854560256532096,0
Multan,2017,23,37.5,56.3,11.4,1016.342857142857,4.457142857142857,0.0,0.0,0.0,26.428571428571427,27.771428571428572,24.7,26.799999999999997,23,6,5361898,0,0.0,0.35460488704253584,-0.9350162426854147,0
Multan,2017,24,39.385714285714286,54.6,33.3,1015.7714285714284,3.042857142857143,0.0,0.0,0.0,33.128571428571426,26.428571428571427,34.0,24.7,24,6,5361898,0,0.0,0.23931566428755768,-0.970941817426052,0
Multan,2017,25,38.05714285714286,70.68571428571428,12.9,1015.5428571428572,4.885714285714286,0.0,0.0,0.0,37.5,33.128571428571426,11.4,34.0,25,6,5361898,0,0.0,0.12053668025532308,-0.992708874098054,0
Multan,2017,26,38.32857142857143,58.285714285714285,22.8,1014.1285714285714,4.442857142857143,0.0,0.0,0.0,39.385714285714286,37.5,33.3,11.4,26,7,5361898,0,0.0,-3.216245299353273e-16,-1.0,1
Multan,2017,27,39.9,56.957142857142856,53.6,1012.7142857142856,6.514285714285714,0.0,0.0,0.0,38.05714285714286,39.385714285714286,12.9,33.3,27,7,5361898,0,0.0,-0.12053668025532283,-0.992708874098054,1
Multan,2017,28,38.357142857142854,54.81428571428571,60.1,1016.4571428571428,5.385714285714286,0.0,0.0,0.0,38.32857142857143,38.05714285714286,22.8,12.9,28,7,5361898,0,0.0,-0.23931566428755743,-0.9709418174260521,1
Multan,2017,29,37.58571428571429,57.542857142857144,53.6,1013.2285714285716,5.057142857142857,0.0,0.0,0.0,39.9,38.32857142857143,53.6,22.8,29,7,5361898,0,0.0,-0.3546048870425356,-0.9350162426854148,1
Multan,2017,30,38.65714285714286,54.028571428571425,51.5,1015.1428571428572,5.542857142857144,0.0,0.0,0.0,38.357142857142854,39.9,60.1,53.6,30,7,5361898,0,0.0,-0.46472317204376806,-0.8854560256532101,1
Multan,2017,31,38.25714285714286,53.357142857142854,60.5,1013.7285714285716,5.814285714285715,0.0,0.0,0.0,37.58571428571429,38.357142857142854,53.6,60.1,31,8,5361898,0,0.0,-0.5680647467311556,-0.8229838658936565,1
Multan,2017,32,37.15714285714286,53.771428571428565,51.8,1014.6714285714286,4.442857142857143,0.0,0.0,0.0,38.65714285714286,37.58571428571429,51.5,53.6,32,8,5361898,0,0.0,-0.663122658240795,-0.7485107481711013,1
Multan,2017,33,37.857142857142854,51.7,64.39999999999999,1015.3285714285714,3.6571428571428575,0.0,0.0,0.0,38.25714285714286,38.65714285714286,60.5,51.5,33,8,5361898,0,0.0,-0.7485107481711011,-0.6631226582407952,1
Multan,2017,34,37.628571428571426,62.94285714285714,67.1,1014.1857142857144,5.285714285714286,0.0,0.0,0.0,37.15714285714286,38.25714285714286,51.8,60.5,34,8,5361898,0,0.0,-0.8229838658936564,-0.5680647467311559,1
Multan,2017,35,33.34285714285714,55.82857142857143,78.3,1012.5285714285714,4.885714285714286,0.0,0.0,0.0,37.857142857142854,37.15714285714286,64.39999999999999,51.8,35,9,5361898,0,0.0,-0.8854560256532096,-0.4647231720437691,1
Multan,2017,36,23.014285714285712,45.857142857142854,51.5,1014.3,4.285714285714286,0.0,0.0,0.0,37.628571428571426,37.857142857142854,67.1,64.39999999999999,36,9,5361898,0,0.0,-0.9350162426854147,-0.3546048870425359,1
Multan,2017,37,22.428571428571427,52.92857142857143,37.5,1015.8571428571428,4.714285714285714,0.0,0.0,0.0,33.34285714285714,37.628571428571426,78.3,67.1,37,9,5361898,1,0.6931471805599453,-0.970941817426052,-0.23931566428755774,1
Multan,2017,38,23.042857142857144,52.042857142857144,57.9,1014.2285714285716,4.685714285714285,1.0,0.0,0.0,23.014285714285712,33.34285714285714,51.5,78.3,38,9,5361898,0,0.0,-0.992708874098054,-0.12053668025532357,1
Multan,2017,39,22.271428571428572,43.84285714285714,22.0,1014.7714285714284,4.428571428571429,0.0,1.0,0.0,22.428571428571427,23.014285714285712,37.5,51.5,39,10,5361898,0,0.0,-1.0,-1.8369701987210297e-16,1
Multan,2017,40,25.485714285714288,50.2,24.7,1015.0285714285714,4.857142857142857,0.0,0.0,1.0,23.042857142857144,22.428571428571427,57.9,37.5,40,10,5361898,0,0.0,-0.992708874098054,0.1205366802553232,1
Multan,2017,41,22.785714285714285,49.18571428571429,12.0,1016.842857142857,5.271428571428571,0.0,0.0,0.0,22.271428571428572,23.042857142857144,22.0,57.9,41,10,5361898,0,0.0,-0.9709418174260521,0.23931566428755738,1
Multan,2017,42,22.642857142857142,44.67142857142857,9.9,1015.2571428571428,6.185714285714285,0.0,0.0,0.0,25.485714285714288,22.271428571428572,24.7,22.0,42,10,5361898,0,0.0,-0.9350162426854148,0.35460488704253557,1
Multan,2017,43,22.614285714285717,64.27142857142857,10.3,1015.2428571428572,5.0,0.0,0.0,0.0,22.785714285714285,25.485714285714288,12.0,24.7,43,10,5361898,1,0.6931471805599453,-0.8854560256532101,0.464723172043768,1
Multan,2017,44,22.057142857142857,65.18571428571428,26.9,1014.7428571428572,5.2,1.0,0.0,0.0,22.642857142857142,22.785714285714285,9.9,12.0,44,11,5361898,0,0.0,-0.822983865893657,0.5680647467311548,0
Multan,2017,45,22.342857142857145,48.58571428571429,14.7,1017.2142857142856,4.871428571428572,0.0,1.0,0.0,22.614285714285717,22.642857142857142,10.3,9.9,45,11,5361898,0,0.0,-0.7485107481711011,0.6631226582407953,0
Multan,2017,46,21.25714285714286,56.614285714285714,15.6,1015.7571428571428,5.257142857142857,0.0,0.0,1.0,22.057142857142857,22.614285714285717,26.9,10.3,46,11,5361898,0,0.0,-0.6631226582407956,0.7485107481711007,0
Multan,2017,47,23.9,53.75714285714285,30.9,1014.4714285714286,5.242857142857143,0.0,0.0,0.0,22.342857142857145,22.057142857142857,14.7,26.9,47,11,5361898,0,0.0,-0.5680647467311559,0.8229838658936564,0
Multan,2017,48,21.442857142857143,49.18571428571429,20.4,1015.5,3.685714285714286,0.0,0.0,0.0,21.25714285714286,22.342857142857145,15.6,14.7,48,12,5361898,0,0.0,-0.4647231720437684,0.88545602565321,0
Multan,2017,49,16.1,50.81428571428571,19.6,1015.1142857142858,5.228571428571429,0.0,0.0,0.0,23.9,21.25714285714286,30.9,15.6,49,12,5361898,0,0.0,-0.35460488704253595,0.9350162426854147,0
Multan,2017,50,17.142857142857142,50.971428571428575,20.2,1015.4857142857144,5.142857142857143,0.0,0.0,0.0,21.442857142857143,23.9,20.4,30.9,50,12,5361898,0,0.0,-0.2393156642875578,0.970941817426052,0
Multan,2017,51,15.757142857142856,60.371428571428574,18.4,1016.9285714285714,4.4,0.0,0.0,0.0,16.1,21.442857142857143,19.6,20.4,51,12,5361898,0,0.0,-0.12053668025532363,0.992708874098054,0
Multan,2017,52,17.65,55.15,19.6,1014.875,4.3875,0.0,0.0,0.0,17.142857142857142,16.1,20.2,19.6,52,1,5361898,0,0.0,6.432490598706546e-16,1.0,0
Multan,2018,1,16.8,46.3,14.6,1013.525,4.7375,0.0,0.0,0.0,15.757142857142856,17.142857142857142,18.4,20.2,1,1,5361898,0,0.0,0.12053668025532305,0.992708874098054,0
Multan,2018,2,15.471428571428572,57.971428571428575,11.1,1014.8571428571428,5.042857142857143,0.0,0.0,0.0,17.65,15.757142857142856,19.6,18.4,2,1,5361898,1,0.6931471805599453,0.23931566428755774,0.970941817426052,0
Multan,2018,3,15.914285714285716,51.642857142857146,10.4,1017.5714285714286,4.3,1.0,0.0,0.0,16.8,17.65,14.6,19.6,3,1,5361898,0,0.0,0.3546048870425356,0.9350162426854148,0
Multan,2018,4,16.071428571428573,54.857142857142854,26.2,1014.5,4.814285714285715,0.0,1.0,0.0,15.471428571428572,16.8,11.1,14.6,4,1,5361898,0,0.0,0.4647231720437685,0.8854560256532099,0
Multan,2018,5,16.071428571428573,63.18571428571429,23.0,1014.4142857142856,5.8999999999999995,0.0,0.0,1.0,15.914285714285716,15.471428571428572,10.4,11.1,5,2,5361898,0,0.0,0.5680647467311558,0.8229838658936564,0
Multan,2018,6,17.82857142857143,52.18571428571429,19.8,1016.4142857142858,4.314285714285714,0.0,0.0,0.0,16.071428571428573,15.914285714285716,26.2,10.4,6,2,5361898,0,0.0,0.6631226582407952,0.7485107481711011,0
Multan,2018,7,15.8,57.114285714285714,18.7,1016.8571428571428,4.742857142857143,0.0,0.0,0.0,16.071428571428573,16.071428571428573,23.0,26.2,7,2,5361898,0,0.0,0.7485107481711011,0.6631226582407953,0
Multan,2018,8,15.871428571428572,52.214285714285715,9.0,1017.2571428571428,3.8285714285714287,0.0,0.0,0.0,17.82857142857143,16.071428571428573,19.8,23.0,8,2,5361898,0,0.0,0.8229838658936564,0.5680647467311558,0
Multan,2018,9,21.25714285714286,51.44285714285714,27.9,1014.0857142857144,5.242857142857143,0.0,0.0,0.0,15.8,17.82857142857143,18.7,19.8,9,3,5361898,0,0.0,0.8854560256532098,0.4647231720437686,0
Multan,2018,10,28.142857142857142,52.18571428571429,14.7,1015.6285714285714,5.8,0.0,0.0,0.0,15.871428571428572,15.8,9.0,18.7,10,3,5361898,0,0.0,0.9350162426854148,0.35460488704253557,0
Multan,2018,11,28.414285714285715,57.58571428571429,15.4,1012.9857142857144,5.2,0.0,0.0,0.0,21.25714285714286,15.871428571428572,27.9,9.0,11,3,5361898,0,0.0,0.970941817426052,0.23931566428755804,0
Multan,2018,12,26.957142857142856,56.58571428571429,9.3,1015.7571428571428,5.1000000000000005,0.0,0.0,0.0,28.142857142857142,21.25714285714286,14.7,27.9,12,3,5361898,0,0.0,0.992708874098054,0.120536680255323,0
Multan,2018,13,26.857142857142858,55.57142857142857,17.6,1015.3,5.371428571428572,0.0,0.0,0.0,28.414285714285715,28.142857142857142,15.4,14.7,13,4,5361898,0,0.0,1.0,-1.6081226496766366e-16,0
Multan,2018,14,27.3,66.18571428571428,10.6,1016.1714285714286,4.185714285714286,0.0,0.0,0.0,26.957142857142856,28.414285714285715,9.3,15.4,14,4,5361898,0,0.0,0.992708874098054,-0.12053668025532288,0
Multan,2018,15,28.414285714285715,61.714285714285715,13.2,1014.842857142857,4.228571428571429,0.0,0.0,0.0,26.857142857142858,26.957142857142856,17.6,9.3,15,4,5361898,0,0.0,0.9709418174260521,-0.2393156642875575,0
Multan,2018,16,24.62857142857143,56.8,19.5,1016.3428571428572,4.514285714285714,0.0,0.0,0.0,27.3,26.857142857142858,10.6,17.6,16,4,5361898,0,0.0,0.9350162426854148,-0.35460488704253545,0
Multan,2018,17,27.542857142857144,64.65714285714286,19.9,1016.4714285714286,5.185714285714285,0.0,0.0,0.0,28.414285714285715,27.3,13.2,10.6,17,4,5361898,0,0.0,0.8854560256532099,-0.4647231720437685,0
Multan,2018,18,28.2,49.98571428571428,18.0,1015.9142857142856,6.128571428571428,0.0,0.0,0.0,24.62857142857143,28.414285714285715,19.5,13.2,18,5,5361898,0,0.0,0.8229838658936565,-0.5680647467311557,0
Multan,2018,19,27.2,54.10000000000001,28.2,1013.9428571428572,5.028571428571429,0.0,0.0,0.0,27.542857142857144,24.62857142857143,19.9,19.5,19,5,5361898,0,0.0,0.7485107481711013,-0.6631226582407951,0
Multan,2018,20,26.442857142857143,60.642857142857146,17.7,1014.1142857142858,4.857142857142857,0.0,0.0,0.0,28.2,27.542857142857144,18.0,19.9,20,5,5361898,0,0.0,0.6631226582407952,-0.7485107481711012,0
Multan,2018,21,26.0,52.15714285714286,30.8,1014.8142857142856,5.242857142857143,0.0,0.0,0.0,27.2,28.2,28.2,18.0,21,5,5361898,1,0.6931471805599453,0.5680647467311558,-0.8229838658936564,0
Multan,2018,22,32.142857142857146,56.714285714285715,20.7,1015.3,4.7,1.0,0.0,0.0,26.442857142857143,27.2,17.7,28.2,22,6,5361898,0,0.0,0.46472317204376906,-0.8854560256532096,0
Multan,2018,23,39.214285714285715,42.042857142857144,21.5,1017.0,3.6714285714285713,0.0,1.0,0.0,26.0,26.442857142857143,30.8,17.7,23,6,5361898,0,0.0,0.35460488704253584,-0.9350162426854147,0
Multan,2018,24,37.57142857142857,61.84285714285714,22.8,1015.7714285714284,3.857142857142857,0.0,0.0,1.0,32.142857142857146,26.0,20.7,30.8,24,6,5361898,0,0.0,0.23931566428755768,-0.970941817426052,0
Multan,2018,25,38.357142857142854,51.614285714285714,24.3,1015.342857142857,4.814285714285715,0.0,0.0,0.0,39.214285714285715,32.142857142857146,21.5,20.7,25,6,5361898,0,0.0,0.12053668025532308,-0.992708874098054,0
Multan,2018,26,38.42857142857143,61.8,12.4,1014.157142857143,4.7,0.0,0.0,0.0,37.57142857142857,39.214285714285715,22.8,21.5,26,7,5361898,0,0.0,-3.216245299353273e-16,-1.0,1
Multan,2018,27,39.07142857142857,51.271428571428565,67.8,1014.9428571428572,4.771428571428571,0.0,0.0,0.0,38.357142857142854,37.57142857142857,24.3,22.8,27,7,5361898,0,0.0,-0.12053668025532283,-0.992708874098054,1
Multan,2018,28,38.65714285714286,49.857142857142854,75.1,1014.8571428571428,4.4714285714285715,0.0,0.0,0.0,38.42857142857143,38.357142857142854,12.4,24.3,28,7,5361898,0,0.0,-0.23931566428755743,-0.9709418174260521,1
Multan,2018,29,36.44285714285714,57.08571428571429,48.4,1015.8857142857142,4.785714285714286,0.0,0.0,0.0,39.07142857142857,38.42857142857143,67.8,12.4,29,7,5361898,0,0.0,-0.3546048870425356,-0.9350162426854148,1
Multan,2018,30,40.0,55.57142857142857,61.9,1015.8142857142856,4.885714285714286,0.0,0.0,0.0,38.65714285714286,39.07142857142857,75.1,67.8,30,7,5361898,0,0.0,-0.46472317204376806,-0.8854560256532101,1
Multan,2018,31,36.971428571428575,51.08571428571429,42.3,1014.5571428571428,6.2,0.0,0.0,0.0,36.44285714285714,38.65714285714286,48.4,75.1,31,8,5361898,0,0.0,-0.5680647467311556,-0.8229838658936565,1
Multan,2018,32,38.82857142857143,54.65714285714285,59.099999999999994,1014.0714285714286,5.428571428571429,0.0,0.0,0.0,40.0,36.44285714285714,61.9,48.4,32,8,5361898,0,0.0,-0.663122658240795,-0.7485107481711013,1
Multan,2018,33,38.385714285714286,49.74285714285714,44.2,1014.3857142857142,5.885714285714286,0.0,0.0,0.0,36.971428571428575,40.0,42.3,61.9,33,8,5361898,0,0.0,-0.7485107481711011,-0.6631226582407952,1
Multan,2018,34,38.94285714285714,62.57142857142857,41.1,1015.7857142857144,3.928571428571429,0.0,0.0,0.0,38.82857142857143,36.971428571428575,59.099999999999994,42.3,34,8,5361898,0,0.0,-0.8229838658936564,-0.5680647467311559,1
Multan,2018,35,34.07142857142857,43.74285714285714,56.8,1012.0714285714286,5.371428571428572,0.0,0.0,0.0,38.385714285714286,38.82857142857143,44.2,59.099999999999994,35,9,5361898,0,0.0,-0.8854560256532096,-0.4647231720437691,1
Multan,2018,36,24.228571428571428,56.57142857142857,75.9,1015.6142857142858,5.085714285714286,0.0,0.0,0.0,38.94285714285714,38.385714285714286,41.1,44.2,36,9,5361898,0,0.0,-0.9350162426854147,-0.3546048870425359,1
Multan,2018,37,21.74285714285714,51.614285714285714,28.6,1014.3142857142856,5.1000000000000005,0.0,0.0,0.0,34.07142857142857,38.94285714285714,56.8,41.1,37,9,5361898,0,0.0,-0.970941817426052,-0.23931566428755774,1
Multan,2018,38,23.25714285714286,56.97142857142857,50.2,1014.0,4.914285714285714,0.0,0.0,0.0,24.228571428571428,34.07142857142857,75.9,56.8,38,9,5361898,0,0.0,-0.992708874098054,-0.12053668025532357,1
Multan,2018,39,24.014285714285712,56.285714285714285,89.0,1015.1142857142858,4.314285714285714,0.0,0.0,0.0,21.74285714285714,24.228571428571428,28.6,75.9,39,9,5361898,0,0.0,-1.0,-1.8369701987210297e-16,1
Multan,2018,40,25.385714285714283,53.68571428571429,18.9,1014.5571428571428,3.957142857142857,0.0,0.0,0.0,23.25714285714286,21.74285714285714,50.2,28.6,40,10,5361898,0,0.0,-0.992708874098054,0.1205366802553232,1
Multan,2018,41,23.842857142857145,58.51428571428572,25.8,1015.0428571428572,4.971428571428571,0.0,0.0,0.0,24.014285714285712,23.25714285714286,89.0,50.2,41,10,5361898,0,0.0,-0.9709418174260521,0.23931566428755738,1
Multan,2018,42,21.842857142857145,48.5,30.0,1015.3285714285714,4.685714285714285,0.0,0.0,0.0,25.385714285714283,24.014285714285712,18.9,89.0,42,10,5361898,0,0.0,-0.9350162426854148,0.35460488704253557,1
Multan,2018,43,24.914285714285715,70.24285714285715,14.5,1014.1142857142858,5.128571428571428,0.0,0.0,0.0,23.842857142857145,25.385714285714283,25.8,18.9,43,10,5361898,0,0.0,-0.8854560256532101,0.464723172043768,1
Multan,2018,44,24.385714285714283,59.08571428571429,18.7,1014.6428571428572,4.8,0.0,0.0,0.0,21.842857142857145,23.842857142857145,30.0,25.8,44,11,5361898,0,0.0,-0.822983865893657,0.5680647467311548,0
Multan,2018,45,23.74285714285714,58.58571428571429,12.5,1012.9857142857144,3.985714285714286,0.0,0.0,0.0,24.914285714285715,21.842857142857145,14.5,30.0,45,11,5361898,0,0.0,-0.7485107481711011,0.6631226582407953,0
Multan,2018,46,23.157142857142855,60.7,20.8,1016.5857142857144,5.700000000000001,0.0,0.0,0.0,24.385714285714283,24.914285714285715,18.7,14.5,46,11,5361898,0,0.0,-0.6631226582407956,0.7485107481711007,0
Multan,2018,47,23.25714285714286,63.385714285714286,16.3,1015.1,5.6000000000000005,0.0,0.0,0.0,23.74285714285714,24.385714285714283,12.5,18.7,47,11,5361898,0,0.0,-0.5680647467311559,0.8229838658936564,0
Multan,2018,48,20.97142857142857,55.642857142857146,9.6,1014.1714285714286,5.085714285714286,0.0,0.0,0.0,23.157142857142855,23.74285714285714,20.8,12.5,48,12,5361898,0,0.0,-0.4647231720437684,0.88545602565321,0
Multan,2018,49,13.914285714285716,48.65714285714286,27.9,1012.5285714285714,4.642857142857143,0.0,0.0,0.0,23.25714285714286,23.157142857142855,16.3,20.8,49,12,5361898,0,0.0,-0.35460488704253595,0.9350162426854147,0
Multan,2018,50,16.785714285714285,47.52857142857143,12.6,1016.5571428571428,4.614285714285714,0.0,0.0,0.0,20.97142857142857,23.25714285714286,9.6,16.3,50,12,5361898,0,0.0,-0.2393156642875578,0.970941817426052,0
Multan,2018,51,14.271428571428572,56.91428571428571,15.9,1013.9,5.014285714285714,0.0,0.0,0.0,13.914285714285716,20.97142857142857,27.9,9.6,51,12,5361898,0,0.0,-0.12053668025532363,0.992708874098054,0
Multan,2018,52,17.24285714285714,53.357142857142854,17.1,1015.342857142857,5.728571428571429,0.0,0.0,0.0,16.785714285714285,13.914285714285716,12.6,27.9,52,12,5361898,0,0.0,6.432490598706546e-16,1.0,0
Multan,2019,1,16.3875,49.025,18.5,1013.325,4.9375,0.0,0.0,0.0,14.271428571428572,16.785714285714285,15.9,12.6,1,1,5361898,0,0.0,0.12053668025532305,0.992708874098054,0
Multan,2019,2,16.985714285714284,56.785714285714285,28.9,1014.8714285714286,5.328571428571428,0.0,0.0,0.0,17.24285714285714,14.271428571428572,17.1,15.9,2,1,5361898,0,0.0,0.23931566428755774,0.970941817426052,0
Multan,2019,3,18.75714285714286,58.471428571428575,14.1,1015.8571428571428,3.5714285714285716,0.0,0.0,0.0,16.3875,17.24285714285714,18.5,17.1,3,1,5361898,0,0.0,0.3546048870425356,0.9350162426854148,0
Multan,2019,4,17.02857142857143,54.028571428571425,16.2,1015.9428571428572,4.314285714285715,0.0,0.0,0.0,16.985714285714284,16.3875,28.9,18.5,4,1,5361898,0,0.0,0.4647231720437685,0.8854560256532099,0
Multan,2019,5,17.142857142857142,59.08571428571429,15.9,1014.0428571428572,4.9,0.0,0.0,0.0,18.75714285714286,16.985714285714284,14.1,28.9,5,2,5361898,0,0.0,0.5680647467311558,0.8229838658936564,0
Multan,2019,6,17.52857142857143,48.94285714285714,12.7,1014.9571428571428,5.471428571428571,0.0,0.0,0.0,17.02857142857143,18.75714285714286,16.2,14.1,6,2,5361898,0,0.0,0.6631226582407952,0.7485107481711011,0
Multan,2019,7,16.97142857142857,53.214285714285715,24.0,1014.3857142857142,5.042857142857143,0.0,0.0,0.0,17.142857142857142,17.02857142857143,15.9,16.2,7,2,5361898,0,0.0,0.7485107481711011,0.6631226582407953,0
Multan,2019,8,12.185714285714283,51.128571428571426,22.0,1014.6428571428572,4.557142857142857,0.0,0.0,0.0,17.52857142857143,17.142857142857142,12.7,15.9,8,2,5361898,0,0.0,0.8229838658936564,0.5680647467311558,0
Multan,2019,9,21.528571428571432,50.142857142857146,14.2,1014.3857142857142,4.828571428571428,0.0,0.0,0.0,16.97142857142857,17.52857142857143,24.0,12.7,9,3,5361898,0,0.0,0.8854560256532098,0.4647231720437686,0
Multan,2019,10,27.214285714285715,53.77142857142858,17.1,1014.3,4.1,0.0,0.0,0.0,12.185714285714283,16.97142857142857,22.0,24.0,10,3,5361898,0,0.0,0.9350162426854148,0.35460488704253557,0
Multan,2019,11,28.0,52.81428571428571,13.7,1017.4428571428572,5.085714285714286,0.0,0.0,0.0,21.528571428571432,12.185714285714283,14.2,22.0,11,3,5361898,0,0.0,0.970941817426052,0.23931566428755804,0
Multan,2019,12,26.9,62.81428571428571,15.0,1014.7714285714284,4.671428571428572,0.0,0.0,0.0,27.214285714285715,21.528571428571432,17.1,14.2,12,3,5361898,0,0.0,0.992708874098054,0.120536680255323,0
Multan,2019,13,25.4,47.9,21.7,1015.2571428571428,4.385714285714285,0.0,0.0,0.0,28.0,27.214285714285715,13.7,17.1,13,3,5361898,0,0.0,1.0,-1.6081226496766366e-16,0
Multan,2019,14,26.914285714285715,48.357142857142854,18.0,1014.8285714285714,5.071428571428571,0.0,0.0,0.0,26.9,28.0,15.0,13.7,14,4,5361898,0,0.0,0.992708874098054,-0.12053668025532288,0
Multan,2019,15,28.814285714285713,53.228571428571435,16.3,1015.2571428571428,5.2,0.0,0.0,0.0,25.4,26.9,21.7,15.0,15,4,5361898,0,0.0,0.9709418174260521,-0.2393156642875575,0
Multan,2019,16,29.38571428571429,42.24285714285714,19.4,1016.6428571428572,4.328571428571428,0.0,0.0,0.0,26.914285714285715,25.4,18.0,21.7,16,4,5361898,0,0.0,0.9350162426854148,-0.35460488704253545,0
Multan,2019,17,26.571428571428573,58.771428571428565,20.6,1015.5714285714286,5.928571428571429,0.0,0.0,0.0,28.814285714285713,26.914285714285715,16.3,18.0,17,4,5361898,0,0.0,0.8854560256532099,-0.4647231720437685,0
Multan,2019,18,27.685714285714287,56.114285714285714,16.4,1014.2142857142856,5.642857142857143,0.0,0.0,0.0,29.38571428571429,28.814285714285713,19.4,16.3,18,5,5361898,0,0.0,0.8229838658936565,-0.5680647467311557,0
Multan,2019,19,28.685714285714287,49.857142857142854,20.3,1014.7,5.471428571428571,0.0,0.0,0.0,26.571428571428573,29.38571428571429,20.6,19.4,19,5,5361898,0,0.0,0.7485107481711013,-0.6631226582407951,0
Multan,2019,20,28.02857142857143,59.51428571428572,18.6,1015.1142857142858,5.671428571428572,0.0,0.0,0.0,27.685714285714287,26.571428571428573,16.4,20.6,20,5,5361898,0,0.0,0.6631226582407952,-0.7485107481711012,0
Multan,2019,21,28.857142857142858,50.17142857142857,15.7,1015.2428571428572,4.5285714285714285,0.0,0.0,0.0,28.685714285714287,27.685714285714287,20.3,16.4,21,5,5361898,0,0.0,0.5680647467311558,-0.8229838658936564,0
Multan,2019,22,30.228571428571428,59.92857142857143,19.2,1017.0142857142856,5.057142857142857,0.0,0.0,0.0,28.02857142857143,28.685714285714287,18.6,20.3,22,6,5361898,0,0.0,0.46472317204376906,-0.8854560256532096,0
Multan,2019,23,38.94285714285714,61.7,17.0,1014.5714285714286,5.428571428571429,0.0,0.0,0.0,28.857142857142858,28.02857142857143,15.7,18.6,23,6,5361898,0,0.0,0.35460488704253584,-0.9350162426854147,0
Multan,2019,24,38.528571428571425,66.1,14.9,1014.1857142857144,4.785714285714286,0.0,0.0,0.0,30.228571428571428,28.857142857142858,19.2,15.7,24,6,5361898,0,0.0,0.23931566428755768,-0.970941817426052,0
Multan,2019,25,38.42857142857143,60.91428571428571,19.3,1014.6714285714286,4.871428571428572,0.0,0.0,0.0,38.94285714285714,30.228571428571428,17.0,19.2,25,6,5361898,0,0.0,0.12053668025532308,-0.992708874098054,0
Multan,2019,26,37.371428571428574,50.028571428571425,25.8,1017.5857142857144,4.8,0.0,0.0,0.0,38.528571428571425,38.94285714285714,14.9,17.0,26,6,5361898,0,0.0,-3.216245299353273e-16,-1.0,0
Multan,2019,27,38.91428571428571,63.971428571428575,54.6,1015.5428571428572,5.242857142857143,0.0,0.0,0.0,38.42857142857143,38.528571428571425,19.3,14.9,27,7,5361898,0,0.0,-0.12053668025532283,-0.992708874098054,1
Multan,2019,28,39.642857142857146,60.2,16.6,1015.9,4.0285714285714285,0.0,0.0,0.0,37.371428571428574,38.42857142857143,25.8,19.3,28,7,5361898,0,0.0,-0.23931566428755743,-0.9709418174260521,1
Multan,2019,29,37.628571428571426,67.08571428571429,64.0,1014.2,5.057142857142857,0.0,0.0,0.0,38.91428571428571,37.371428571428574,54.6,25.8,29,7,5361898,0,0.0,-0.3546048870425356,-0.9350162426854148,1
Multan,2019,30,38.214285714285715,52.5,69.5,1015.1142857142858,3.7285714285714286,0.0,0.0,0.0,39.642857142857146,38.91428571428571,16.6,54.6,30,7,5361898,0,0.0,-0.46472317204376806,-0.8854560256532101,1
Multan,2019,31,38.628571428571426,60.785714285714285,52.3,1014.1714285714286,4.214285714285714,0.0,0.0,0.0,37.628571428571426,39.642857142857146,64.0,16.6,31,8,5361898,0,0.0,-0.5680647467311556,-0.8229838658936565,1
Multan,2019,32,38.5,59.114285714285714,93.1,1013.4,5.328571428571428,0.0,0.0,0.0,38.214285714285715,37.628571428571426,69.5,64.0,32,8,5361898,0,0.0,-0.663122658240795,-0.7485107481711013,1
Multan,2019,33,39.41428571428571,50.528571428571425,72.2,1014.0,4.928571428571429,0.0,0.0,0.0,38.628571428571426,38.214285714285715,52.3,69.5,33,8,5361898,0,0.0,-0.7485107481711011,-0.6631226582407952,1
Multan,2019,34,39.24285714285714,53.471428571428575,35.9,1014.657142857143,3.8428571428571425,0.0,0.0,0.0,38.5,38.628571428571426,93.1,52.3,34,8,5361898,0,0.0,-0.8229838658936564,-0.5680647467311559,1
Multan,2019,35,36.94285714285714,47.114285714285714,34.6,1015.6,5.442857142857143,0.0,0.0,0.0,39.41428571428571,38.5,72.2,93.1,35,9,5361898,0,0.0,-0.8854560256532096,-0.4647231720437691,1
Multan,2019,36,24.228571428571428,52.7,83.1,1015.4,4.3428571428571425,0.0,0.0,0.0,39.24285714285714,39.41428571428571,35.9,72.2,36,9,5361898,0,0.0,-0.9350162426854147,-0.3546048870425359,1
Multan,2019,37,23.4,58.75714285714286,28.7,1015.8857142857142,4.7,0.0,0.0,0.0,36.94285714285714,39.24285714285714,34.6,35.9,37,9,5361898,0,0.0,-0.970941817426052,-0.23931566428755774,1
Multan,2019,38,24.314285714285713,60.471428571428575,88.1,1016.3571428571428,4.742857142857143,0.0,0.0,0.0,24.228571428571428,36.94285714285714,83.1,34.6,38,9,5361898,0,0.0,-0.992708874098054,-0.12053668025532357,1
Multan,2019,39,25.314285714285713,52.84285714285714,57.8,1015.1857142857144,4.3,0.0,0.0,0.0,23.4,24.228571428571428,28.7,83.1,39,9,5361898,4,1.6094379124341005,-1.0,-1.8369701987210297e-16,1
Multan,2019,40,23.857142857142858,65.78571428571429,45.8,1015.9,4.457142857142857,4.0,0.0,0.0,24.314285714285713,23.4,88.1,28.7,40,10,5361898,6,1.9459101490553132,-0.992708874098054,0.1205366802553232,1
Multan,2019,41,22.585714285714285,61.68571428571429,14.0,1014.8285714285714,4.585714285714286,6.0,4.0,0.0,25.314285714285713,24.314285714285713,57.8,88.1,41,10,5361898,6,1.9459101490553132,-0.9709418174260521,0.23931566428755738,1
Multan,2019,42,25.52857142857143,57.65714285714286,16.6,1015.0,4.442857142857142,6.0,6.0,4.0,23.857142857142858,25.314285714285713,45.8,57.8,42,10,5361898,4,1.6094379124341005,-0.9350162426854148,0.35460488704253557,1
Multan,2019,43,23.3,53.24285714285714,18.5,1017.0857142857144,5.7,4.0,6.0,6.0,22.585714285714285,23.857142857142858,14.0,45.8,43,10,5361898,5,1.791759469228055,-0.8854560256532101,0.464723172043768,1
Multan,2019,44,22.657142857142855,56.44285714285714,14.9,1015.6,4.157142857142857,5.0,4.0,6.0,25.52857142857143,22.585714285714285,16.6,14.0,44,11,5361898,4,1.6094379124341005,-0.822983865893657,0.5680647467311548,0
Multan,2019,45,24.157142857142855,57.042857142857144,14.4,1014.3285714285714,4.971428571428571,4.0,5.0,4.0,23.3,25.52857142857143,18.5,16.6,45,11,5361898,10,2.3978952727983707,-0.7485107481711011,0.6631226582407953,0
Multan,2019,46,21.314285714285713,50.142857142857146,20.9,1015.4428571428572,4.742857142857143,10.0,4.0,5.0,22.657142857142855,23.3,14.9,18.5,46,11,5361898,8,2.1972245773362196,-0.6631226582407956,0.7485107481711007,0
Multan,2019,47,23.9,57.94285714285714,20.0,1015.2285714285716,4.8,8.0,10.0,4.0,24.157142857142855,22.657142857142855,14.4,14.9,47,11,5361898,4,1.6094379124341005,-0.5680647467311559,0.8229838658936564,0
Multan,2019,48,21.557142857142857,60.34285714285715,10.1,1014.7571428571428,4.8,4.0,8.0,10.0,21.314285714285713,24.157142857142855,20.9,14.4,48,12,5361898,2,1.0986122886681098,-0.4647231720437684,0.88545602565321,0
Multan,2019,49,17.814285714285713,48.4,12.3,1014.3571428571428,5.114285714285714,2.0,4.0,8.0,23.9,21.314285714285713,20.0,20.9,49,12,5361898,3,1.3862943611198906,-0.35460488704253595,0.9350162426854147,0
Multan,2019,50,16.785714285714285,52.5,16.1,1015.5,4.442857142857143,3.0,2.0,4.0,21.557142857142857,23.9,10.1,20.0,50,12,5361898,2,1.0986122886681098,-0.2393156642875578,0.970941817426052,0
Multan,2019,51,16.67142857142857,56.84285714285714,24.700000000000003,1014.5428571428572,4.628571428571428,2.0,3.0,2.0,17.814285714285713,21.557142857142857,12.3,10.1,51,12,5361898,0,0.0,-0.12053668025532363,0.992708874098054,0
Multan,2019,52,16.485714285714288,43.17142857142857,15.2,1015.6285714285714,4.957142857142857,0.0,2.0,3.0,16.785714285714285,17.814285714285713,16.1,12.3,52,12,5361898,0,0.0,6.432490598706546e-16,1.0,0
Multan,2020,1,15.74,47.56,16.4,1013.94,5.16,0.0,0.0,2.0,16.67142857142857,16.785714285714285,24.700000000000003,16.1,1,1,5361898,0,0.0,0.12053668025532305,0.992708874098054,0
Multan,2020,2,18.5,52.82857142857143,26.0,1013.1,5.714285714285714,0.0,0.0,0.0,16.485714285714288,16.67142857142857,15.2,24.700000000000003,2,1,5361898,0,0.0,0.23931566428755774,0.970941817426052,0
Multan,2020,3,14.857142857142858,59.228571428571435,24.1,1014.6285714285714,4.7,0.0,0.0,0.0,15.74,16.485714285714288,16.4,15.2,3,1,5361898,0,0.0,0.3546048870425356,0.9350162426854148,0
Multan,2020,4,17.228571428571428,52.8,23.1,1014.1,5.085714285714286,0.0,0.0,0.0,18.5,15.74,26.0,16.4,4,1,5361898,0,0.0,0.4647231720437685,0.8854560256532099,0
Multan,2020,5,16.52857142857143,55.17142857142857,9.7,1016.4285714285714,4.914285714285714,0.0,0.0,0.0,14.857142857142858,18.5,24.1,26.0,5,2,5361898,0,0.0,0.5680647467311558,0.8229838658936564,0
Multan,2020,6,15.357142857142858,61.38571428571429,24.6,1013.8285714285714,5.471428571428571,0.0,0.0,0.0,17.228571428571428,14.857142857142858,23.1,24.1,6,2,5361898,0,0.0,0.6631226582407952,0.7485107481711011,0
Multan,2020,7,16.985714285714288,55.51428571428572,8.6,1015.3571428571428,7.028571428571429,0.0,0.0,0.0,16.52857142857143,17.228571428571428,9.7,23.1,7,2,5361898,0,0.0,0.7485107481711011,0.6631226582407953,0
Multan,2020,8,16.814285714285713,62.55714285714286,11.3,1015.3142857142856,4.7,0.0,0.0,0.0,15.357142857142858,16.52857142857143,24.6,9.7,8,2,5361898,0,0.0,0.8229838658936564,0.5680647467311558,0
Multan,2020,9,18.02857142857143,45.07142857142857,25.9,1014.8714285714286,5.185714285714285,0.0,0.0,0.0,16.985714285714288,15.357142857142858,8.6,24.6,9,3,5361898,0,0.0,0.8854560256532098,0.4647231720437686,0
Multan,2020,10,24.314285714285713,58.385714285714286,16.8,1013.9142857142856,4.671428571428572,0.0,0.0,0.0,16.814285714285713,16.985714285714288,11.3,8.6,10,3,5361898,0,0.0,0.9350162426854148,0.35460488704253557,0
Multan,2020,11,28.428571428571427,51.3,13.8,1015.9428571428572,5.285714285714286,0.0,0.0,0.0,18.02857142857143,16.814285714285713,25.9,11.3,11,3,5361898,0,0.0,0.970941817426052,0.23931566428755804,0
Multan,2020,12,28.32857142857143,58.771428571428565,19.6,1013.5,5.3428571428571425,0.0,0.0,0.0,24.314285714285713,18.02857142857143,16.8,25.9,12,3,5361898,0,0.0,0.992708874098054,0.120536680255323,0
Multan,2020,13,28.785714285714285,50.971428571428575,12.9,1015.8285714285714,5.271428571428571,0.0,0.0,0.0,28.428571428571427,24.314285714285713,13.8,16.8,13,3,5361898,0,0.0,1.0,-1.6081226496766366e-16,0
Multan,2020,14,26.942857142857147,56.128571428571426,32.4,1016.657142857143,4.242857142857143,0.0,0.0,0.0,28.32857142857143,28.428571428571427,19.6,13.8,14,4,5361898,0,0.0,0.992708874098054,-0.12053668025532288,0
Multan,2020,15,27.957142857142856,53.02857142857143,15.1,1015.7857142857144,3.7714285714285714,0.0,0.0,0.0,28.785714285714285,28.32857142857143,12.9,19.6,15,4,5361898,0,0.0,0.9709418174260521,-0.2393156642875575,0
Multan,2020,16,28.285714285714285,47.41428571428571,17.5,1013.4571428571428,5.671428571428572,0.0,0.0,0.0,26.942857142857147,28.785714285714285,32.4,12.9,16,4,5361898,0,0.0,0.9350162426854148,-0.35460488704253545,0
Multan,2020,17,26.814285714285713,56.042857142857144,10.7,1015.4571428571428,4.557142857142857,0.0,0.0,0.0,27.957142857142856,26.942857142857147,15.1,32.4,17,4,5361898,0,0.0,0.8854560256532099,-0.4647231720437685,0
Multan,2020,18,27.114285714285717,49.91428571428571,19.6,1014.4857142857144,4.514285714285714,0.0,0.0,0.0,28.285714285714285,27.957142857142856,17.5,15.1,18,5,5361898,0,0.0,0.8229838658936565,-0.5680647467311557,0
Multan,2020,19,26.785714285714285,55.68571428571429,16.1,1013.7428571428572,5.3999999999999995,0.0,0.0,0.0,26.814285714285713,28.285714285714285,10.7,17.5,19,5,5361898,0,0.0,0.7485107481711013,-0.6631226582407951,0
Multan,2020,20,25.4,48.05714285714286,23.700000000000003,1015.5857142857144,4.571428571428571,0.0,0.0,0.0,27.114285714285717,26.814285714285713,19.6,10.7,20,5,5361898,0,0.0,0.6631226582407952,-0.7485107481711012,0
Multan,2020,21,27.75714285714286,56.7,16.0,1014.1142857142858,3.7,0.0,0.0,0.0,26.785714285714285,27.114285714285717,16.1,19.6,21,5,5361898,0,0.0,0.5680647467311558,-0.8229838658936564,0
Multan,2020,22,25.542857142857144,54.971428571428575,17.0,1016.1285714285714,4.6571428571428575,0.0,0.0,0.0,25.4,26.785714285714285,23.700000000000003,16.1,22,5,5361898,0,0.0,0.46472317204376906,-0.8854560256532096,0
Multan,2020,23,38.34285714285714,53.728571428571435,7.300000000000001,1016.2142857142856,4.328571428571428,0.0,0.0,0.0,27.75714285714286,25.4,16.0,23.700000000000003,23,6,5361898,0,0.0,0.35460488704253584,-0.9350162426854147,0
Multan,2020,24,37.142857142857146,47.84285714285715,13.8,1016.1142857142858,5.428571428571429,0.0,0.0,0.0,25.542857142857144,27.75714285714286,17.0,16.0,24,6,5361898,0,0.0,0.23931566428755768,-0.970941817426052,0
Multan,2020,25,38.628571428571426,53.042857142857144,20.8,1013.2714285714284,4.8428571428571425,0.0,0.0,0.0,38.34285714285714,25.542857142857144,7.300000000000001,17.0,25,6,5361898,0,0.0,0.12053668025532308,-0.992708874098054,0
Multan,2020,26,37.68571428571429,56.01428571428572,20.2,1014.3714285714286,4.257142857142857,0.0,0.0,0.0,37.142857142857146,38.34285714285714,13.8,7.300000000000001,26,6,5361898,0,0.0,-3.216245299353273e-16,-1.0,0
Multan,2020,27,39.228571428571435,51.285714285714285,52.6,1015.1714285714286,4.728571428571429,0.0,0.0,0.0,38.628571428571426,37.142857142857146,20.8,13.8,27,7,5361898,0,0.0,-0.12053668025532283,-0.992708874098054,1
Multan,2020,28,38.57142857142857,53.15714285714286,64.5,1015.3142857142856,5.071428571428571,0.0,0.0,0.0,37.68571428571429,38.628571428571426,20.2,20.8,28,7,5361898,0,0.0,-0.23931566428755743,-0.9709418174260521,1
Multan,2020,29,39.9,54.528571428571425,84.7,1014.0714285714286,3.7857142857142856,0.0,0.0,0.0,39.228571428571435,37.68571428571429,52.6,20.2,29,7,5361898,0,0.0,-0.3546048870425356,-0.9350162426854148,1
Multan,2020,30,37.91428571428571,64.51428571428572,49.4,1016.9714285714286,3.6714285714285713,0.0,0.0,0.0,38.57142857142857,39.228571428571435,64.5,52.6,30,7,5361898,0,0.0,-0.46472317204376806,-0.8854560256532101,1
Multan,2020,31,37.55714285714286,57.75714285714286,45.0,1013.8571428571428,4.728571428571429,0.0,0.0,0.0,39.9,38.57142857142857,84.7,64.5,31,8,5361898,0,0.0,-0.5680647467311556,-0.8229838658936565,1
Multan,2020,32,36.7,60.81428571428571,38.400000000000006,1014.7714285714284,5.728571428571429,0.0,0.0,0.0,37.91428571428571,39.9,49.4,84.7,32,8,5361898,0,0.0,-0.663122658240795,-0.7485107481711013,1
Multan,2020,33,38.785714285714285,60.74285714285714,33.4,1014.3142857142856,4.242857142857143,0.0,0.0,0.0,37.55714285714286,37.91428571428571,45.0,49.4,33,8,5361898,0,0.0,-0.7485107481711011,-0.6631226582407952,1
Multan,2020,34,39.528571428571425,50.114285714285714,65.39999999999999,1015.5428571428572,4.571428571428571,0.0,0.0,0.0,36.7,37.55714285714286,38.400000000000006,45.0,34,8,5361898,0,0.0,-0.8229838658936564,-0.5680647467311559,1
Multan,2020,35,39.68571428571429,55.17142857142857,33.1,1013.0,5.971428571428571,0.0,0.0,0.0,38.785714285714285,36.7,33.4,38.400000000000006,35,8,5361898,0,0.0,-0.8854560256532096,-0.4647231720437691,1
Multan,2020,36,25.614285714285717,61.642857142857146,60.599999999999994,1015.0857142857144,4.957142857142857,0.0,0.0,0.0,39.528571428571425,38.785714285714285,65.39999999999999,33.4,36,9,5361898,0,0.0,-0.9350162426854147,-0.3546048870425359,1
Multan,2020,37,23.857142857142858,57.128571428571426,33.4,1016.2285714285716,4.685714285714285,0.0,0.0,0.0,39.68571428571429,39.528571428571425,33.1,65.39999999999999,37,9,5361898,0,0.0,-0.970941817426052,-0.23931566428755774,1
Multan,2020,38,24.74285714285714,45.67142857142857,76.4,1015.8857142857144,5.585714285714286,0.0,0.0,0.0,25.614285714285717,39.68571428571429,60.599999999999994,33.1,38,9,5361898,0,0.0,-0.992708874098054,-0.12053668025532357,1
Multan,2020,39,24.271428571428572,52.82857142857143,43.7,1013.3142857142856,4.8428571428571425,0.0,0.0,0.0,23.857142857142858,25.614285714285717,33.4,60.599999999999994,39,9,5361898,0,0.0,-1.0,-1.8369701987210297e-16,1
Multan,2020,40,21.442857142857143,52.51428571428572,48.099999999999994,1014.2142857142856,5.0,0.0,0.0,0.0,24.74285714285714,23.857142857142858,76.4,33.4,40,10,5361898,0,0.0,-0.992708874098054,0.1205366802553232,1
Multan,2020,41,22.942857142857143,63.57142857142857,22.6,1014.8,5.414285714285714,0.0,0.0,0.0,24.271428571428572,24.74285714285714,43.7,76.4,41,10,5361898,2,1.0986122886681098,-0.9709418174260521,0.23931566428755738,1
Multan,2020,42,26.285714285714285,67.24285714285715,15.2,1014.5428571428572,6.1571428571428575,2.0,0.0,0.0,21.442857142857143,24.271428571428572,48.099999999999994,43.7,42,10,5361898,2,1.0986122886681098,-0.9350162426854148,0.35460488704253557,1
Multan,2020,43,24.985714285714288,53.957142857142856,11.5,1015.6142857142858,4.4714285714285715,2.0,2.0,0.0,22.942857142857143,21.442857142857143,22.6,48.099999999999994,43,10,5361898,0,0.0,-0.8854560256532101,0.464723172043768,1
Multan,2020,44,22.25714285714286,60.81428571428571,12.3,1014.6142857142858,5.628571428571428,0.0,2.0,2.0,26.285714285714285,22.942857142857143,15.2,22.6,44,11,5361898,0,0.0,-0.822983865893657,0.5680647467311548,0
Multan,2020,45,23.814285714285713,55.442857142857136,21.2,1015.0285714285714,5.257142857142857,0.0,0.0,2.0,24.985714285714288,26.285714285714285,11.5,15.2,45,11,5361898,0,0.0,-0.7485107481711011,0.6631226582407953,0
Multan,2020,46,24.32857142857143,55.67142857142857,23.8,1017.5714285714286,4.5285714285714285,0.0,0.0,0.0,22.25714285714286,24.985714285714288,12.3,11.5,46,11,5361898,0,0.0,-0.6631226582407956,0.7485107481711007,0
Multan,2020,47,23.528571428571432,44.214285714285715,20.1,1014.1857142857144,4.485714285714286,0.0,0.0,0.0,23.814285714285713,22.25714285714286,21.2,12.3,47,11,5361898,0,0.0,-0.5680647467311559,0.8229838658936564,0
Multan,2020,48,23.014285714285712,50.042857142857144,8.0,1013.9857142857144,5.371428571428572,0.0,0.0,0.0,24.32857142857143,23.814285714285713,23.8,21.2,48,11,5361898,0,0.0,-0.4647231720437684,0.88545602565321,0
Multan,2020,49,18.685714285714287,56.271428571428565,17.4,1015.6,4.557142857142857,0.0,0.0,0.0,23.528571428571432,24.32857142857143,20.1,23.8,49,12,5361898,0,0.0,-0.35460488704253595,0.9350162426854147,0
Multan,2020,50,17.085714285714285,51.714285714285715,6.1,1014.4285714285714,5.128571428571428,0.0,0.0,0.0,23.014285714285712,23.528571428571432,8.0,20.1,50,12,5361898,2,1.0986122886681098,-0.2393156642875578,0.970941817426052,0
Multan,2020,51,15.957142857142856,46.614285714285714,16.5,1014.4,4.942857142857143,2.0,0.0,0.0,18.685714285714287,23.014285714285712,17.4,8.0,51,12,5361898,0,0.0,-0.12053668025532363,0.992708874098054,0
Multan,2020,52,16.428571428571427,60.542857142857144,20.1,1013.8857142857142,5.1000000000000005,0.0,2.0,0.0,17.085714285714285,18.685714285714287,6.1,17.4,52,12,5361898,2,1.0986122886681098,6.432490598706546e-16,1.0,0
Multan,2020,53,16.925,63.724999999999994,6.3,1014.625,5.425,2.0,0.0,2.0,15.957142857142856,17.085714285714285,16.5,6.1,53,12,5361898,0,0.0,0.12053668025532314,0.992708874098054,0
Multan,2021,1,16.84285714285714,48.142857142857146,26.7,1015.3142857142856,4.414285714285714,0.0,2.0,0.0,16.428571428571427,15.957142857142856,20.1,16.5,1,1,5361898,0,0.0,0.12053668025532305,0.992708874098054,0
Multan,2021,2,15.885714285714286,51.114285714285714,14.0,1017.7428571428572,4.7,0.0,0.0,2.0,16.925,16.428571428571427,6.3,20.1,2,1,5361898,0,0.0,0.23931566428755774,0.970941817426052,0
Multan,2021,3,16.5,50.08571428571429,23.9,1015.5,5.242857142857143,0.0,0.0,0.0,16.84285714285714,16.925,26.7,6.3,3,1,5361898,0,0.0,0.3546048870425356,0.9350162426854148,0
Multan,2021,4,18.785714285714285,53.614285714285714,13.3,1014.7857142857144,4.828571428571428,0.0,0.0,0.0,15.885714285714286,16.84285714285714,14.0,26.7,4,1,5361898,0,0.0,0.4647231720437685,0.8854560256532099,0
Multan,2021,5,17.52857142857143,49.871428571428574,22.1,1015.1428571428572,5.671428571428572,0.0,0.0,0.0,16.5,15.885714285714286,23.9,14.0,5,2,5361898,0,0.0,0.5680647467311558,0.8229838658936564,0
Multan,2021,6,15.44285714285714,61.042857142857144,14.0,1015.7428571428572,5.271428571428571,0.0,0.0,0.0,18.785714285714285,16.5,13.3,23.9,6,2,5361898,0,0.0,0.6631226582407952,0.7485107481711011,0
Multan,2021,7,15.957142857142856,61.34285714285714,13.4,1014.7571428571428,5.728571428571429,0.0,0.0,0.0,17.52857142857143,18.785714285714285,22.1,13.3,7,2,5361898,0,0.0,0.7485107481711011,0.6631226582407953,0
Multan,2021,8,16.085714285714285,53.15714285714286,15.8,1017.1857142857144,5.2,0.0,0.0,0.0,15.44285714285714,17.52857142857143,14.0,22.1,8,2,5361898,0,0.0,0.8229838658936564,0.5680647467311558,0
Multan,2021,9,26.957142857142856,53.1,17.3,1016.8714285714286,4.828571428571428,0.0,0.0,0.0,15.957142857142856,15.44285714285714,13.4,14.0,9,3,5361898,0,0.0,0.8854560256532098,0.4647231720437686,0
Multan,2021,10,26.314285714285713,59.357142857142854,13.2,1015.6,5.171428571428572,0.0,0.0,0.0,16.085714285714285,15.957142857142856,15.8,13.4,10,3,5361898,0,0.0,0.9350162426854148,0.35460488704253557,0
Multan,2021,11,28.285714285714285,51.24285714285714,26.0,1014.3142857142856,4.742857142857143,0.0,0.0,0.0,26.957142857142856,16.085714285714285,17.3,15.8,11,3,5361898,0,0.0,0.970941817426052,0.23931566428755804,0
Multan,2021,12,26.057142857142857,61.51428571428572,14.5,1015.4142857142856,5.385714285714286,0.0,0.0,0.0,26.314285714285713,26.957142857142856,13.2,17.3,12,3,5361898,0,0.0,0.992708874098054,0.120536680255323,0
Multan,2021,13,26.67142857142857,50.24285714285714,10.4,1015.3571428571428,5.6000000000000005,0.0,0.0,0.0,28.285714285714285,26.314285714285713,26.0,13.2,13,4,5361898,0,0.0,1.0,-1.6081226496766366e-16,0
Multan,2021,14,27.7,44.25714285714286,8.0,1014.3571428571428,5.557142857142857,0.0,0.0,0.0,26.057142857142857,28.285714285714285,14.5,26.0,14,4,5361898,0,0.0,0.992708874098054,-0.12053668025532288,0
Multan,2021,15,26.7,36.91428571428571,22.9,1014.2571428571428,4.928571428571429,0.0,0.0,0.0,26.67142857142857,26.057142857142857,10.4,14.5,15,4,5361898,0,0.0,0.9709418174260521,-0.2393156642875575,0
Multan,2021,16,27.0,57.2,16.2,1014.9714285714286,5.014285714285714,0.0,0.0,0.0,27.7,26.67142857142857,8.0,10.4,16,4,5361898,0,0.0,0.9350162426854148,-0.35460488704253545,0
Multan,2021,17,28.12857142857143,63.74285714285714,24.6,1014.2571428571428,3.957142857142857,0.0,0.0,0.0,26.7,27.7,22.9,8.0,17,5,5361898,0,0.0,0.8854560256532099,-0.4647231720437685,0
Multan,2021,18,27.185714285714287,62.47142857142857,16.8,1013.7714285714284,4.757142857142857,0.0,0.0,0.0,27.0,26.7,16.2,22.9,18,5,5361898,0,0.0,0.8229838658936565,-0.5680647467311557,0
Multan,2021,19,27.32857142857143,63.82857142857143,9.9,1016.0142857142856,5.514285714285714,0.0,0.0,0.0,28.12857142857143,27.0,24.6,16.2,19,5,5361898,0,0.0,0.7485107481711013,-0.6631226582407951,0
Multan,2021,20,27.17142857142857,51.07142857142857,15.1,1013.5428571428572,5.514285714285714,0.0,0.0,0.0,27.185714285714287,28.12857142857143,16.8,24.6,20,5,5361898,0,0.0,0.6631226582407952,-0.7485107481711012,0
Multan,2021,21,26.357142857142858,49.2,18.4,1013.2571428571428,3.4714285714285715,0.0,0.0,0.0,27.32857142857143,27.185714285714287,9.9,16.8,21,5,5361898,0,0.0,0.5680647467311558,-0.8229838658936564,0
Multan,2021,22,37.4,53.51428571428572,16.0,1016.342857142857,5.414285714285714,0.0,0.0,0.0,27.17142857142857,27.32857142857143,15.1,9.9,22,6,5361898,0,0.0,0.46472317204376906,-0.8854560256532096,0
Multan,2021,23,39.214285714285715,52.65714285714285,15.1,1015.4428571428572,5.542857142857143,0.0,0.0,0.0,26.357142857142858,27.17142857142857,18.4,15.1,23,6,5361898,0,0.0,0.35460488704253584,-0.9350162426854147,0
Multan,2021,24,37.0,53.785714285714285,13.3,1015.4571428571428,3.4285714285714284,0.0,0.0,0.0,37.4,26.357142857142858,16.0,18.4,24,6,5361898,0,0.0,0.23931566428755768,-0.970941817426052,0
Multan,2021,25,37.871428571428574,44.385714285714286,19.0,1013.3285714285714,6.042857142857143,0.0,0.0,0.0,39.214285714285715,37.4,15.1,16.0,25,6,5361898,0,0.0,0.12053668025532308,-0.992708874098054,0
Multan,2021,26,38.8,64.48571428571428,36.6,1013.4571428571428,5.828571428571428,0.0,0.0,0.0,37.0,39.214285714285715,13.3,15.1,26,7,5361898,0,0.0,-3.216245299353273e-16,-1.0,1
Multan,2021,27,39.142857142857146,64.57142857142857,46.1,1014.9285714285714,5.171428571428572,0.0,0.0,0.0,37.871428571428574,37.0,19.0,13.3,27,7,5361898,0,0.0,-0.12053668025532283,-0.992708874098054,1
Multan,2021,28,38.81428571428571,56.128571428571426,62.1,1013.4857142857144,5.285714285714286,0.0,0.0,0.0,38.8,37.871428571428574,36.6,19.0,28,7,5361898,0,0.0,-0.23931566428755743,-0.9709418174260521,1
Multan,2021,29,38.68571428571429,62.3,30.1,1014.5428571428572,4.971428571428571,0.0,0.0,0.0,39.142857142857146,38.8,46.1,36.6,29,7,5361898,0,0.0,-0.3546048870425356,-0.9350162426854148,1
Multan,2021,30,39.34285714285714,42.457142857142856,67.1,1015.342857142857,5.8999999999999995,0.0,0.0,0.0,38.81428571428571,39.142857142857146,62.1,46.1,30,8,5361898,0,0.0,-0.46472317204376806,-0.8854560256532101,1
Multan,2021,31,36.48571428571429,43.3,58.8,1014.1714285714286,5.442857142857143,0.0,0.0,0.0,38.68571428571429,38.81428571428571,30.1,62.1,31,8,5361898,0,0.0,-0.5680647467311556,-0.8229838658936565,1
Multan,2021,32,38.471428571428575,58.01428571428572,41.6,1016.0142857142856,5.471428571428571,0.0,0.0,0.0,39.34285714285714,38.68571428571429,67.1,30.1,32,8,5361898,0,0.0,-0.663122658240795,-0.7485107481711013,1
Multan,2021,33,39.871428571428574,46.714285714285715,61.5,1015.3285714285714,5.171428571428572,0.0,0.0,0.0,36.48571428571429,39.34285714285714,58.8,67.1,33,8,5361898,0,0.0,-0.7485107481711011,-0.6631226582407952,1
Multan,2021,34,37.142857142857146,48.285714285714285,44.3,1013.6142857142858,5.057142857142857,0.0,0.0,0.0,38.471428571428575,36.48571428571429,41.6,58.8,34,8,5361898,0,0.0,-0.8229838658936564,-0.5680647467311559,1
Multan,2021,35,27.057142857142857,64.27142857142857,51.2,1014.2428571428572,5.514285714285714,0.0,0.0,0.0,39.871428571428574,38.471428571428575,61.5,41.6,35,9,5361898,0,0.0,-0.8854560256532096,-0.4647231720437691,1
Multan,2021,36,23.32857142857143,56.1,50.4,1014.5285714285714,5.414285714285714,0.0,0.0,0.0,37.142857142857146,39.871428571428574,44.3,61.5,36,9,5361898,0,0.0,-0.9350162426854147,-0.3546048870425359,1
Multan,2021,37,24.52857142857143,49.228571428571435,62.5,1013.8857142857142,5.5,0.0,0.0,0.0,27.057142857142857,37.142857142857146,51.2,44.3,37,9,5361898,1,0.6931471805599453,-0.970941817426052,-0.23931566428755774,1
Multan,2021,38,23.928571428571427,58.58571428571429,80.0,1014.1142857142858,5.7,1.0,0.0,0.0,23.32857142857143,27.057142857142857,50.4,51.2,38,9,5361898,6,1.9459101490553132,-0.992708874098054,-0.12053668025532357,1
Multan,2021,39,23.057142857142857,54.214285714285715,44.1,1015.8571428571428,5.185714285714285,6.0,1.0,0.0,24.52857142857143,23.32857142857143,62.5,50.4,39,10,5361898,17,2.8903717578961645,-1.0,-1.8369701987210297e-16,1
Multan,2021,40,25.042857142857144,57.714285714285715,22.1,1015.9285714285714,5.7,17.0,6.0,1.0,23.928571428571427,24.52857142857143,80.0,62.5,40,10,5361898,21,3.091042453358316,-0.992708874098054,0.1205366802553232,1
Multan,2021,41,21.457142857142856,51.68571428571427,14.3,1015.4,5.371428571428572,21.0,17.0,6.0,23.057142857142857,23.928571428571427,44.1,80.0,41,10,5361898,41,3.737669618283368,-0.9709418174260521,0.23931566428755738,1
Multan,2021,42,22.557142857142857,51.08571428571429,14.4,1016.3857142857142,3.914285714285714,41.0,21.0,17.0,25.042857142857144,23.057142857142857,22.1,44.1,42,10,5361898,55,4.02535169073515,-0.9350162426854148,0.35460488704253557,1
Multan,2021,43,22.728571428571428,55.08571428571429,25.6,1017.2428571428572,5.128571428571428,55.0,41.0,21.0,21.457142857142856,25.042857142857144,14.3,22.1,43,10,5361898,57,4.060443010546419,-0.8854560256532101,0.464723172043768,1
Multan,2021,44,24.885714285714283,46.028571428571425,21.3,1014.3714285714286,5.071428571428571,57.0,55.0,41.0,22.557142857142857,21.457142857142856,14.4,14.3,44,11,5361898,42,3.7612001156935624,-0.822983865893657,0.5680647467311548,0
Multan,2021,45,23.52857142857143,53.5,17.9,1013.5,5.057142857142857,42.0,57.0,55.0,22.728571428571428,22.557142857142857,25.6,14.4,45,11,5361898,37,3.6375861597263857,-0.7485107481711011,0.6631226582407953,0
Multan,2021,46,25.485714285714288,52.25714285714286,13.3,1012.2857142857144,4.3,37.0,42.0,57.0,24.885714285714283,22.728571428571428,21.3,25.6,46,11,5361898,23,3.1780538303479458,-0.6631226582407956,0.7485107481711007,0
Multan,2021,47,22.485714285714288,54.128571428571426,18.799999999999997,1016.0285714285714,4.428571428571429,23.0,37.0,42.0,23.52857142857143,24.885714285714283,17.9,21.3,47,11,5361898,16,2.833213344056216,-0.5680647467311559,0.8229838658936564,0
Multan,2021,48,19.8,50.6,11.7,1015.9714285714286,5.257142857142857,16.0,23.0,37.0,25.485714285714288,23.52857142857143,13.3,17.9,48,12,5361898,7,2.0794415416798357,-0.4647231720437684,0.88545602565321,0
Multan,2021,49,15.728571428571428,60.042857142857144,14.9,1015.0714285714286,4.914285714285714,7.0,16.0,23.0,22.485714285714288,25.485714285714288,18.799999999999997,13.3,49,12,5361898,3,1.3862943611198906,-0.35460488704253595,0.9350162426854147,0
Multan,2021,50,15.828571428571427,51.18571428571429,11.6,1012.7571428571428,4.557142857142858,3.0,7.0,16.0,19.8,22.485714285714288,11.7,18.799999999999997,50,12,5361898,2,1.0986122886681098,-0.2393156642875578,0.970941817426052,0
Multan,2021,51,16.728571428571428,59.05714285714286,16.6,1014.8714285714286,5.471428571428571,2.0,3.0,7.0,15.728571428571428,19.8,14.9,11.7,51,12,5361898,1,0.6931471805599453,-0.12053668025532363,0.992708874098054,0
Multan,2021,52,14.32,54.6,22.8,1015.4,4.04,1.0,2.0,3.0,15.828571428571427,15.728571428571428,11.6,14.9,52,12,5361898,0,0.0,6.432490598706546e-16,1.0,0
Multan,2021,53,15.0,63.70000000000001,5.8,1012.8,5.6000000000000005,0.0,1.0,2.0,16.728571428571428,15.828571428571427,16.6,11.6,53,1,5361898,0,0.0,0.12053668025532314,0.992708874098054,0
Multan,2022,1,14.857142857142858,58.01428571428572,21.8,1014.8714285714286,3.9,0.0,0.0,1.0,14.32,16.728571428571428,22.8,16.6,1,1,5361898,0,0.0,0.12053668025532305,0.992708874098054,0
Multan,2022,2,14.457142857142856,64.71428571428571,19.4,1016.1428571428572,4.3,0.0,0.0,0.0,15.0,14.32,5.8,22.8,2,1,5361898,0,0.0,0.23931566428755774,0.970941817426052,0
Multan,2022,3,16.04285714285714,57.271428571428565,9.4,1015.2714285714284,5.314285714285715,0.0,0.0,0.0,14.857142857142858,15.0,21.8,5.8,3,1,5361898,0,0.0,0.3546048870425356,0.9350162426854148,0
Multan,2022,4,16.442857142857143,61.82857142857143,18.9,1014.8,5.442857142857143,0.0,0.0,0.0,14.457142857142856,14.857142857142858,19.4,21.8,4,1,5361898,0,0.0,0.4647231720437685,0.8854560256532099,0
Multan,2022,5,16.857142857142858,45.871428571428574,18.4,1016.3285714285714,4.085714285714285,0.0,0.0,0.0,16.04285714285714,14.457142857142856,9.4,19.4,5,2,5361898,0,0.0,0.5680647467311558,0.8229838658936564,0
Multan,2022,6,16.97142857142857,62.8,19.8,1014.4857142857144,4.585714285714286,0.0,0.0,0.0,16.442857142857143,16.04285714285714,18.9,9.4,6,2,5361898,0,0.0,0.6631226582407952,0.7485107481711011,0
Multan,2022,7,14.985714285714286,49.75714285714286,15.0,1015.1857142857144,6.042857142857143,0.0,0.0,0.0,16.857142857142858,16.442857142857143,18.4,18.9,7,2,5361898,0,0.0,0.7485107481711011,0.6631226582407953,0
Multan,2022,8,14.3,47.028571428571425,11.3,1015.657142857143,4.771428571428571,0.0,0.0,0.0,16.97142857142857,16.857142857142858,19.8,18.4,8,2,5361898,0,0.0,0.8229838658936564,0.5680647467311558,0
Multan,2022,9,26.17142857142857,61.285714285714285,17.5,1014.157142857143,4.6571428571428575,0.0,0.0,0.0,14.985714285714286,16.97142857142857,15.0,19.8,9,3,5361898,0,0.0,0.8854560256532098,0.4647231720437686,0
Multan,2022,10,26.985714285714288,48.1,10.8,1016.7285714285716,6.328571428571428,0.0,0.0,0.0,14.3,14.985714285714286,11.3,15.0,10,3,5361898,0,0.0,0.9350162426854148,0.35460488704253557,0
Multan,2022,11,28.014285714285712,51.385714285714286,11.7,1014.2285714285716,4.785714285714286,0.0,0.0,0.0,26.17142857142857,14.3,17.5,11.3,11,3,5361898,0,0.0,0.970941817426052,0.23931566428755804,0
Multan,2022,12,27.67142857142857,56.34285714285714,21.2,1014.5,4.471428571428571,0.0,0.0,0.0,26.985714285714288,26.17142857142857,10.8,17.5,12,3,5361898,0,0.0,0.992708874098054,0.120536680255323,0
Multan,2022,13,28.071428571428573,56.07142857142857,22.5,1015.3857142857142,4.385714285714285,0.0,0.0,0.0,28.014285714285712,26.985714285714288,11.7,10.8,13,4,5361898,1,0.6931471805599453,1.0,-1.6081226496766366e-16,0
Multan,2022,14,27.02857142857143,59.028571428571425,21.0,1016.2714285714284,4.514285714285714,1.0,0.0,0.0,27.67142857142857,28.014285714285712,21.2,11.7,14,4,5361898,1,0.6931471805599453,0.992708874098054,-0.12053668025532288,0
Multan,2022,15,26.942857142857143,65.75714285714285,28.2,1013.6428571428572,4.442857142857143,1.0,1.0,0.0,28.071428571428573,27.67142857142857,22.5,21.2,15,4,5361898,2,1.0986122886681098,0.9709418174260521,-0.2393156642875575,0
Multan,2022,16,27.457142857142856,56.08571428571429,21.4,1015.8142857142856,3.8857142857142857,2.0,1.0,1.0,27.02857142857143,28.071428571428573,21.0,22.5,16,4,5361898,0,0.0,0.9350162426854148,-0.35460488704253545,0
Multan,2022,17,26.885714285714283,58.2,21.5,1016.5428571428572,4.871428571428572,0.0,2.0,1.0,26.942857142857143,27.02857142857143,28.2,21.0,17,5,5361898,1,0.6931471805599453,0.8854560256532099,-0.4647231720437685,0
Multan,2022,18,23.657142857142855,65.3,29.5,1015.4857142857144,5.085714285714286,1.0,0.0,2.0,27.457142857142856,26.942857142857143,21.4,28.2,18,5,5361898,0,0.0,0.8229838658936565,-0.5680647467311557,0
Multan,2022,19,27.542857142857144,44.51428571428572,17.400000000000002,1014.1857142857144,5.3428571428571425,0.0,1.0,0.0,26.885714285714283,27.457142857142856,21.5,21.4,19,5,5361898,0,0.0,0.7485107481711013,-0.6631226582407951,0
Multan,2022,20,28.3,53.42857142857143,12.0,1015.9857142857144,4.3428571428571425,0.0,0.0,1.0,23.657142857142855,26.885714285714283,29.5,21.5,20,5,5361898,0,0.0,0.6631226582407952,-0.7485107481711012,0
Multan,2022,21,26.271428571428572,50.142857142857146,7.5,1015.6285714285714,5.257142857142857,0.0,0.0,0.0,27.542857142857144,23.657142857142855,17.400000000000002,29.5,21,5,5361898,0,0.0,0.5680647467311558,-0.8229838658936564,0
Multan,2022,22,34.114285714285714,53.98571428571428,16.1,1017.157142857143,5.514285714285714,0.0,0.0,0.0,28.3,27.542857142857144,12.0,17.400000000000002,22,6,5361898,0,0.0,0.46472317204376906,-0.8854560256532096,0
Multan,2022,23,36.52857142857143,46.957142857142856,10.8,1015.0285714285714,6.185714285714285,0.0,0.0,0.0,26.271428571428572,28.3,7.5,12.0,23,6,5361898,0,0.0,0.35460488704253584,-0.9350162426854147,0
Multan,2022,24,37.042857142857144,56.714285714285715,19.2,1015.1428571428572,4.485714285714286,0.0,0.0,0.0,34.114285714285714,26.271428571428572,16.1,7.5,24,6,5361898,0,0.0,0.23931566428755768,-0.970941817426052,0
Multan,2022,25,39.2,52.74285714285714,21.4,1014.9142857142856,4.5,0.0,0.0,0.0,36.52857142857143,34.114285714285714,10.8,16.1,25,6,5361898,0,0.0,0.12053668025532308,-0.992708874098054,0
Multan,2022,26,38.857142857142854,50.91428571428571,39.1,1016.2857142857144,4.871428571428572,0.0,0.0,0.0,37.042857142857144,36.52857142857143,19.2,10.8,26,7,5361898,0,0.0,-3.216245299353273e-16,-1.0,1
Multan,2022,27,38.971428571428575,46.25714285714286,82.2,1014.1428571428572,5.242857142857143,0.0,0.0,0.0,39.2,37.042857142857144,21.4,19.2,27,7,5361898,0,0.0,-0.12053668025532283,-0.992708874098054,1
Multan,2022,28,37.68571428571429,69.25714285714285,42.2,1013.7,4.771428571428571,0.0,0.0,0.0,38.857142857142854,39.2,39.1,21.4,28,7,5361898,0,0.0,-0.23931566428755743,-0.9709418174260521,1
Multan,2022,29,38.9,53.6,57.4,1018.0142857142856,5.314285714285715,0.0,0.0,0.0,38.971428571428575,38.857142857142854,82.2,39.1,29,7,5361898,1,0.6931471805599453,-0.3546048870425356,-0.9350162426854148,1
Multan,2022,30,37.25714285714286,50.1,65.4,1016.8571428571428,4.728571428571429,1.0,0.0,0.0,37.68571428571429,38.971428571428575,42.2,82.2,30,7,5361898,1,0.6931471805599453,-0.46472317204376806,-0.8854560256532101,1
Multan,2022,31,38.55714285714286,53.285714285714285,52.7,1014.657142857143,4.714285714285714,1.0,1.0,0.0,38.9,37.68571428571429,57.4,42.2,31,8,5361898,1,0.6931471805599453,-0.5680647467311556,-0.8229838658936565,1
Multan,2022,32,39.17142857142857,53.285714285714285,63.8,1014.3571428571428,5.685714285714285,1.0,1.0,1.0,37.25714285714286,38.9,65.4,57.4,32,8,5361898,4,1.6094379124341005,-0.663122658240795,-0.7485107481711013,1
Multan,2022,33,36.22857142857143,50.57142857142857,56.5,1013.9571428571428,4.4,4.0,1.0,1.0,38.55714285714286,37.25714285714286,52.7,65.4,33,8,5361898,1,0.6931471805599453,-0.7485107481711011,-0.6631226582407952,1
Multan,2022,34,37.457142857142856,53.371428571428574,77.3,1014.9714285714286,5.8,1.0,4.0,1.0,39.17142857142857,38.55714285714286,63.8,52.7,34,8,5361898,4,1.6094379124341005,-0.8229838658936564,-0.5680647467311559,1
Multan,2022,35,30.32857142857143,54.471428571428575,53.6,1015.9571428571428,4.871428571428572,4.0,1.0,4.0,36.22857142857143,39.17142857142857,56.5,63.8,35,9,5361898,12,2.5649493574615367,-0.8854560256532096,-0.4647231720437691,1
Multan,2022,36,22.228571428571428,52.5,65.3,1014.2857142857144,4.728571428571429,12.0,4.0,1.0,37.457142857142856,36.22857142857143,77.3,56.5,36,9,5361898,22,3.1354942159291497,-0.9350162426854147,-0.3546048870425359,1
Multan,2022,37,24.17142857142857,55.714285714285715,58.1,1013.3857142857142,5.128571428571428,22.0,12.0,4.0,30.32857142857143,37.457142857142856,53.6,77.3,37,9,5361898,25,3.258096538021482,-0.970941817426052,-0.23931566428755774,1
Multan,2022,38,22.385714285714283,60.07142857142857,65.9,1014.9142857142856,4.371428571428572,25.0,22.0,12.0,22.228571428571428,30.32857142857143,65.3,53.6,38,9,5361898,48,3.8918202981106265,-0.992708874098054,-0.12053668025532357,1
Multan,2022,39,23.985714285714288,52.471428571428575,32.0,1014.6714285714286,3.6,48.0,25.0,22.0,24.17142857142857,22.228571428571428,58.1,65.3,39,10,5361898,61,4.127134385045092,-1.0,-1.8369701987210297e-16,1
Multan,2022,40,25.857142857142858,53.971428571428575,21.2,1016.4857142857144,5.571428571428571,61.0,48.0,25.0,22.385714285714283,24.17142857142857,65.9,58.1,40,10,5361898,109,4.700480365792417,-0.992708874098054,0.1205366802553232,1
Multan,2022,41,24.47142857142857,54.357142857142854,21.2,1014.1142857142858,5.785714285714286,109.0,61.0,48.0,23.985714285714288,22.385714285714283,32.0,65.9,41,10,5361898,105,4.663439094112067,-0.9709418174260521,0.23931566428755738,1
Multan,2022,42,23.042857142857144,54.8,20.6,1012.5428571428572,6.6000000000000005,105.0,109.0,61.0,25.857142857142858,23.985714285714288,21.2,32.0,42,10,5361898,120,4.795790545596741,-0.9350162426854148,0.35460488704253557,1
Multan,2022,43,24.914285714285715,50.51428571428572,17.5,1015.1857142857144,4.328571428571428,120.0,105.0,109.0,24.47142857142857,25.857142857142858,21.2,21.2,43,10,5361898,166,5.117993812416755,-0.8854560256532101,0.464723172043768,1
Multan,2022,44,24.52857142857143,52.5,19.4,1014.8142857142856,3.7285714285714286,166.0,120.0,105.0,23.042857142857144,24.47142857142857,20.6,21.2,44,11,5361898,167,5.123963979403259,-0.822983865893657,0.5680647467311548,0
Multan,2022,45,23.714285714285715,59.92857142857143,11.1,1016.3571428571428,4.385714285714285,167.0,166.0,120.0,24.914285714285715,23.042857142857144,17.5,20.6,45,11,5361898,79,4.382026634673881,-0.7485107481711011,0.6631226582407953,0
Multan,2022,46,22.042857142857144,61.75714285714286,13.0,1017.2428571428572,4.771428571428571,79.0,167.0,166.0,24.52857142857143,24.914285714285715,19.4,17.5,46,11,5361898,102,4.634728988229636,-0.6631226582407956,0.7485107481711007,0
Multan,2022,47,23.814285714285713,52.942857142857136,26.4,1017.157142857143,4.871428571428572,102.0,79.0,167.0,23.714285714285715,24.52857142857143,11.1,19.4,47,11,5361898,38,3.6635616461296463,-0.5680647467311559,0.8229838658936564,0
Multan,2022,48,18.6,60.042857142857144,14.0,1016.0857142857144,6.285714285714286,38.0,102.0,79.0,22.042857142857144,23.714285714285715,13.0,11.1,48,12,5361898,13,2.6390573296152584,-0.4647231720437684,0.88545602565321,0
Multan,2022,49,15.7,48.34285714285714,19.1,1014.8285714285714,5.271428571428571,13.0,38.0,102.0,23.814285714285713,22.042857142857144,26.4,13.0,49,12,5361898,5,1.791759469228055,-0.35460488704253595,0.9350162426854147,0
Multan,2022,50,15.05714285714286,52.114285714285714,10.5,1014.5428571428572,4.8,5.0,13.0,38.0,18.6,23.814285714285713,14.0,26.4,50,12,5361898,4,1.6094379124341005,-0.2393156642875578,0.970941817426052,0
Multan,2022,51,16.54285714285714,51.057142857142864,17.8,1015.9857142857144,3.8285714285714287,4.0,5.0,13.0,15.7,18.6,19.1,14.0,51,12,5361898,9,2.302585092994046,-0.12053668025532363,0.992708874098054,0
Multan,2022,52,18.8125,60.8625,19.1,1016.5625,5.5125,9.0,4.0,5.0,15.05714285714286,15.7,10.5,19.1,52,1,5361898,2,1.0986122886681098,6.432490598706546e-16,1.0,0
Multan,2023,1,16.02857142857143,57.8,25.7,1014.5142857142856,5.828571428571428,2.0,9.0,4.0,16.54285714285714,15.05714285714286,17.8,10.5,1,1,5361898,0,0.0,0.12053668025532305,0.992708874098054,0
Multan,2023,2,16.15714285714286,54.25714285714286,19.7,1014.6428571428572,4.3,0.0,2.0,9.0,18.8125,16.54285714285714,19.1,17.8,2,1,5361898,0,0.0,0.23931566428755774,0.970941817426052,0
Multan,2023,3,17.114285714285717,49.51428571428572,13.9,1016.3571428571428,5.385714285714286,0.0,0.0,2.0,16.02857142857143,18.8125,25.7,19.1,3,1,5361898,1,0.6931471805599453,0.3546048870425356,0.9350162426854148,0
Multan,2023,4,15.614285714285714,52.971428571428575,25.9,1015.842857142857,4.742857142857143,1.0,0.0,0.0,16.15714285714286,16.02857142857143,19.7,25.7,4,1,5361898,0,0.0,0.4647231720437685,0.8854560256532099,0
Multan,2023,5,15.44285714285714,61.114285714285714,14.2,1015.6428571428572,5.185714285714285,0.0,1.0,0.0,17.114285714285717,16.15714285714286,13.9,19.7,5,2,5361898,0,0.0,0.5680647467311558,0.8229838658936564,0
Multan,2023,6,13.171428571428573,51.51428571428572,15.5,1013.1285714285714,5.0,0.0,0.0,1.0,15.614285714285714,17.114285714285717,25.9,13.9,6,2,5361898,0,0.0,0.6631226582407952,0.7485107481711011,0
Multan,2023,7,16.47142857142857,55.714285714285715,31.8,1013.6714285714286,5.757142857142857,0.0,0.0,0.0,15.44285714285714,15.614285714285714,14.2,25.9,7,2,5361898,0,0.0,0.7485107481711011,0.6631226582407953,0
Multan,2023,8,16.271428571428572,52.285714285714285,15.7,1015.3714285714286,5.1571428571428575,0.0,0.0,0.0,13.171428571428573,15.44285714285714,15.5,14.2,8,2,5361898,0,0.0,0.8229838658936564,0.5680647467311558,0
Multan,2023,9,24.6,58.92857142857143,19.3,1014.3857142857142,5.085714285714286,0.0,0.0,0.0,16.47142857142857,13.171428571428573,31.8,15.5,9,3,5361898,0,0.0,0.8854560256532098,0.4647231720437686,0
Multan,2023,10,27.7,60.285714285714285,7.0,1015.9142857142856,4.457142857142857,0.0,0.0,0.0,16.271428571428572,16.47142857142857,15.7,31.8,10,3,5361898,0,0.0,0.9350162426854148,0.35460488704253557,0
Multan,2023,11,28.88571428571429,63.042857142857144,13.0,1017.2428571428572,4.3,0.0,0.0,0.0,24.6,16.271428571428572,19.3,15.7,11,3,5361898,0,0.0,0.970941817426052,0.23931566428755804,0
Multan,2023,12,26.114285714285717,53.37142857142857,13.6,1016.1857142857144,5.242857142857143,0.0,0.0,0.0,27.7,24.6,7.0,19.3,12,3,5361898,0,0.0,0.992708874098054,0.120536680255323,0
Multan,2023,13,26.32857142857143,61.371428571428574,20.0,1014.2428571428572,5.0,0.0,0.0,0.0,28.88571428571429,27.7,13.0,7.0,13,4,5361898,0,0.0,1.0,-1.6081226496766366e-16,0
Multan,2023,14,26.114285714285717,58.1,21.9,1014.7714285714284,4.485714285714286,0.0,0.0,0.0,26.114285714285717,28.88571428571429,13.6,13.0,14,4,5361898,0,0.0,0.992708874098054,-0.12053668025532288,0
Multan,2023,15,26.17142857142857,62.55714285714286,14.4,1015.7285714285716,4.8428571428571425,0.0,0.0,0.0,26.32857142857143,26.114285714285717,20.0,13.6,15,4,5361898,0,0.0,0.9709418174260521,-0.2393156642875575,0
Multan,2023,16,26.357142857142858,46.042857142857144,12.8,1014.5857142857144,4.985714285714286,0.0,0.0,0.0,26.114285714285717,26.32857142857143,21.9,20.0,16,4,5361898,1,0.6931471805599453,0.9350162426854148,-0.35460488704253545,0
Multan,2023,17,27.457142857142856,54.25714285714286,10.5,1015.7142857142856,4.757142857142857,1.0,0.0,0.0,26.17142857142857,26.114285714285717,14.4,21.9,17,4,5361898,0,0.0,0.8854560256532099,-0.4647231720437685,0
Multan,2023,18,28.314285714285713,65.31428571428572,23.0,1014.6857142857144,4.185714285714286,0.0,1.0,0.0,26.357142857142858,26.17142857142857,12.8,14.4,18,5,5361898,2,1.0986122886681098,0.8229838658936565,-0.5680647467311557,0
Multan,2023,19,26.957142857142856,48.01428571428572,13.2,1014.4428571428572,4.828571428571428,2.0,0.0,1.0,27.457142857142856,26.357142857142858,10.5,12.8,19,5,5361898,0,0.0,0.7485107481711013,-0.6631226582407951,0
Multan,2023,20,27.17142857142857,51.871428571428574,16.599999999999998,1014.0285714285714,4.3999999999999995,0.0,2.0,0.0,28.314285714285713,27.457142857142856,23.0,10.5,20,5,5361898,2,1.0986122886681098,0.6631226582407952,-0.7485107481711012,0
Multan,2023,21,28.7,50.98571428571428,5.2,1016.0,5.3428571428571425,2.0,0.0,2.0,26.957142857142856,28.314285714285713,13.2,23.0,21,5,5361898,3,1.3862943611198906,0.5680647467311558,-0.8229838658936564,0
Multan,2023,22,33.528571428571425,60.32857142857142,18.5,1013.4428571428572,5.242857142857143,3.0,2.0,0.0,27.17142857142857,26.957142857142856,16.599999999999998,13.2,22,6,5361898,0,0.0,0.46472317204376906,-0.8854560256532096,0
Multan,2023,23,37.0,52.371428571428574,11.0,1016.8714285714286,5.457142857142857,0.0,3.0,2.0,28.7,27.17142857142857,5.2,16.599999999999998,23,6,5361898,0,0.0,0.35460488704253584,-0.9350162426854147,0
Multan,2023,24,38.41428571428571,51.32857142857143,14.4,1015.5,5.228571428571429,0.0,0.0,3.0,33.528571428571425,28.7,18.5,5.2,24,6,5361898,1,0.6931471805599453,0.23931566428755768,-0.970941817426052,0
Multan,2023,25,37.82857142857143,52.5,12.9,1014.1857142857144,5.114285714285714,1.0,0.0,0.0,37.0,33.528571428571425,11.0,18.5,25,6,5361898,9,2.302585092994046,0.12053668025532308,-0.992708874098054,0
Multan,2023,26,37.614285714285714,57.114285714285714,16.8,1014.4714285714286,5.3428571428571425,9.0,1.0,0.0,38.41428571428571,37.0,14.4,11.0,26,7,5361898,14,2.70805020110221,-3.216245299353273e-16,-1.0,1
Multan,2023,27,38.714285714285715,48.48571428571428,38.9,1015.9571428571428,5.328571428571428,14.0,9.0,1.0,37.82857142857143,38.41428571428571,12.9,14.4,27,7,5361898,7,2.0794415416798357,-0.12053668025532283,-0.992708874098054,1
Multan,2023,28,39.0,55.05714285714286,40.9,1015.0142857142856,4.328571428571428,7.0,14.0,9.0,37.614285714285714,37.82857142857143,16.8,12.9,28,7,5361898,12,2.5649493574615367,-0.23931566428755743,-0.9709418174260521,1
Multan,2023,29,36.65714285714286,56.24285714285715,81.8,1015.8,5.785714285714286,12.0,7.0,14.0,38.714285714285715,37.614285714285714,38.9,16.8,29,7,5361898,13,2.6390573296152584,-0.3546048870425356,-0.9350162426854148,1
Multan,2023,30,37.68571428571429,60.57142857142857,42.8,1015.1285714285714,5.7,13.0,12.0,7.0,39.0,38.714285714285715,40.9,38.9,30,7,5361898,7,2.0794415416798357,-0.46472317204376806,-0.8854560256532101,1
Multan,2023,31,36.74285714285714,72.62857142857142,62.6,1012.2142857142856,4.885714285714286,7.0,13.0,12.0,36.65714285714286,39.0,81.8,40.9,31,8,5361898,26,3.295836866004329,-0.5680647467311556,-0.8229838658936565,1
Multan,2023,32,37.68571428571429,51.4,52.7,1015.2857142857144,4.614285714285714,26.0,7.0,13.0,37.68571428571429,36.65714285714286,42.8,81.8,32,8,5361898,11,2.4849066497880004,-0.663122658240795,-0.7485107481711013,1
Multan,2023,33,36.87142857142857,59.457142857142856,59.7,1015.4714285714286,4.771428571428571,11.0,26.0,7.0,36.74285714285714,37.68571428571429,62.6,42.8,33,8,5361898,14,2.70805020110221,-0.7485107481711011,-0.6631226582407952,1
Multan,2023,34,39.18571428571429,51.1,54.5,1017.2142857142856,4.628571428571428,14.0,11.0,26.0,37.68571428571429,36.74285714285714,52.7,62.6,34,8,5361898,14,2.70805020110221,-0.8229838658936564,-0.5680647467311559,1
Multan,2023,35,33.41428571428572,59.371428571428574,60.3,1016.5285714285714,4.485714285714286,14.0,14.0,11.0,36.87142857142857,37.68571428571429,59.7,52.7,35,9,5361898,16,2.833213344056216,-0.8854560256532096,-0.4647231720437691,1
Multan,2023,36,23.4,46.98571428571428,77.6,1012.8285714285714,5.642857142857143,16.0,14.0,14.0,39.18571428571429,36.87142857142857,54.5,59.7,36,9,5361898,41,3.737669618283368,-0.9350162426854147,-0.3546048870425359,1
Multan,2023,37,25.2,60.357142857142854,79.8,1015.3,5.528571428571429,41.0,16.0,14.0,33.41428571428572,39.18571428571429,60.3,54.5,37,9,5361898,61,4.127134385045092,-0.970941817426052,-0.23931566428755774,1
Multan,2023,38,24.985714285714288,52.5,67.0,1016.4285714285714,5.6571428571428575,61.0,41.0,16.0,23.4,33.41428571428572,77.6,60.3,38,9,5361898,75,4.330733340286331,-0.992708874098054,-0.12053668025532357,1
Multan,2023,39,21.32857142857143,45.785714285714285,26.1,1013.9571428571428,5.785714285714286,75.0,61.0,41.0,25.2,23.4,79.8,77.6,39,10,5361898,39,3.688879454113936,-1.0,-1.8369701987210297e-16,1
Multan,2023,40,24.428571428571427,45.18571428571429,35.4,1016.7,4.785714285714286,39.0,75.0,61.0,24.985714285714288,25.2,67.0,79.8,40,10,5361898,52,3.970291913552122,-0.992708874098054,0.1205366802553232,1
Multan,2023,41,23.885714285714283,51.65714285714286,11.2,1012.5428571428572,4.914285714285714,52.0,39.0,75.0,21.32857142857143,24.985714285714288,26.1,67.0,41,10,5361898,47,3.871201010907891,-0.9709418174260521,0.23931566428755738,1
Multan,2023,42,25.142857142857142,61.471428571428575,14.6,1014.7571428571428,4.314285714285714,47.0,52.0,39.0,24.428571428571427,21.32857142857143,35.4,26.1,42,10,5361898,62,4.143134726391533,-0.9350162426854148,0.35460488704253557,1
Multan,2023,43,24.685714285714287,54.5,9.3,1016.4,3.7,62.0,47.0,52.0,23.885714285714283,24.428571428571427,11.2,35.4,43,10,5361898,37,3.6375861597263857,-0.8854560256532101,0.464723172043768,1
Multan,2023,44,22.542857142857144,58.81428571428571,27.9,1016.3714285714286,4.6571428571428575,37.0,62.0,47.0,25.142857142857142,23.885714285714283,14.6,11.2,44,11,5361898,41,3.737669618283368,-0.822983865893657,0.5680647467311548,0
Multan,2023,45,25.442857142857143,49.1,22.5,1018.1714285714286,5.285714285714286,41.0,37.0,62.0,24.685714285714287,25.142857142857142,9.3,14.6,45,11,5361898,43,3.784189633918261,-0.7485107481711011,0.6631226582407953,0
Multan,2023,46,23.62857142857143,53.48571428571428,13.3,1014.8571428571428,4.742857142857143,43.0,41.0,37.0,22.542857142857144,24.685714285714287,27.9,9.3,46,11,5361898,69,4.248495242049359,-0.6631226582407956,0.7485107481711007,0
Multan,2023,47,21.985714285714288,51.15714285714286,21.7,1015.2571428571428,5.371428571428572,69.0,43.0,41.0,25.442857142857143,22.542857142857144,22.5,27.9,47,11,5361898,28,3.367295829986474,-0.5680647467311559,0.8229838658936564,0
Multan,2023,48,19.885714285714283,58.214285714285715,11.9,1013.8142857142856,4.085714285714286,28.0,69.0,43.0,23.62857142857143,25.442857142857143,13.3,22.5,48,12,5361898,28,3.367295829986474,-0.4647231720437684,0.88545602565321,0
Multan,2023,49,18.214285714285715,47.68571428571429,22.6,1014.6714285714286,5.0,28.0,28.0,69.0,21.985714285714288,23.62857142857143,21.7,13.3,49,12,5361898,19,2.995732273553991,-0.35460488704253595,0.9350162426854147,0
Multan,2023,50,15.3,56.95714285714286,22.6,1016.2285714285716,4.685714285714285,19.0,28.0,28.0,19.885714285714283,21.985714285714288,11.9,21.7,50,12,5361898,11,2.4849066497880004,-0.2393156642875578,0.970941817426052,0
Multan,2023,51,16.228571428571428,64.85714285714286,22.6,1015.6285714285714,5.014285714285714,11.0,19.0,28.0,18.214285714285715,19.885714285714283,22.6,11.9,51,12,5361898,6,1.9459101490553132,-0.12053668025532363,0.992708874098054,0
Multan,2023,52,16.4625,57.275,21.9,1016.05,4.6125,6.0,11.0,19.0,15.3,18.214285714285715,22.6,22.6,52,1,5361898,0,0.0,6.432490598706546e-16,1.0,0
Multan,2024,1,14.011111111111113,55.166666666666664,16.1,1013.7222222222222,4.966666666666667,0.0,6.0,11.0,16.228571428571428,15.3,22.6,22.6,1,1,5361898,0,0.0,0.12053668025532305,0.992708874098054,0
Multan,2024,2,16.914285714285715,62.82857142857143,13.6,1015.2714285714284,5.6000000000000005,0.0,0.0,6.0,16.4625,16.228571428571428,21.9,22.6,2,1,5361898,0,0.0,0.23931566428755774,0.970941817426052,0
Multan,2024,3,15.814285714285711,63.6,26.5,1015.8285714285714,4.728571428571429,0.0,0.0,0.0,14.011111111111113,16.4625,16.1,21.9,3,1,5361898,0,0.0,0.3546048870425356,0.9350162426854148,0
Multan,2024,4,16.5,46.8,15.8,1014.9714285714286,4.714285714285714,0.0,0.0,0.0,16.914285714285715,14.011111111111113,13.6,16.1,4,1,5361898,0,0.0,0.4647231720437685,0.8854560256532099,0
Multan,2024,5,16.014285714285712,56.028571428571425,11.7,1014.4571428571428,3.3,0.0,0.0,0.0,15.814285714285711,16.914285714285715,26.5,13.6,5,2,5361898,0,0.0,0.5680647467311558,0.8229838658936564,0
Multan,2024,6,15.171428571428573,48.82857142857143,21.7,1015.657142857143,3.5,0.0,0.0,0.0,16.5,15.814285714285711,15.8,26.5,6,2,5361898,1,0.6931471805599453,0.6631226582407952,0.7485107481711011,0
Multan,2024,7,14.857142857142858,51.542857142857144,29.7,1014.2571428571428,4.957142857142857,1.0,0.0,0.0,16.014285714285712,16.5,11.7,15.8,7,2,5361898,0,0.0,0.7485107481711011,0.6631226582407953,0
Multan,2024,8,15.985714285714286,56.871428571428574,19.9,1015.5,4.871428571428572,0.0,1.0,0.0,15.171428571428573,16.014285714285712,21.7,11.7,8,2,5361898,0,0.0,0.8229838658936564,0.5680647467311558,0
Multan,2024,9,21.542857142857144,58.885714285714286,14.8,1013.7,5.042857142857143,0.0,0.0,1.0,14.857142857142858,15.171428571428573,29.7,21.7,9,3,5361898,0,0.0,0.8854560256532098,0.4647231720437686,0
Multan,2024,10,26.214285714285715,52.8,9.3,1015.2714285714284,4.642857142857143,0.0,0.0,0.0,15.985714285714286,14.857142857142858,19.9,29.7,10,3,5361898,0,0.0,0.9350162426854148,0.35460488704253557,0
Multan,2024,11,27.3,50.31428571428571,11.1,1015.5857142857144,5.585714285714286,0.0,0.0,0.0,21.542857142857144,15.985714285714286,14.8,19.9,11,3,5361898,0,0.0,0.970941817426052,0.23931566428755804,0
Multan,2024,12,30.228571428571428,54.67142857142857,13.8,1015.0,4.385714285714286,0.0,0.0,0.0,26.214285714285715,21.542857142857144,9.3,14.8,12,3,5361898,0,0.0,0.992708874098054,0.120536680255323,0
Multan,2024,13,26.25714285714286,54.02857142857143,13.7,1014.1428571428572,5.228571428571429,0.0,0.0,0.0,27.3,26.214285714285715,11.1,9.3,13,3,5361898,0,0.0,1.0,-1.6081226496766366e-16,0
Multan,2024,14,26.885714285714283,56.58571428571429,15.6,1016.3571428571428,4.557142857142857,0.0,0.0,0.0,30.228571428571428,27.3,13.8,11.1,14,4,5361898,0,0.0,0.992708874098054,-0.12053668025532288,0
Multan,2024,15,25.342857142857145,62.82857142857143,16.4,1013.4142857142856,4.571428571428571,0.0,0.0,0.0,26.25714285714286,30.228571428571428,13.7,13.8,15,4,5361898,0,0.0,0.9709418174260521,-0.2393156642875575,0
Multan,2024,16,28.542857142857144,50.34285714285715,18.3,1016.3285714285714,4.828571428571428,0.0,0.0,0.0,26.885714285714283,26.25714285714286,15.6,13.7,16,4,5361898,0,0.0,0.9350162426854148,-0.35460488704253545,0
Multan,2024,17,25.47142857142857,66.8,18.3,1014.2571428571428,5.557142857142857,0.0,0.0,0.0,25.342857142857145,26.885714285714283,16.4,15.6,17,4,5361898,0,0.0,0.8854560256532099,-0.4647231720437685,0
Multan,2024,18,28.285714285714285,55.628571428571426,16.0,1013.7571428571428,5.885714285714286,0.0,0.0,0.0,28.542857142857144,25.342857142857145,18.3,16.4,18,5,5361898,0,0.0,0.8229838658936565,-0.5680647467311557,0
Multan,2024,19,27.87142857142857,45.42857142857143,22.5,1014.3714285714286,4.4714285714285715,0.0,0.0,0.0,25.47142857142857,28.542857142857144,18.3,18.3,19,5,5361898,0,0.0,0.7485107481711013,-0.6631226582407951,0
Multan,2024,20,27.357142857142858,44.74285714285714,18.9,1014.9571428571428,4.714285714285714,0.0,0.0,0.0,28.285714285714285,25.47142857142857,16.0,18.3,20,5,5361898,1,0.6931471805599453,0.6631226582407952,-0.7485107481711012,0
Multan,2024,21,25.685714285714283,64.24285714285715,13.6,1015.1714285714286,5.857142857142857,1.0,0.0,0.0,27.87142857142857,28.285714285714285,22.5,16.0,21,5,5361898,0,0.0,0.5680647467311558,-0.8229838658936564,0
Multan,2024,22,30.642857142857142,63.114285714285714,22.8,1015.6857142857144,4.871428571428572,0.0,1.0,0.0,27.357142857142858,27.87142857142857,18.9,22.5,22,6,5361898,0,0.0,0.46472317204376906,-0.8854560256532096,0
Multan,2024,23,38.1,53.44285714285714,9.1,1013.7142857142856,5.671428571428572,0.0,0.0,1.0,25.685714285714283,27.357142857142858,13.6,18.9,23,6,5361898,0,0.0,0.35460488704253584,-0.9350162426854147,0
Multan,2024,24,36.34285714285714,62.74285714285714,12.4,1013.6714285714286,4.757142857142857,0.0,0.0,0.0,30.642857142857142,25.685714285714283,22.8,13.6,24,6,5361898,0,0.0,0.23931566428755768,-0.970941817426052,0
Multan,2024,25,39.24285714285714,64.71428571428571,22.7,1012.2714285714284,6.542857142857143,0.0,0.0,0.0,38.1,30.642857142857142,9.1,22.8,25,6,5361898,0,0.0,0.12053668025532308,-0.992708874098054,0
Multan,2024,26,37.642857142857146,59.228571428571435,16.3,1015.4714285714286,4.114285714285715,0.0,0.0,0.0,36.34285714285714,38.1,12.4,9.1,26,6,5361898,0,0.0,-3.216245299353273e-16,-1.0,0
Multan,2024,27,38.44285714285714,54.51428571428572,45.1,1015.842857142857,4.828571428571428,0.0,0.0,0.0,39.24285714285714,36.34285714285714,22.7,12.4,27,7,5361898,0,0.0,-0.12053668025532283,-0.992708874098054,1
Multan,2024,28,37.92857142857143,50.142857142857146,44.7,1014.2714285714284,4.3,0.0,0.0,0.0,37.642857142857146,39.24285714285714,16.3,22.7,28,7,5361898,0,0.0,-0.23931566428755743,-0.9709418174260521,1
Multan,2024,29,38.9,59.05714285714286,56.099999999999994,1015.4571428571428,4.771428571428571,0.0,0.0,0.0,38.44285714285714,37.642857142857146,45.1,16.3,29,7,5361898,0,0.0,-0.3546048870425356,-0.9350162426854148,1
Multan,2024,30,37.1,55.57142857142857,33.4,1014.7428571428572,3.957142857142857,0.0,0.0,0.0,37.92857142857143,38.44285714285714,44.7,45.1,30,7,5361898,0,0.0,-0.46472317204376806,-0.8854560256532101,1
Multan,2024,31,38.885714285714286,64.55714285714285,79.3,1016.3142857142856,4.3428571428571425,0.0,0.0,0.0,38.9,37.92857142857143,56.099999999999994,44.7,31,8,5361898,0,0.0,-0.5680647467311556,-0.8229838658936565,1
Multan,2024,32,37.957142857142856,56.34285714285714,52.6,1016.6285714285714,5.671428571428572,0.0,0.0,0.0,37.1,38.9,33.4,56.099999999999994,32,8,5361898,0,0.0,-0.663122658240795,-0.7485107481711013,1
Multan,2024,33,38.98571428571428,52.871428571428574,27.9,1014.4571428571428,4.742857142857143,0.0,0.0,0.0,38.885714285714286,37.1,79.3,33.4,33,8,5361898,0,0.0,-0.7485107481711011,-0.6631226582407952,1
Multan,2024,34,37.6,53.271428571428565,60.2,1015.3857142857142,4.4714285714285715,0.0,0.0,0.0,37.957142857142856,38.885714285714286,52.6,79.3,34,8,5361898,0,0.0,-0.8229838658936564,-0.5680647467311559,1
Multan,2024,35,35.84285714285714,54.92857142857143,71.2,1015.1285714285714,5.214285714285714,0.0,0.0,0.0,38.98571428571428,37.957142857142856,27.9,52.6,35,9,5361898,0,0.0,-0.8854560256532096,-0.4647231720437691,1
Multan,2024,36,23.7,58.82857142857143,54.1,1015.4428571428572,5.3999999999999995,0.0,0.0,0.0,37.6,38.98571428571428,60.2,27.9,36,9,5361898,0,0.0,-0.9350162426854147,-0.3546048870425359,1
Multan,2024,37,24.514285714285712,55.4,40.5,1015.3142857142856,4.328571428571428,0.0,0.0,0.0,35.84285714285714,37.6,71.2,60.2,37,9,5361898,0,0.0,-0.970941817426052,-0.23931566428755774,1
Multan,2024,38,24.042857142857144,52.34285714285715,58.5,1015.6428571428572,5.257142857142857,0.0,0.0,0.0,23.7,35.84285714285714,54.1,71.2,38,9,5361898,0,0.0,-0.992708874098054,-0.12053668025532357,1
Multan,2024,39,23.585714285714285,60.357142857142854,38.1,1013.8285714285714,6.485714285714286,0.0,0.0,0.0,24.514285714285712,23.7,40.5,54.1,39,9,5361898,0,0.0,-1.0,-1.8369701987210297e-16,1
Multan,2024,40,22.957142857142856,56.728571428571435,10.9,1014.2571428571428,4.614285714285714,0.0,0.0,0.0,24.042857142857144,24.514285714285712,58.5,40.5,40,10,5361898,0,0.0,-0.992708874098054,0.1205366802553232,1
Multan,2024,41,24.885714285714283,47.857142857142854,26.9,1016.1285714285714,5.057142857142857,0.0,0.0,0.0,23.585714285714285,24.042857142857144,38.1,58.5,41,10,5361898,1,0.6931471805599453,-0.9709418174260521,0.23931566428755738,1
Multan,2024,42,23.814285714285713,58.3,9.6,1014.3714285714286,5.514285714285714,1.0,0.0,0.0,22.957142857142856,23.585714285714285,10.9,38.1,42,10,5361898,0,0.0,-0.9350162426854148,0.35460488704253557,1
Multan,2024,43,21.657142857142855,53.51428571428572,15.2,1015.1428571428572,5.542857142857143,0.0,1.0,0.0,24.885714285714283,22.957142857142856,26.9,10.9,43,10,5361898,0,0.0,-0.8854560256532101,0.464723172043768,1
Multan,2024,44,23.157142857142855,56.857142857142854,17.1,1013.1285714285714,6.714285714285714,0.0,0.0,1.0,23.814285714285713,24.885714285714283,9.6,26.9,44,11,5361898,6,1.9459101490553132,-0.822983865893657,0.5680647467311548,0
Multan,2024,45,22.514285714285712,56.214285714285715,10.7,1015.5285714285714,5.7,6.0,0.0,0.0,21.657142857142855,23.814285714285713,15.2,9.6,45,11,5361898,2,1.0986122886681098,-0.7485107481711011,0.6631226582407953,0
Multan,2024,46,24.02857142857143,52.07142857142857,20.5,1015.1428571428572,5.214285714285714,2.0,6.0,0.0,23.157142857142855,21.657142857142855,17.1,15.2,46,11,5361898,1,0.6931471805599453,-0.6631226582407956,0.7485107481711007,0
Multan,2024,47,21.414285714285715,40.25714285714286,22.8,1015.5142857142856,4.214285714285714,1.0,2.0,6.0,22.514285714285712,23.157142857142855,10.7,17.1,47,11,5361898,0,0.0,-0.5680647467311559,0.8229838658936564,0
Multan,2024,48,22.62857142857143,58.41428571428571,25.7,1014.7714285714284,5.142857142857143,0.0,1.0,2.0,24.02857142857143,22.514285714285712,20.5,10.7,48,12,5361898,1,0.6931471805599453,-0.4647231720437684,0.88545602565321,0
Multan,2024,49,15.014285714285714,58.885714285714286,23.2,1013.3714285714286,4.4714285714285715,1.0,0.0,1.0,21.414285714285715,24.02857142857143,22.8,20.5,49,12,5361898,6,1.9459101490553132,-0.35460488704253595,0.9350162426854147,0
Multan,2024,50,16.142857142857142,55.2,25.3,1015.9428571428572,3.4714285714285715,6.0,1.0,0.0,22.62857142857143,21.414285714285715,25.7,22.8,50,12,5361898,6,1.9459101490553132,-0.2393156642875578,0.970941817426052,0
Multan,2024,51,14.44285714285714,57.58571428571429,13.3,1014.3571428571428,5.428571428571429,6.0,6.0,1.0,15.014285714285714,22.62857142857143,23.2,25.7,51,12,5361898,5,1.791759469228055,-0.12053668025532363,0.992708874098054,0
Multan,2024,52,17.585714285714285,46.67142857142857,9.0,1015.2857142857144,5.1000000000000005,5.0,6.0,6.0,16.142857142857142,15.014285714285714,25.3,23.2,52,12,5361898,1,0.6931471805599453,6.432490598706546e-16,1.0,0
Rawalpindi,2013,4,12.657142857142857,65.88571428571429,30.7,1016.157142857143,4.071428571428571,0.0,0.0,0.0,11.142857142857142,11.7625,33.7,40.4,4,1,6117567,0,0.0,0.4647231720437685,0.8854560256532099,0
Rawalpindi,2013,5,13.94285714285714,60.91428571428571,22.0,1014.6428571428572,5.057142857142857,0.0,0.0,0.0,10.614285714285714,11.142857142857142,33.7,33.7,5,2,6117567,0,0.0,0.5680647467311558,0.8229838658936564,0
Rawalpindi,2013,6,11.9,56.628571428571426,17.7,1014.842857142857,5.814285714285715,0.0,0.0,0.0,12.657142857142857,10.614285714285714,30.7,33.7,6,2,6117567,0,0.0,0.6631226582407952,0.7485107481711011,0
Rawalpindi,2013,7,12.657142857142857,61.4,17.5,1014.3714285714286,6.242857142857143,0.0,0.0,0.0,13.94285714285714,12.657142857142857,22.0,30.7,7,2,6117567,0,0.0,0.7485107481711011,0.6631226582407953,0
Rawalpindi,2013,8,11.728571428571428,57.871428571428574,17.6,1013.3285714285714,4.771428571428571,0.0,0.0,0.0,11.9,13.94285714285714,17.7,22.0,8,2,6117567,0,0.0,0.8229838658936564,0.5680647467311558,0
Rawalpindi,2013,9,15.357142857142858,56.98571428571428,15.5,1014.9428571428572,5.471428571428571,0.0,0.0,0.0,12.657142857142857,11.9,17.5,17.7,9,3,6117567,0,0.0,0.8854560256532098,0.4647231720437686,0
Rawalpindi,2013,10,24.042857142857144,62.98571428571428,16.7,1011.6285714285714,4.071428571428571,0.0,0.0,0.0,11.728571428571428,12.657142857142857,17.6,17.5,10,3,6117567,0,0.0,0.9350162426854148,0.35460488704253557,0
Rawalpindi,2013,11,22.485714285714288,60.9,23.8,1015.7428571428572,6.3428571428571425,0.0,0.0,0.0,15.357142857142858,11.728571428571428,15.5,17.6,11,3,6117567,0,0.0,0.970941817426052,0.23931566428755804,0
Rawalpindi,2013,12,23.82857142857143,71.08571428571429,32.7,1015.3571428571428,4.857142857142857,0.0,0.0,0.0,24.042857142857144,15.357142857142858,16.7,15.5,12,3,6117567,0,0.0,0.992708874098054,0.120536680255323,0
Rawalpindi,2013,13,22.014285714285712,69.18571428571428,10.1,1014.8857142857142,5.128571428571428,0.0,0.0,0.0,22.485714285714288,24.042857142857144,23.8,16.7,13,3,6117567,0,0.0,1.0,-1.6081226496766366e-16,0
Rawalpindi,2013,14,26.1,72.5,18.8,1014.1428571428572,4.714285714285714,0.0,0.0,0.0,23.82857142857143,22.485714285714288,32.7,23.8,14,4,6117567,0,0.0,0.992708874098054,-0.12053668025532288,0
Rawalpindi,2013,15,21.728571428571428,57.614285714285714,25.5,1015.9142857142856,6.328571428571428,0.0,0.0,0.0,22.014285714285712,23.82857142857143,10.1,32.7,15,4,6117567,0,0.0,0.9709418174260521,-0.2393156642875575,0
Rawalpindi,2013,16,22.62857142857143,68.61428571428571,20.6,1015.1714285714286,4.428571428571429,0.0,0.0,0.0,26.1,22.014285714285712,18.8,10.1,16,4,6117567,0,0.0,0.9350162426854148,-0.35460488704253545,0
Rawalpindi,2013,17,25.25714285714286,61.75714285714286,26.1,1016.4142857142856,5.114285714285714,0.0,0.0,0.0,21.728571428571428,26.1,25.5,18.8,17,4,6117567,0,0.0,0.8854560256532099,-0.4647231720437685,0
Rawalpindi,2013,18,21.442857142857143,65.57142857142857,14.8,1014.8,4.242857142857143,0.0,0.0,0.0,22.62857142857143,21.728571428571428,20.6,25.5,18,5,6117567,0,0.0,0.8229838658936565,-0.5680647467311557,0
Rawalpindi,2013,19,23.228571428571428,65.9,15.2,1014.2714285714284,5.428571428571429,0.0,0.0,0.0,25.25714285714286,22.62857142857143,26.1,20.6,19,5,6117567,0,0.0,0.7485107481711013,-0.6631226582407951,0
Rawalpindi,2013,20,23.342857142857145,57.42857142857143,20.7,1015.2428571428572,4.771428571428571,0.0,0.0,0.0,21.442857142857143,25.25714285714286,14.8,26.1,20,5,6117567,0,0.0,0.6631226582407952,-0.7485107481711012,0
Rawalpindi,2013,21,23.571428571428573,63.75714285714286,32.3,1014.6714285714286,4.757142857142857,0.0,0.0,0.0,23.228571428571428,21.442857142857143,15.2,14.8,21,5,6117567,0,0.0,0.5680647467311558,-0.8229838658936564,0
Rawalpindi,2013,22,25.885714285714283,59.114285714285714,36.5,1013.8857142857142,4.542857142857143,0.0,0.0,0.0,23.342857142857145,23.228571428571428,20.7,15.2,22,6,6117567,0,0.0,0.46472317204376906,-0.8854560256532096,0
Rawalpindi,2013,23,33.8,68.8,38.8,1015.2714285714284,4.714285714285714,0.0,0.0,0.0,23.571428571428573,23.342857142857145,32.3,20.7,23,6,6117567,0,0.0,0.35460488704253584,-0.9350162426854147,0
Rawalpindi,2013,24,33.57142857142857,68.42857142857143,15.9,1015.2142857142856,3.8428571428571425,0.0,0.0,0.0,25.885714285714283,23.571428571428573,36.5,32.3,24,6,6117567,0,0.0,0.23931566428755768,-0.970941817426052,0
Rawalpindi,2013,25,34.857142857142854,59.45714285714286,37.7,1013.0,5.628571428571428,0.0,0.0,0.0,33.8,25.885714285714283,38.8,36.5,25,6,6117567,0,0.0,0.12053668025532308,-0.992708874098054,0
Rawalpindi,2013,26,33.41428571428572,57.971428571428575,32.6,1015.3142857142856,5.3999999999999995,0.0,0.0,0.0,33.57142857142857,33.8,15.9,38.8,26,6,6117567,0,0.0,-3.216245299353273e-16,-1.0,0
Rawalpindi,2013,27,34.44285714285714,62.271428571428565,79.89999999999999,1014.342857142857,4.942857142857143,0.0,0.0,0.0,34.857142857142854,33.57142857142857,37.7,15.9,27,7,6117567,0,0.0,-0.12053668025532283,-0.992708874098054,1
Rawalpindi,2013,28,33.642857142857146,61.42857142857143,83.8,1013.8857142857142,5.985714285714286,0.0,0.0,0.0,33.41428571428572,34.857142857142854,32.6,37.7,28,7,6117567,0,0.0,-0.23931566428755743,-0.9709418174260521,1
Rawalpindi,2013,29,35.07142857142857,65.84285714285714,66.80000000000001,1015.0,4.371428571428572,0.0,0.0,0.0,34.44285714285714,33.41428571428572,79.89999999999999,32.6,29,7,6117567,0,0.0,-0.3546048870425356,-0.9350162426854148,1
Rawalpindi,2013,30,33.871428571428574,69.32857142857144,93.1,1014.9857142857144,4.9,0.0,0.0,0.0,33.642857142857146,34.44285714285714,83.8,79.89999999999999,30,7,6117567,0,0.0,-0.46472317204376806,-0.8854560256532101,1
Rawalpindi,2013,31,33.785714285714285,65.37142857142858,79.3,1014.6,4.957142857142857,0.0,0.0,0.0,35.07142857142857,33.642857142857146,66.80000000000001,83.8,31,8,6117567,0,0.0,-0.5680647467311556,-0.8229838658936565,1
Rawalpindi,2013,32,33.957142857142856,61.142857142857146,29.7,1016.1857142857144,5.557142857142857,0.0,0.0,0.0,33.871428571428574,35.07142857142857,93.1,66.80000000000001,32,8,6117567,0,0.0,-0.663122658240795,-0.7485107481711013,1
Rawalpindi,2013,33,33.84285714285714,61.65714285714286,73.9,1015.3571428571428,6.028571428571429,0.0,0.0,0.0,33.785714285714285,33.871428571428574,79.3,93.1,33,8,6117567,0,0.0,-0.7485107481711011,-0.6631226582407952,1
Rawalpindi,2013,34,33.800000000000004,64.8,77.1,1014.8285714285714,4.071428571428571,0.0,0.0,0.0,33.957142857142856,33.785714285714285,29.7,79.3,34,8,6117567,0,0.0,-0.8229838658936564,-0.5680647467311559,1
Rawalpindi,2013,35,31.77142857142857,59.04285714285714,75.2,1017.0857142857144,5.928571428571429,0.0,0.0,0.0,33.84285714285714,33.957142857142856,73.9,29.7,35,9,6117567,0,0.0,-0.8854560256532096,-0.4647231720437691,1
Rawalpindi,2013,36,18.67142857142857,62.885714285714286,55.9,1016.7857142857144,4.271428571428571,0.0,0.0,0.0,33.800000000000004,33.84285714285714,77.1,73.9,36,9,6117567,0,0.0,-0.9350162426854147,-0.3546048870425359,1
Rawalpindi,2013,37,20.142857142857142,56.371428571428574,69.0,1015.1285714285714,5.371428571428572,0.0,0.0,0.0,31.77142857142857,33.800000000000004,75.2,77.1,37,9,6117567,0,0.0,-0.970941817426052,-0.23931566428755774,1
Rawalpindi,2013,38,18.4,64.82857142857144,110.0,1016.9,5.028571428571429,0.0,0.0,0.0,18.67142857142857,31.77142857142857,55.9,75.2,38,9,6117567,20,3.044522437723423,-0.992708874098054,-0.12053668025532357,1
Rawalpindi,2013,39,18.785714285714285,63.371428571428574,71.7,1013.4285714285714,4.0285714285714285,20.0,0.0,0.0,20.142857142857142,18.67142857142857,69.0,55.9,39,9,6117567,14,2.70805020110221,-1.0,-1.8369701987210297e-16,1
Rawalpindi,2013,40,19.1,65.34285714285714,38.2,1015.5571428571428,5.6000000000000005,14.0,20.0,0.0,18.4,20.142857142857142,110.0,69.0,40,10,6117567,24,3.218875824868201,-0.992708874098054,0.1205366802553232,1
Rawalpindi,2013,41,18.642857142857142,74.25714285714285,40.0,1016.4,4.485714285714286,24.0,14.0,20.0,18.785714285714285,18.4,71.7,110.0,41,10,6117567,45,3.828641396489095,-0.9709418174260521,0.23931566428755738,1
Rawalpindi,2013,42,19.357142857142858,62.771428571428565,31.6,1016.2428571428572,4.757142857142857,45.0,24.0,14.0,19.1,18.785714285714285,38.2,71.7,42,10,6117567,45,3.828641396489095,-0.9350162426854148,0.35460488704253557,1
Rawalpindi,2013,43,18.214285714285715,65.01428571428572,23.799999999999997,1015.8571428571428,5.457142857142857,45.0,45.0,24.0,18.642857142857142,19.1,40.0,38.2,43,10,6117567,85,4.454347296253507,-0.8854560256532101,0.464723172043768,1
Rawalpindi,2013,44,18.157142857142855,67.95714285714286,27.4,1015.157142857143,5.142857142857143,85.0,45.0,45.0,19.357142857142858,18.642857142857142,31.6,40.0,44,11,6117567,123,4.820281565605037,-0.822983865893657,0.5680647467311548,0
Rawalpindi,2013,45,17.271428571428572,67.9,34.3,1015.2,6.442857142857143,123.0,85.0,45.0,18.214285714285715,19.357142857142858,23.799999999999997,31.6,45,11,6117567,157,5.062595033026967,-0.7485107481711011,0.6631226582407953,0
Rawalpindi,2013,46,20.47142857142857,65.14285714285714,38.4,1016.842857142857,4.814285714285715,157.0,123.0,85.0,18.157142857142855,18.214285714285715,27.4,23.799999999999997,46,11,6117567,118,4.77912349311153,-0.6631226582407956,0.7485107481711007,0
Rawalpindi,2013,47,17.95714285714286,62.285714285714285,27.6,1015.4,5.885714285714286,118.0,157.0,123.0,17.271428571428572,18.157142857142855,34.3,27.4,47,11,6117567,68,4.23410650459726,-0.5680647467311559,0.8229838658936564,0
Rawalpindi,2013,48,17.95714285714286,57.8,19.7,1015.1714285714286,4.142857142857143,68.0,118.0,157.0,20.47142857142857,17.271428571428572,38.4,34.3,48,12,6117567,35,3.58351893845611,-0.4647231720437684,0.88545602565321,0
Rawalpindi,2013,49,13.671428571428573,60.142857142857146,14.6,1015.7285714285714,4.957142857142857,35.0,68.0,118.0,17.95714285714286,20.47142857142857,27.6,38.4,49,12,6117567,8,2.1972245773362196,-0.35460488704253595,0.9350162426854147,0
Rawalpindi,2013,50,11.55714285714286,58.9,26.5,1015.2571428571428,5.457142857142857,8.0,35.0,68.0,17.95714285714286,17.95714285714286,19.7,27.6,50,12,6117567,8,2.1972245773362196,-0.2393156642875578,0.970941817426052,0
Rawalpindi,2013,51,13.457142857142856,66.47142857142858,17.2,1014.2142857142856,6.185714285714285,8.0,8.0,35.0,13.671428571428573,17.95714285714286,14.6,19.7,51,12,6117567,1,0.6931471805599453,-0.12053668025532363,0.992708874098054,0
Rawalpindi,2013,52,11.171428571428573,60.51428571428572,18.2,1015.2857142857144,5.742857142857143,1.0,8.0,8.0,11.55714285714286,13.671428571428573,26.5,14.6,52,12,6117567,0,0.0,6.432490598706546e-16,1.0,0
Rawalpindi,2014,1,10.3,65.825,21.9,1013.9875,4.825,0.0,1.0,8.0,13.457142857142856,11.55714285714286,17.2,26.5,1,1,6117567,0,0.0,0.12053668025532305,0.992708874098054,0
Rawalpindi,2014,2,11.542857142857144,59.0,29.1,1014.0571428571428,4.0285714285714285,0.0,0.0,1.0,11.171428571428573,13.457142857142856,18.2,17.2,2,1,6117567,0,0.0,0.23931566428755774,0.970941817426052,0
Rawalpindi,2014,3,12.228571428571428,58.728571428571435,40.6,1017.1714285714286,4.5,0.0,0.0,0.0,10.3,11.171428571428573,21.9,18.2,3,1,6117567,0,0.0,0.3546048870425356,0.9350162426854148,0
Rawalpindi,2014,4,11.4,63.48571428571428,33.2,1014.5285714285714,6.114285714285714,0.0,0.0,0.0,11.542857142857144,10.3,29.1,21.9,4,1,6117567,0,0.0,0.4647231720437685,0.8854560256532099,0
Rawalpindi,2014,5,12.685714285714283,57.885714285714286,33.4,1015.157142857143,5.142857142857143,0.0,0.0,0.0,12.228571428571428,11.542857142857144,40.6,29.1,5,2,6117567,0,0.0,0.5680647467311558,0.8229838658936564,0
Rawalpindi,2014,6,11.957142857142856,59.771428571428565,27.0,1015.3571428571428,6.071428571428571,0.0,0.0,0.0,11.4,12.228571428571428,33.2,40.6,6,2,6117567,0,0.0,0.6631226582407952,0.7485107481711011,0
Rawalpindi,2014,7,12.085714285714284,62.771428571428565,38.7,1014.7142857142856,6.985714285714286,0.0,0.0,0.0,12.685714285714283,11.4,33.4,33.2,7,2,6117567,0,0.0,0.7485107481711011,0.6631226582407953,0
Rawalpindi,2014,8,11.657142857142857,56.08571428571429,26.2,1015.8571428571428,5.728571428571429,0.0,0.0,0.0,11.957142857142856,12.685714285714283,27.0,33.4,8,2,6117567,0,0.0,0.8229838658936564,0.5680647467311558,0
Rawalpindi,2014,9,14.171428571428573,66.52857142857142,27.5,1016.2714285714284,4.328571428571428,0.0,0.0,0.0,12.085714285714284,11.957142857142856,38.7,27.0,9,3,6117567,0,0.0,0.8854560256532098,0.4647231720437686,0
Rawalpindi,2014,10,22.057142857142857,47.01428571428572,30.2,1015.6857142857144,3.685714285714286,0.0,0.0,0.0,11.657142857142857,12.085714285714284,26.2,38.7,10,3,6117567,0,0.0,0.9350162426854148,0.35460488704253557,0
Rawalpindi,2014,11,23.014285714285712,62.34285714285714,26.0,1017.2285714285716,5.114285714285714,0.0,0.0,0.0,14.171428571428573,11.657142857142857,27.5,26.2,11,3,6117567,0,0.0,0.970941817426052,0.23931566428755804,0
Rawalpindi,2014,12,23.657142857142855,65.87142857142858,35.5,1015.1285714285714,4.971428571428571,0.0,0.0,0.0,22.057142857142857,14.171428571428573,30.2,27.5,12,3,6117567,0,0.0,0.992708874098054,0.120536680255323,0
Rawalpindi,2014,13,22.0,52.971428571428575,13.8,1012.6428571428572,4.6000000000000005,0.0,0.0,0.0,23.014285714285712,22.057142857142857,26.0,30.2,13,3,6117567,0,0.0,1.0,-1.6081226496766366e-16,0
Rawalpindi,2014,14,23.571428571428573,74.01428571428572,37.5,1015.5714285714286,5.271428571428571,0.0,0.0,0.0,23.657142857142855,23.014285714285712,35.5,26.0,14,4,6117567,0,0.0,0.992708874098054,-0.12053668025532288,0
Rawalpindi,2014,15,21.82857142857143,58.971428571428575,9.6,1015.342857142857,6.557142857142857,0.0,0.0,0.0,22.0,23.657142857142855,13.8,35.5,15,4,6117567,0,0.0,0.9709418174260521,-0.2393156642875575,0
Rawalpindi,2014,16,21.185714285714287,64.44285714285715,35.0,1014.3714285714286,4.371428571428572,0.0,0.0,0.0,23.571428571428573,22.0,37.5,13.8,16,4,6117567,0,0.0,0.9350162426854148,-0.35460488704253545,0
Rawalpindi,2014,17,23.82857142857143,64.24285714285715,21.9,1015.3285714285714,5.442857142857143,0.0,0.0,0.0,21.82857142857143,23.571428571428573,9.6,37.5,17,4,6117567,0,0.0,0.8854560256532099,-0.4647231720437685,0
Rawalpindi,2014,18,24.114285714285717,60.042857142857144,36.8,1014.8571428571428,5.642857142857143,0.0,0.0,0.0,21.185714285714287,21.82857142857143,35.0,9.6,18,5,6117567,0,0.0,0.8229838658936565,-0.5680647467311557,0
Rawalpindi,2014,19,24.11428571428571,61.98571428571429,20.1,1017.2,5.5,0.0,0.0,0.0,23.82857142857143,21.185714285714287,21.9,35.0,19,5,6117567,0,0.0,0.7485107481711013,-0.6631226582407951,0
Rawalpindi,2014,20,23.0,68.1,28.700000000000003,1015.4,5.728571428571429,0.0,0.0,0.0,24.114285714285717,23.82857142857143,36.8,21.9,20,5,6117567,0,0.0,0.6631226582407952,-0.7485107481711012,0
Rawalpindi,2014,21,21.7,59.44285714285714,44.9,1016.2428571428572,6.1571428571428575,0.0,0.0,0.0,24.11428571428571,24.114285714285717,20.1,36.8,21,5,6117567,0,0.0,0.5680647467311558,-0.8229838658936564,0
Rawalpindi,2014,22,24.442857142857143,64.34285714285714,37.099999999999994,1013.8571428571428,5.814285714285715,0.0,0.0,0.0,23.0,24.11428571428571,28.700000000000003,20.1,22,6,6117567,0,0.0,0.46472317204376906,-0.8854560256532096,0
Rawalpindi,2014,23,33.94285714285714,67.12857142857142,28.2,1014.842857142857,4.985714285714286,0.0,0.0,0.0,21.7,23.0,44.9,28.700000000000003,23,6,6117567,0,0.0,0.35460488704253584,-0.9350162426854147,0
Rawalpindi,2014,24,34.77142857142857,53.84285714285714,33.9,1015.0571428571428,5.528571428571429,0.0,0.0,0.0,24.442857142857143,21.7,37.099999999999994,44.9,24,6,6117567,0,0.0,0.23931566428755768,-0.970941817426052,0
Rawalpindi,2014,25,33.44285714285714,63.15714285714286,20.6,1014.2714285714284,5.8,0.0,0.0,0.0,33.94285714285714,24.442857142857143,28.2,37.099999999999994,25,6,6117567,0,0.0,0.12053668025532308,-0.992708874098054,0
Rawalpindi,2014,26,34.457142857142856,73.91428571428571,22.3,1015.1714285714286,4.971428571428571,0.0,0.0,0.0,34.77142857142857,33.94285714285714,33.9,28.2,26,6,6117567,0,0.0,-3.216245299353273e-16,-1.0,0
Rawalpindi,2014,27,33.17142857142857,59.4,48.5,1016.8,5.185714285714285,0.0,0.0,0.0,33.44285714285714,34.77142857142857,20.6,33.9,27,7,6117567,0,0.0,-0.12053668025532283,-0.992708874098054,1
Rawalpindi,2014,28,35.07142857142857,65.32857142857144,135.3,1014.6714285714286,4.985714285714286,0.0,0.0,0.0,34.457142857142856,33.44285714285714,22.3,20.6,28,7,6117567,0,0.0,-0.23931566428755743,-0.9709418174260521,1
Rawalpindi,2014,29,32.285714285714285,62.57142857142857,75.5,1017.1714285714286,5.8,0.0,0.0,0.0,33.17142857142857,34.457142857142856,48.5,22.3,29,7,6117567,0,0.0,-0.3546048870425356,-0.9350162426854148,1
Rawalpindi,2014,30,32.9,57.971428571428575,81.5,1016.4857142857144,4.614285714285714,0.0,0.0,0.0,35.07142857142857,33.17142857142857,135.3,48.5,30,7,6117567,2,1.0986122886681098,-0.46472317204376806,-0.8854560256532101,1
Rawalpindi,2014,31,35.628571428571426,64.32857142857144,53.9,1014.842857142857,4.371428571428572,2.0,0.0,0.0,32.285714285714285,35.07142857142857,75.5,135.3,31,8,6117567,0,0.0,-0.5680647467311556,-0.8229838658936565,1
Rawalpindi,2014,32,33.2,72.48571428571428,88.0,1014.9285714285714,3.871428571428571,0.0,2.0,0.0,32.9,32.285714285714285,81.5,75.5,32,8,6117567,0,0.0,-0.663122658240795,-0.7485107481711013,1
Rawalpindi,2014,33,34.271428571428565,62.3,118.1,1016.1285714285714,5.442857142857143,0.0,0.0,2.0,35.628571428571426,32.9,53.9,81.5,33,8,6117567,0,0.0,-0.7485107481711011,-0.6631226582407952,1
Rawalpindi,2014,34,32.857142857142854,65.02857142857142,116.1,1014.0,5.271428571428571,0.0,0.0,0.0,33.2,35.628571428571426,88.0,53.9,34,8,6117567,0,0.0,-0.8229838658936564,-0.5680647467311559,1
Rawalpindi,2014,35,34.114285714285714,63.98571428571428,131.79999999999998,1015.6142857142858,4.6000000000000005,0.0,0.0,0.0,34.271428571428565,33.2,118.1,88.0,35,8,6117567,0,0.0,-0.8854560256532096,-0.4647231720437691,1
Rawalpindi,2014,36,18.157142857142855,55.91428571428571,95.5,1014.1142857142858,3.9857142857142858,0.0,0.0,0.0,32.857142857142854,34.271428571428565,116.1,118.1,36,9,6117567,3,1.3862943611198906,-0.9350162426854147,-0.3546048870425359,1
Rawalpindi,2014,37,19.714285714285715,57.871428571428574,101.8,1014.9428571428572,4.671428571428572,3.0,0.0,0.0,34.114285714285714,32.857142857142854,131.79999999999998,116.1,37,9,6117567,4,1.6094379124341005,-0.970941817426052,-0.23931566428755774,1
Rawalpindi,2014,38,19.042857142857144,67.37142857142858,68.0,1015.157142857143,3.8285714285714287,4.0,3.0,0.0,18.157142857142855,34.114285714285714,95.5,131.79999999999998,38,9,6117567,14,2.70805020110221,-0.992708874098054,-0.12053668025532357,1
Rawalpindi,2014,39,19.6,66.04285714285713,67.5,1014.4285714285714,5.6571428571428575,14.0,4.0,3.0,19.714285714285715,18.157142857142855,101.8,95.5,39,9,6117567,22,3.1354942159291497,-1.0,-1.8369701987210297e-16,1
Rawalpindi,2014,40,19.414285714285715,64.54285714285714,62.3,1016.6285714285714,3.9857142857142858,22.0,14.0,4.0,19.042857142857144,19.714285714285715,68.0,101.8,40,10,6117567,45,3.828641396489095,-0.992708874098054,0.1205366802553232,1
Rawalpindi,2014,41,18.185714285714287,68.08571428571429,25.4,1017.3285714285714,6.128571428571428,45.0,22.0,14.0,19.6,19.042857142857144,67.5,68.0,41,10,6117567,117,4.770684624465665,-0.9709418174260521,0.23931566428755738,1
Rawalpindi,2014,42,20.585714285714285,67.97142857142858,16.1,1016.1,4.942857142857143,117.0,45.0,22.0,19.414285714285715,19.6,62.3,67.5,42,10,6117567,192,5.262690188904886,-0.9350162426854148,0.35460488704253557,1
Rawalpindi,2014,43,19.314285714285713,59.48571428571428,35.5,1015.5142857142856,4.314285714285714,192.0,117.0,45.0,18.185714285714287,19.414285714285715,25.4,62.3,43,10,6117567,242,5.493061443340548,-0.8854560256532101,0.464723172043768,1
Rawalpindi,2014,44,18.17142857142857,69.64285714285714,19.2,1016.8,5.8,242.0,192.0,117.0,20.585714285714285,18.185714285714287,16.1,25.4,44,11,6117567,209,5.3471075307174685,-0.822983865893657,0.5680647467311548,0
Rawalpindi,2014,45,18.12857142857143,61.41428571428571,41.2,1015.1714285714286,4.5,209.0,242.0,192.0,19.314285714285713,20.585714285714285,35.5,16.1,45,11,6117567,145,4.983606621708336,-0.7485107481711011,0.6631226582407953,0
Rawalpindi,2014,46,18.8,68.65714285714286,37.7,1014.8714285714286,4.5285714285714285,145.0,209.0,242.0,18.17142857142857,19.314285714285713,19.2,35.5,46,11,6117567,114,4.74493212836325,-0.6631226582407956,0.7485107481711007,0
Rawalpindi,2014,47,18.2,56.81428571428571,41.8,1015.8571428571428,5.614285714285714,114.0,145.0,209.0,18.12857142857143,18.17142857142857,41.2,19.2,47,11,6117567,69,4.248495242049359,-0.5680647467311559,0.8229838658936564,0
Rawalpindi,2014,48,20.02857142857143,64.67142857142856,45.0,1015.6428571428572,4.757142857142857,69.0,114.0,145.0,18.8,18.12857142857143,37.7,41.2,48,11,6117567,20,3.044522437723423,-0.4647231720437684,0.88545602565321,0
Rawalpindi,2014,49,11.4,67.35714285714286,15.7,1016.7428571428572,5.171428571428572,20.0,69.0,114.0,18.2,18.8,41.8,37.7,49,12,6117567,9,2.302585092994046,-0.35460488704253595,0.9350162426854147,0
Rawalpindi,2014,50,10.171428571428573,63.1,27.9,1017.6285714285714,3.371428571428571,9.0,20.0,69.0,20.02857142857143,18.2,45.0,41.8,50,12,6117567,1,0.6931471805599453,-0.2393156642875578,0.970941817426052,0
Rawalpindi,2014,51,13.228571428571428,57.84285714285714,44.5,1016.0,4.728571428571429,1.0,9.0,20.0,11.4,20.02857142857143,15.7,45.0,51,12,6117567,2,1.0986122886681098,-0.12053668025532363,0.992708874098054,0
Rawalpindi,2014,52,12.257142857142856,63.55714285714286,40.6,1015.1428571428572,5.142857142857143,2.0,1.0,9.0,10.171428571428573,11.4,27.9,15.7,52,12,6117567,0,0.0,6.432490598706546e-16,1.0,0
Rawalpindi,2015,1,10.65,64.44999999999999,12.7,1016.325,4.35,0.0,2.0,1.0,13.228571428571428,10.171428571428573,44.5,27.9,1,1,6117567,0,0.0,0.12053668025532305,0.992708874098054,0
Rawalpindi,2015,2,11.614285714285714,59.24285714285714,27.0,1014.0571428571428,5.785714285714286,0.0,0.0,2.0,12.257142857142856,13.228571428571428,40.6,44.5,2,1,6117567,0,0.0,0.23931566428755774,0.970941817426052,0
Rawalpindi,2015,3,10.414285714285716,57.785714285714285,33.9,1013.3857142857142,4.142857142857143,0.0,0.0,0.0,10.65,12.257142857142856,12.7,40.6,3,1,6117567,0,0.0,0.3546048870425356,0.9350162426854148,0
Rawalpindi,2015,4,10.87142857142857,62.05714285714286,10.6,1015.3571428571428,5.585714285714286,0.0,0.0,0.0,11.614285714285714,10.65,27.0,12.7,4,1,6117567,0,0.0,0.4647231720437685,0.8854560256532099,0
Rawalpindi,2015,5,10.62857142857143,70.62857142857142,11.1,1013.7142857142856,4.6571428571428575,0.0,0.0,0.0,10.414285714285716,11.614285714285714,33.9,27.0,5,2,6117567,0,0.0,0.5680647467311558,0.8229838658936564,0
Rawalpindi,2015,6,11.071428571428571,66.89999999999999,31.799999999999997,1013.5571428571428,5.185714285714285,0.0,0.0,0.0,10.87142857142857,10.414285714285716,10.6,33.9,6,2,6117567,0,0.0,0.6631226582407952,0.7485107481711011,0
Rawalpindi,2015,7,12.971428571428572,63.18571428571429,39.4,1016.3571428571428,4.785714285714286,0.0,0.0,0.0,10.62857142857143,10.87142857142857,11.1,10.6,7,2,6117567,0,0.0,0.7485107481711011,0.6631226582407953,0
Rawalpindi,2015,8,10.214285714285714,64.62857142857142,34.9,1016.6714285714286,6.042857142857143,0.0,0.0,0.0,11.071428571428571,10.62857142857143,31.799999999999997,11.1,8,2,6117567,0,0.0,0.8229838658936564,0.5680647467311558,0
Rawalpindi,2015,9,12.028571428571428,57.42857142857143,27.8,1014.1142857142858,6.314285714285715,0.0,0.0,0.0,12.971428571428572,11.071428571428571,39.4,31.799999999999997,9,3,6117567,0,0.0,0.8854560256532098,0.4647231720437686,0
Rawalpindi,2015,10,22.37142857142857,64.12857142857142,7.9,1014.1428571428572,4.7,0.0,0.0,0.0,10.214285714285714,12.971428571428572,34.9,39.4,10,3,6117567,0,0.0,0.9350162426854148,0.35460488704253557,0
Rawalpindi,2015,11,24.9,67.28571428571429,25.2,1015.3571428571428,5.528571428571429,0.0,0.0,0.0,12.028571428571428,10.214285714285714,27.8,34.9,11,3,6117567,0,0.0,0.970941817426052,0.23931566428755804,0
Rawalpindi,2015,12,23.842857142857145,62.642857142857146,28.3,1015.6285714285714,5.228571428571429,0.0,0.0,0.0,22.37142857142857,12.028571428571428,7.9,27.8,12,3,6117567,0,0.0,0.992708874098054,0.120536680255323,0
Rawalpindi,2015,13,23.485714285714288,64.47142857142858,41.2,1016.0714285714286,5.614285714285714,0.0,0.0,0.0,24.9,22.37142857142857,25.2,7.9,13,3,6117567,0,0.0,1.0,-1.6081226496766366e-16,0
Rawalpindi,2015,14,23.728571428571428,57.771428571428565,30.700000000000003,1013.9714285714286,4.557142857142857,0.0,0.0,0.0,23.842857142857145,24.9,28.3,25.2,14,4,6117567,0,0.0,0.992708874098054,-0.12053668025532288,0
Rawalpindi,2015,15,22.17142857142857,59.871428571428574,39.1,1016.6142857142858,5.042857142857143,0.0,0.0,0.0,23.485714285714288,23.842857142857145,41.2,28.3,15,4,6117567,0,0.0,0.9709418174260521,-0.2393156642875575,0
Rawalpindi,2015,16,22.228571428571428,73.2,22.2,1014.6142857142858,6.1000000000000005,0.0,0.0,0.0,23.728571428571428,23.485714285714288,30.700000000000003,41.2,16,4,6117567,0,0.0,0.9350162426854148,-0.35460488704253545,0
Rawalpindi,2015,17,24.271428571428572,64.98571428571428,26.0,1014.8,4.8428571428571425,0.0,0.0,0.0,22.17142857142857,23.728571428571428,39.1,30.700000000000003,17,4,6117567,0,0.0,0.8854560256532099,-0.4647231720437685,0
Rawalpindi,2015,18,22.057142857142857,69.5,23.4,1013.4857142857144,6.1571428571428575,0.0,0.0,0.0,22.228571428571428,22.17142857142857,22.2,39.1,18,5,6117567,0,0.0,0.8229838658936565,-0.5680647467311557,0
Rawalpindi,2015,19,23.74285714285714,62.74285714285714,40.9,1014.4142857142856,4.742857142857142,0.0,0.0,0.0,24.271428571428572,22.228571428571428,26.0,22.2,19,5,6117567,0,0.0,0.7485107481711013,-0.6631226582407951,0
Rawalpindi,2015,20,21.87142857142857,61.642857142857146,32.0,1015.5714285714286,5.628571428571428,0.0,0.0,0.0,22.057142857142857,24.271428571428572,23.4,26.0,20,5,6117567,0,0.0,0.6631226582407952,-0.7485107481711012,0
Rawalpindi,2015,21,21.857142857142858,63.2,37.0,1016.157142857143,5.071428571428571,0.0,0.0,0.0,23.74285714285714,22.057142857142857,40.9,23.4,21,5,6117567,0,0.0,0.5680647467311558,-0.8229838658936564,0
Rawalpindi,2015,22,23.814285714285713,62.25714285714286,20.1,1014.1428571428572,4.828571428571428,0.0,0.0,0.0,21.87142857142857,23.74285714285714,32.0,40.9,22,5,6117567,0,0.0,0.46472317204376906,-0.8854560256532096,0
Rawalpindi,2015,23,33.84285714285714,58.285714285714285,24.4,1015.0571428571428,5.0,0.0,0.0,0.0,21.857142857142858,21.87142857142857,37.0,32.0,23,6,6117567,0,0.0,0.35460488704253584,-0.9350162426854147,0
Rawalpindi,2015,24,33.17142857142857,60.98571428571428,16.7,1013.7714285714284,4.442857142857142,0.0,0.0,0.0,23.814285714285713,21.857142857142858,20.1,37.0,24,6,6117567,0,0.0,0.23931566428755768,-0.970941817426052,0
Rawalpindi,2015,25,32.08571428571428,63.55714285714286,49.9,1015.0857142857144,5.485714285714286,0.0,0.0,0.0,33.84285714285714,23.814285714285713,24.4,20.1,25,6,6117567,0,0.0,0.12053668025532308,-0.992708874098054,0
Rawalpindi,2015,26,35.17142857142857,70.5,17.2,1013.9142857142856,5.1571428571428575,0.0,0.0,0.0,33.17142857142857,33.84285714285714,16.7,24.4,26,6,6117567,0,0.0,-3.216245299353273e-16,-1.0,0
Rawalpindi,2015,27,31.228571428571428,63.58571428571429,62.6,1014.9,5.028571428571429,0.0,0.0,0.0,32.08571428571428,33.17142857142857,49.9,16.7,27,7,6117567,0,0.0,-0.12053668025532283,-0.992708874098054,1
Rawalpindi,2015,28,35.15714285714286,56.614285714285714,103.8,1016.2714285714284,4.771428571428571,0.0,0.0,0.0,35.17142857142857,32.08571428571428,17.2,49.9,28,7,6117567,0,0.0,-0.23931566428755743,-0.9709418174260521,1
Rawalpindi,2015,29,33.871428571428574,55.971428571428575,110.6,1015.2,4.785714285714286,0.0,0.0,0.0,31.228571428571428,35.17142857142857,62.6,17.2,29,7,6117567,0,0.0,-0.3546048870425356,-0.9350162426854148,1
Rawalpindi,2015,30,34.84285714285714,65.34285714285714,108.8,1015.0428571428572,3.685714285714286,0.0,0.0,0.0,35.15714285714286,31.228571428571428,103.8,62.6,30,7,6117567,0,0.0,-0.46472317204376806,-0.8854560256532101,1
Rawalpindi,2015,31,35.142857142857146,60.82857142857143,82.5,1015.6285714285714,5.128571428571428,0.0,0.0,0.0,33.871428571428574,35.15714285714286,110.6,103.8,31,8,6117567,0,0.0,-0.5680647467311556,-0.8229838658936565,1
Rawalpindi,2015,32,34.771428571428565,60.957142857142856,65.2,1014.2857142857144,5.1000000000000005,0.0,0.0,0.0,34.84285714285714,33.871428571428574,108.8,110.6,32,8,6117567,1,0.6931471805599453,-0.663122658240795,-0.7485107481711013,1
Rawalpindi,2015,33,33.9,66.85714285714286,110.8,1016.2571428571428,5.3428571428571425,1.0,0.0,0.0,35.142857142857146,34.84285714285714,82.5,108.8,33,8,6117567,4,1.6094379124341005,-0.7485107481711011,-0.6631226582407952,1
Rawalpindi,2015,34,34.2,62.7,122.3,1014.157142857143,5.671428571428572,4.0,1.0,0.0,34.771428571428565,35.142857142857146,65.2,82.5,34,8,6117567,9,2.302585092994046,-0.8229838658936564,-0.5680647467311559,1
Rawalpindi,2015,35,35.77142857142857,61.41428571428571,128.9,1012.9,5.628571428571428,9.0,4.0,1.0,33.9,34.771428571428565,110.8,65.2,35,8,6117567,30,3.4339872044851463,-0.8854560256532096,-0.4647231720437691,1
Rawalpindi,2015,36,22.042857142857144,62.68571428571429,54.599999999999994,1014.657142857143,4.742857142857143,30.0,9.0,4.0,34.2,33.9,122.3,110.8,36,9,6117567,56,4.04305126783455,-0.9350162426854147,-0.3546048870425359,1
Rawalpindi,2015,37,17.814285714285713,66.15714285714286,53.3,1014.5571428571428,3.7857142857142856,56.0,30.0,9.0,35.77142857142857,34.2,128.9,122.3,37,9,6117567,85,4.454347296253507,-0.970941817426052,-0.23931566428755774,1
Rawalpindi,2015,38,19.9,62.58571428571429,81.39999999999999,1013.7142857142856,4.885714285714286,85.0,56.0,30.0,22.042857142857144,35.77142857142857,54.599999999999994,128.9,38,9,6117567,215,5.375278407684165,-0.992708874098054,-0.12053668025532357,1
Rawalpindi,2015,39,20.6,53.042857142857144,100.3,1015.0428571428572,4.914285714285714,215.0,85.0,56.0,17.814285714285713,22.042857142857144,53.3,54.599999999999994,39,9,6117567,217,5.384495062789089,-1.0,-1.8369701987210297e-16,1
Rawalpindi,2015,40,17.928571428571427,64.95714285714286,39.5,1012.7,4.971428571428571,217.0,215.0,85.0,19.9,17.814285714285713,81.39999999999999,53.3,40,10,6117567,231,5.44673737166631,-0.992708874098054,0.1205366802553232,1
Rawalpindi,2015,41,19.428571428571427,67.27142857142857,24.6,1015.4857142857144,5.057142857142857,231.0,217.0,215.0,20.6,19.9,100.3,81.39999999999999,41,10,6117567,390,5.968707559985366,-0.9709418174260521,0.23931566428755738,1
Rawalpindi,2015,42,20.071428571428573,55.642857142857146,22.799999999999997,1014.2428571428572,6.414285714285714,390.0,231.0,217.0,17.928571428571427,20.6,39.5,100.3,42,10,6117567,546,6.304448802421981,-0.9350162426854148,0.35460488704253557,1
Rawalpindi,2015,43,17.6,57.25714285714286,20.3,1015.3285714285714,4.614285714285714,546.0,390.0,231.0,19.428571428571427,17.928571428571427,24.6,39.5,43,10,6117567,520,6.255750041753367,-0.8854560256532101,0.464723172043768,1
Rawalpindi,2015,44,20.5,60.51428571428571,28.8,1015.6428571428572,5.014285714285714,520.0,546.0,390.0,20.071428571428573,19.428571428571427,22.799999999999997,24.6,44,11,6117567,443,6.095824562432225,-0.822983865893657,0.5680647467311548,0
Rawalpindi,2015,45,18.2,62.15714285714286,31.5,1014.6714285714286,4.7,443.0,520.0,546.0,17.6,20.071428571428573,20.3,22.799999999999997,45,11,6117567,281,5.641907070938114,-0.7485107481711011,0.6631226582407953,0
Rawalpindi,2015,46,19.5,62.228571428571435,32.4,1013.8571428571428,4.914285714285714,281.0,443.0,520.0,20.5,17.6,28.8,20.3,46,11,6117567,171,5.147494476813453,-0.6631226582407956,0.7485107481711007,0
Rawalpindi,2015,47,19.4,68.38571428571429,26.200000000000003,1014.4857142857144,4.914285714285714,171.0,281.0,443.0,18.2,20.5,31.5,28.8,47,11,6117567,69,4.248495242049359,-0.5680647467311559,0.8229838658936564,0
Rawalpindi,2015,48,18.75714285714286,65.57142857142857,29.6,1013.2,5.114285714285714,69.0,171.0,281.0,19.5,18.2,32.4,31.5,48,11,6117567,20,3.044522437723423,-0.4647231720437684,0.88545602565321,0
Rawalpindi,2015,49,12.457142857142856,59.471428571428575,28.1,1014.9571428571428,4.485714285714286,20.0,69.0,171.0,19.4,19.5,26.200000000000003,32.4,49,12,6117567,9,2.302585092994046,-0.35460488704253595,0.9350162426854147,0
Rawalpindi,2015,50,12.514285714285714,65.31428571428572,26.1,1015.1,4.071428571428571,9.0,20.0,69.0,18.75714285714286,19.4,29.6,26.200000000000003,50,12,6117567,3,1.3862943611198906,-0.2393156642875578,0.970941817426052,0
Rawalpindi,2015,51,12.442857142857145,61.82857142857142,44.1,1016.3,5.442857142857143,3.0,9.0,20.0,12.457142857142856,18.75714285714286,28.1,29.6,51,12,6117567,0,0.0,-0.12053668025532363,0.992708874098054,0
Rawalpindi,2015,52,13.042857142857144,69.31428571428572,33.5,1013.4,4.5285714285714285,0.0,3.0,9.0,12.514285714285714,12.457142857142856,26.1,28.1,52,12,6117567,0,0.0,6.432490598706546e-16,1.0,0
Rawalpindi,2015,53,13.25,65.875,16.4,1015.425,4.225,0.0,0.0,3.0,12.442857142857145,12.514285714285714,44.1,26.1,53,12,6117567,1,0.6931471805599453,0.12053668025532314,0.992708874098054,0
Rawalpindi,2016,1,10.771428571428572,68.4,14.8,1015.1428571428572,4.957142857142857,1.0,0.0,0.0,13.042857142857144,12.442857142857145,33.5,44.1,1,1,6117567,0,0.0,0.12053668025532305,0.992708874098054,0
Rawalpindi,2016,2,10.914285714285713,50.142857142857146,24.4,1016.5714285714286,5.514285714285714,0.0,1.0,0.0,13.25,13.042857142857144,16.4,33.5,2,1,6117567,0,0.0,0.23931566428755774,0.970941817426052,0
Rawalpindi,2016,3,12.857142857142858,60.957142857142856,24.3,1015.4142857142856,3.757142857142857,0.0,0.0,1.0,10.771428571428572,13.25,14.8,16.4,3,1,6117567,0,0.0,0.3546048870425356,0.9350162426854148,0
Rawalpindi,2016,4,11.328571428571427,53.65714285714286,8.3,1016.4285714285714,5.357142857142857,0.0,0.0,0.0,10.914285714285713,10.771428571428572,24.4,14.8,4,1,6117567,0,0.0,0.4647231720437685,0.8854560256532099,0
Rawalpindi,2016,5,10.457142857142856,74.14285714285714,27.7,1018.0857142857144,4.671428571428572,0.0,0.0,0.0,12.857142857142858,10.914285714285713,24.3,24.4,5,2,6117567,0,0.0,0.5680647467311558,0.8229838658936564,0
Rawalpindi,2016,6,10.7,57.67142857142857,17.1,1016.6142857142858,4.957142857142857,0.0,0.0,0.0,11.328571428571427,12.857142857142858,8.3,24.3,6,2,6117567,0,0.0,0.6631226582407952,0.7485107481711011,0
Rawalpindi,2016,7,11.8,62.7,23.4,1015.5,4.185714285714286,0.0,0.0,0.0,10.457142857142856,11.328571428571427,27.7,8.3,7,2,6117567,0,0.0,0.7485107481711011,0.6631226582407953,0
Rawalpindi,2016,8,9.757142857142856,61.128571428571426,20.5,1012.9714285714286,3.485714285714286,0.0,0.0,0.0,10.7,10.457142857142856,17.1,27.7,8,2,6117567,0,0.0,0.8229838658936564,0.5680647467311558,0
Rawalpindi,2016,9,20.5,67.51428571428572,24.5,1013.8857142857142,4.671428571428572,0.0,0.0,0.0,11.8,10.7,23.4,17.1,9,3,6117567,0,0.0,0.8854560256532098,0.4647231720437686,0
Rawalpindi,2016,10,23.9,61.41428571428571,27.8,1016.8142857142856,5.2,0.0,0.0,0.0,9.757142857142856,11.8,20.5,23.4,10,3,6117567,0,0.0,0.9350162426854148,0.35460488704253557,0
Rawalpindi,2016,11,19.657142857142855,58.65714285714286,18.0,1013.6714285714286,4.642857142857143,0.0,0.0,0.0,20.5,9.757142857142856,24.5,20.5,11,3,6117567,0,0.0,0.970941817426052,0.23931566428755804,0
Rawalpindi,2016,12,21.25714285714286,68.87142857142858,33.1,1014.0285714285714,5.6571428571428575,0.0,0.0,0.0,23.9,20.5,27.8,24.5,12,3,6117567,0,0.0,0.992708874098054,0.120536680255323,0
Rawalpindi,2016,13,22.357142857142858,57.07142857142857,15.7,1015.6714285714286,5.028571428571429,0.0,0.0,0.0,19.657142857142855,23.9,18.0,27.8,13,4,6117567,1,0.6931471805599453,1.0,-1.6081226496766366e-16,0
Rawalpindi,2016,14,23.357142857142858,61.142857142857146,19.3,1016.8,4.871428571428572,1.0,0.0,0.0,21.25714285714286,19.657142857142855,33.1,18.0,14,4,6117567,0,0.0,0.992708874098054,-0.12053668025532288,0
Rawalpindi,2016,15,24.114285714285717,55.41428571428571,27.5,1016.5428571428572,3.928571428571429,0.0,1.0,0.0,22.357142857142858,21.25714285714286,15.7,33.1,15,4,6117567,1,0.6931471805599453,0.9709418174260521,-0.2393156642875575,0
Rawalpindi,2016,16,23.97142857142857,56.528571428571425,47.1,1015.7,5.514285714285714,1.0,0.0,1.0,23.357142857142858,22.357142857142858,19.3,15.7,16,4,6117567,1,0.6931471805599453,0.9350162426854148,-0.35460488704253545,0
Rawalpindi,2016,17,21.5,71.77142857142857,20.8,1016.6428571428572,5.328571428571428,1.0,1.0,0.0,24.114285714285717,23.357142857142858,27.5,19.3,17,5,6117567,0,0.0,0.8854560256532099,-0.4647231720437685,0
Rawalpindi,2016,18,19.928571428571427,60.15714285714286,32.8,1017.5142857142856,4.914285714285714,0.0,1.0,1.0,23.97142857142857,24.114285714285717,47.1,27.5,18,5,6117567,1,0.6931471805599453,0.8229838658936565,-0.5680647467311557,0
Rawalpindi,2016,19,22.32857142857143,68.27142857142857,25.7,1013.4,5.714285714285714,1.0,0.0,1.0,21.5,23.97142857142857,20.8,47.1,19,5,6117567,1,0.6931471805599453,0.7485107481711013,-0.6631226582407951,0
Rawalpindi,2016,20,23.842857142857145,53.58571428571429,21.9,1016.0,4.642857142857143,1.0,1.0,0.0,19.928571428571427,21.5,32.8,20.8,20,5,6117567,5,1.791759469228055,0.6631226582407952,-0.7485107481711012,0
Rawalpindi,2016,21,22.214285714285715,65.5,17.5,1014.8714285714286,4.185714285714286,5.0,1.0,1.0,22.32857142857143,19.928571428571427,25.7,32.8,21,5,6117567,3,1.3862943611198906,0.5680647467311558,-0.8229838658936564,0
Rawalpindi,2016,22,31.457142857142856,64.01428571428572,31.299999999999997,1016.6142857142858,5.885714285714286,3.0,5.0,1.0,23.842857142857145,22.32857142857143,21.9,25.7,22,6,6117567,2,1.0986122886681098,0.46472317204376906,-0.8854560256532096,0
Rawalpindi,2016,23,34.285714285714285,64.89999999999999,28.3,1016.7714285714284,4.857142857142857,2.0,3.0,5.0,22.214285714285715,23.842857142857145,17.5,21.9,23,6,6117567,1,0.6931471805599453,0.35460488704253584,-0.9350162426854147,0
Rawalpindi,2016,24,34.542857142857144,58.32857142857143,27.1,1015.1428571428572,5.185714285714285,1.0,2.0,3.0,31.457142857142856,22.214285714285715,31.299999999999997,17.5,24,6,6117567,1,0.6931471805599453,0.23931566428755768,-0.970941817426052,0
Rawalpindi,2016,25,32.58571428571428,66.4,19.4,1014.7285714285716,4.628571428571428,1.0,1.0,2.0,34.285714285714285,31.457142857142856,28.3,31.299999999999997,25,6,6117567,2,1.0986122886681098,0.12053668025532308,-0.992708874098054,0
Rawalpindi,2016,26,33.128571428571426,60.542857142857144,103.3,1015.2,4.771428571428571,2.0,1.0,1.0,34.542857142857144,34.285714285714285,27.1,28.3,26,7,6117567,0,0.0,-3.216245299353273e-16,-1.0,1
Rawalpindi,2016,27,33.84285714285714,61.5,54.7,1015.2285714285716,4.8999999999999995,0.0,2.0,1.0,32.58571428571428,34.542857142857144,19.4,27.1,27,7,6117567,3,1.3862943611198906,-0.12053668025532283,-0.992708874098054,1
Rawalpindi,2016,28,32.6,65.31428571428572,73.8,1015.3857142857142,5.385714285714286,3.0,0.0,2.0,33.128571428571426,32.58571428571428,103.3,19.4,28,7,6117567,0,0.0,-0.23931566428755743,-0.9709418174260521,1
Rawalpindi,2016,29,32.74285714285714,57.285714285714285,52.1,1015.7285714285716,4.942857142857143,0.0,3.0,0.0,33.84285714285714,33.128571428571426,54.7,103.3,29,7,6117567,1,0.6931471805599453,-0.3546048870425356,-0.9350162426854148,1
Rawalpindi,2016,30,33.18571428571428,54.528571428571425,103.0,1015.5142857142856,4.642857142857143,1.0,0.0,3.0,32.6,33.84285714285714,73.8,54.7,30,7,6117567,0,0.0,-0.46472317204376806,-0.8854560256532101,1
Rawalpindi,2016,31,33.871428571428574,67.11428571428571,59.6,1014.2,6.414285714285714,0.0,1.0,0.0,32.74285714285714,32.6,52.1,73.8,31,8,6117567,0,0.0,-0.5680647467311556,-0.8229838658936565,1
Rawalpindi,2016,32,34.128571428571426,70.08571428571429,103.0,1012.2571428571428,4.571428571428571,0.0,0.0,1.0,33.18571428571428,32.74285714285714,103.0,52.1,32,8,6117567,1,0.6931471805599453,-0.663122658240795,-0.7485107481711013,1
Rawalpindi,2016,33,34.41428571428572,57.528571428571425,78.6,1015.2142857142856,3.942857142857143,1.0,0.0,0.0,33.871428571428574,33.18571428571428,59.6,103.0,33,8,6117567,2,1.0986122886681098,-0.7485107481711011,-0.6631226582407952,1
Rawalpindi,2016,34,33.028571428571425,72.52857142857142,48.7,1016.4857142857144,4.457142857142857,2.0,1.0,0.0,34.128571428571426,33.871428571428574,103.0,59.6,34,8,6117567,6,1.9459101490553132,-0.8229838658936564,-0.5680647467311559,1
Rawalpindi,2016,35,27.842857142857145,58.74285714285715,91.5,1014.6428571428572,5.357142857142857,6.0,2.0,1.0,34.41428571428572,34.128571428571426,78.6,103.0,35,9,6117567,10,2.3978952727983707,-0.8854560256532096,-0.4647231720437691,1
Rawalpindi,2016,36,19.442857142857143,68.51428571428572,98.8,1014.4142857142856,4.871428571428572,10.0,6.0,2.0,33.028571428571425,34.41428571428572,48.7,78.6,36,9,6117567,27,3.332204510175204,-0.9350162426854147,-0.3546048870425359,1
Rawalpindi,2016,37,18.014285714285712,61.34285714285714,149.8,1015.1857142857144,5.457142857142857,27.0,10.0,6.0,27.842857142857145,33.028571428571425,91.5,48.7,37,9,6117567,40,3.713572066704308,-0.970941817426052,-0.23931566428755774,1
Rawalpindi,2016,38,19.785714285714285,66.81428571428572,112.6,1014.6142857142858,4.0,40.0,27.0,10.0,19.442857142857143,27.842857142857145,98.8,91.5,38,9,6117567,66,4.204692619390966,-0.992708874098054,-0.12053668025532357,1
Rawalpindi,2016,39,18.214285714285715,65.95714285714287,75.1,1012.4142857142856,5.042857142857143,66.0,40.0,27.0,18.014285714285712,19.442857142857143,149.8,98.8,39,10,6117567,85,4.454347296253507,-1.0,-1.8369701987210297e-16,1
Rawalpindi,2016,40,17.442857142857143,62.857142857142854,31.9,1014.342857142857,4.242857142857143,85.0,66.0,40.0,19.785714285714285,18.014285714285712,112.6,149.8,40,10,6117567,142,4.962844630259907,-0.992708874098054,0.1205366802553232,1
Rawalpindi,2016,41,20.114285714285717,71.22857142857143,17.0,1015.1285714285714,5.8,142.0,85.0,66.0,18.214285714285715,19.785714285714285,75.1,112.6,41,10,6117567,123,4.820281565605037,-0.9709418174260521,0.23931566428755738,1
Rawalpindi,2016,42,19.285714285714285,57.31428571428571,19.700000000000003,1014.5714285714286,5.085714285714286,123.0,142.0,85.0,17.442857142857143,18.214285714285715,31.9,75.1,42,10,6117567,129,4.867534450455582,-0.9350162426854148,0.35460488704253557,1
Rawalpindi,2016,43,21.885714285714283,60.0,15.6,1014.2142857142856,3.557142857142857,129.0,123.0,142.0,20.114285714285717,17.442857142857143,17.0,31.9,43,10,6117567,106,4.672828834461906,-0.8854560256532101,0.464723172043768,1
Rawalpindi,2016,44,20.52857142857143,52.871428571428574,17.1,1014.9285714285714,5.042857142857143,106.0,129.0,123.0,19.285714285714285,20.114285714285717,19.700000000000003,17.0,44,11,6117567,103,4.6443908991413725,-0.822983865893657,0.5680647467311548,0
Rawalpindi,2016,45,17.7,69.91428571428571,49.5,1014.9285714285714,6.1000000000000005,103.0,106.0,129.0,21.885714285714283,19.285714285714285,15.6,19.700000000000003,45,11,6117567,47,3.871201010907891,-0.7485107481711011,0.6631226582407953,0
Rawalpindi,2016,46,18.32857142857143,71.81428571428572,21.7,1015.6857142857144,4.8428571428571425,47.0,103.0,106.0,20.52857142857143,21.885714285714283,17.1,15.6,46,11,6117567,37,3.6375861597263857,-0.6631226582407956,0.7485107481711007,0
Rawalpindi,2016,47,19.75714285714286,60.17142857142857,24.9,1015.8,6.071428571428571,37.0,47.0,103.0,17.7,20.52857142857143,49.5,17.1,47,11,6117567,16,2.833213344056216,-0.5680647467311559,0.8229838658936564,0
Rawalpindi,2016,48,13.785714285714286,63.15714285714286,24.3,1015.7571428571428,5.528571428571429,16.0,37.0,47.0,18.32857142857143,17.7,21.7,49.5,48,12,6117567,2,1.0986122886681098,-0.4647231720437684,0.88545602565321,0
Rawalpindi,2016,49,11.671428571428573,63.91428571428571,28.4,1014.7714285714284,3.585714285714286,2.0,16.0,37.0,19.75714285714286,18.32857142857143,24.9,21.7,49,12,6117567,3,1.3862943611198906,-0.35460488704253595,0.9350162426854147,0
Rawalpindi,2016,50,11.7,58.471428571428575,30.2,1015.7285714285716,4.971428571428571,3.0,2.0,16.0,13.785714285714286,19.75714285714286,24.3,24.9,50,12,6117567,0,0.0,-0.2393156642875578,0.970941817426052,0
Rawalpindi,2016,51,11.742857142857144,60.771428571428565,31.5,1016.4,4.042857142857143,0.0,3.0,2.0,11.671428571428573,13.785714285714286,28.4,24.3,51,12,6117567,2,1.0986122886681098,-0.12053668025532363,0.992708874098054,0
Rawalpindi,2016,52,11.416666666666666,53.3,10.8,1017.7833333333332,4.833333333333333,2.0,0.0,3.0,11.7,11.671428571428573,30.2,28.4,52,12,6117567,1,0.6931471805599453,6.432490598706546e-16,1.0,0
Rawalpindi,2016,53,9.466666666666669,55.06666666666666,16.9,1015.6,5.633333333333333,1.0,2.0,0.0,11.742857142857144,11.7,31.5,30.2,53,1,6117567,0,0.0,0.12053668025532314,0.992708874098054,0
Rawalpindi,2017,1,11.914285714285716,64.75714285714285,29.799999999999997,1015.0857142857144,5.0,0.0,1.0,2.0,11.416666666666666,11.742857142857144,10.8,31.5,1,1,6117567,0,0.0,0.12053668025532305,0.992708874098054,0
Rawalpindi,2017,2,11.157142857142857,62.714285714285715,25.8,1016.3285714285714,4.485714285714286,0.0,0.0,1.0,9.466666666666669,11.416666666666666,16.9,10.8,2,1,6117567,0,0.0,0.23931566428755774,0.970941817426052,0
Rawalpindi,2017,3,13.028571428571428,59.885714285714286,16.2,1016.8857142857142,4.128571428571428,0.0,0.0,0.0,11.914285714285716,9.466666666666669,29.799999999999997,16.9,3,1,6117567,0,0.0,0.3546048870425356,0.9350162426854148,0
Rawalpindi,2017,4,11.94285714285714,58.48571428571429,40.599999999999994,1013.4285714285714,4.8999999999999995,0.0,0.0,0.0,11.157142857142857,11.914285714285716,25.8,29.799999999999997,4,1,6117567,0,0.0,0.4647231720437685,0.8854560256532099,0
Rawalpindi,2017,5,11.514285714285714,63.2,19.8,1015.2,5.014285714285714,0.0,0.0,0.0,13.028571428571428,11.157142857142857,16.2,25.8,5,2,6117567,1,0.6931471805599453,0.5680647467311558,0.8229838658936564,0
Rawalpindi,2017,6,11.2,54.48571428571428,28.3,1015.1857142857144,4.442857142857143,1.0,0.0,0.0,11.94285714285714,13.028571428571428,40.599999999999994,16.2,6,2,6117567,0,0.0,0.6631226582407952,0.7485107481711011,0
Rawalpindi,2017,7,9.585714285714284,71.45714285714286,25.4,1016.0142857142856,5.114285714285714,0.0,1.0,0.0,11.514285714285714,11.94285714285714,19.8,40.599999999999994,7,2,6117567,0,0.0,0.7485107481711011,0.6631226582407953,0
Rawalpindi,2017,8,13.971428571428572,65.62857142857142,23.7,1015.5285714285714,4.785714285714286,0.0,0.0,1.0,11.2,11.514285714285714,28.3,19.8,8,2,6117567,0,0.0,0.8229838658936564,0.5680647467311558,0
Rawalpindi,2017,9,18.271428571428572,62.285714285714285,34.4,1013.8571428571428,6.028571428571428,0.0,0.0,0.0,9.585714285714284,11.2,25.4,28.3,9,3,6117567,0,0.0,0.8854560256532098,0.4647231720437686,0
Rawalpindi,2017,10,23.085714285714285,58.114285714285714,34.4,1016.7857142857144,5.128571428571428,0.0,0.0,0.0,13.971428571428572,9.585714285714284,23.7,25.4,10,3,6117567,0,0.0,0.9350162426854148,0.35460488704253557,0
Rawalpindi,2017,11,23.142857142857142,62.74285714285714,28.6,1014.4428571428572,6.242857142857143,0.0,0.0,0.0,18.271428571428572,13.971428571428572,34.4,23.7,11,3,6117567,0,0.0,0.970941817426052,0.23931566428755804,0
Rawalpindi,2017,12,23.24285714285714,62.114285714285714,18.7,1014.3571428571428,4.357142857142857,0.0,0.0,0.0,23.085714285714285,18.271428571428572,34.4,34.4,12,3,6117567,0,0.0,0.992708874098054,0.120536680255323,0
Rawalpindi,2017,13,23.17142857142857,65.67142857142856,29.6,1015.5428571428572,5.628571428571428,0.0,0.0,0.0,23.142857142857142,23.085714285714285,28.6,34.4,13,4,6117567,0,0.0,1.0,-1.6081226496766366e-16,0
Rawalpindi,2017,14,22.714285714285715,67.71428571428571,22.2,1012.8,5.185714285714285,0.0,0.0,0.0,23.24285714285714,23.142857142857142,18.7,28.6,14,4,6117567,0,0.0,0.992708874098054,-0.12053668025532288,0
Rawalpindi,2017,15,22.685714285714287,59.82857142857143,27.3,1014.7571428571428,4.728571428571429,0.0,0.0,0.0,23.17142857142857,23.24285714285714,29.6,18.7,15,4,6117567,0,0.0,0.9709418174260521,-0.2393156642875575,0
Rawalpindi,2017,16,24.728571428571428,60.142857142857146,17.9,1015.5285714285714,4.171428571428572,0.0,0.0,0.0,22.714285714285715,23.17142857142857,22.2,29.6,16,4,6117567,0,0.0,0.9350162426854148,-0.35460488704253545,0
Rawalpindi,2017,17,22.385714285714283,71.3,27.6,1016.0,5.314285714285715,0.0,0.0,0.0,22.685714285714287,22.714285714285715,27.3,22.2,17,4,6117567,0,0.0,0.8854560256532099,-0.4647231720437685,0
Rawalpindi,2017,18,22.957142857142856,54.48571428571429,30.5,1017.3,4.414285714285714,0.0,0.0,0.0,24.728571428571428,22.685714285714287,17.9,27.3,18,5,6117567,0,0.0,0.8229838658936565,-0.5680647467311557,0
Rawalpindi,2017,19,21.842857142857145,61.67142857142857,29.4,1014.8142857142856,5.442857142857143,0.0,0.0,0.0,22.385714285714283,24.728571428571428,27.6,17.9,19,5,6117567,0,0.0,0.7485107481711013,-0.6631226582407951,0
Rawalpindi,2017,20,23.728571428571428,59.457142857142856,33.2,1014.4142857142856,4.985714285714286,0.0,0.0,0.0,22.957142857142856,22.385714285714283,30.5,27.6,20,5,6117567,0,0.0,0.6631226582407952,-0.7485107481711012,0
Rawalpindi,2017,21,22.857142857142858,53.84285714285714,41.2,1015.4571428571428,5.428571428571429,0.0,0.0,0.0,21.842857142857145,22.957142857142856,29.4,30.5,21,5,6117567,0,0.0,0.5680647467311558,-0.8229838658936564,0
Rawalpindi,2017,22,28.6,71.64285714285714,33.4,1016.5428571428572,4.785714285714286,0.0,0.0,0.0,23.728571428571428,21.842857142857145,33.2,29.4,22,6,6117567,0,0.0,0.46472317204376906,-0.8854560256532096,0
Rawalpindi,2017,23,33.34285714285714,65.11428571428571,37.2,1017.4142857142856,5.285714285714286,0.0,0.0,0.0,22.857142857142858,23.728571428571428,41.2,33.2,23,6,6117567,0,0.0,0.35460488704253584,-0.9350162426854147,0
Rawalpindi,2017,24,35.528571428571425,61.05714285714286,37.2,1012.6285714285714,6.142857142857143,0.0,0.0,0.0,28.6,22.857142857142858,33.4,41.2,24,6,6117567,0,0.0,0.23931566428755768,-0.970941817426052,0
Rawalpindi,2017,25,34.528571428571425,66.67142857142856,26.3,1016.0571428571428,4.557142857142857,0.0,0.0,0.0,33.34285714285714,28.6,37.2,33.4,25,6,6117567,0,0.0,0.12053668025532308,-0.992708874098054,0
Rawalpindi,2017,26,34.34285714285714,64.77142857142857,26.2,1014.5,6.542857142857143,0.0,0.0,0.0,35.528571428571425,33.34285714285714,37.2,37.2,26,7,6117567,0,0.0,-3.216245299353273e-16,-1.0,1
Rawalpindi,2017,27,36.3,54.94285714285714,52.5,1015.4285714285714,5.542857142857143,0.0,0.0,0.0,34.528571428571425,35.528571428571425,26.3,37.2,27,7,6117567,0,0.0,-0.12053668025532283,-0.992708874098054,1
Rawalpindi,2017,28,35.68571428571429,65.38571428571429,89.0,1015.1857142857144,4.3,0.0,0.0,0.0,34.34285714285714,34.528571428571425,26.2,26.3,28,7,6117567,0,0.0,-0.23931566428755743,-0.9709418174260521,1
Rawalpindi,2017,29,33.18571428571429,69.12857142857142,97.2,1015.8142857142856,4.271428571428571,0.0,0.0,0.0,36.3,34.34285714285714,52.5,26.2,29,7,6117567,0,0.0,-0.3546048870425356,-0.9350162426854148,1
Rawalpindi,2017,30,34.457142857142856,66.84285714285714,97.7,1015.9142857142856,4.628571428571428,0.0,0.0,0.0,35.68571428571429,36.3,89.0,52.5,30,7,6117567,0,0.0,-0.46472317204376806,-0.8854560256532101,1
Rawalpindi,2017,31,35.98571428571429,71.34285714285714,85.4,1017.1,4.785714285714286,0.0,0.0,0.0,33.18571428571429,35.68571428571429,97.2,89.0,31,8,6117567,0,0.0,-0.5680647467311556,-0.8229838658936565,1
Rawalpindi,2017,32,33.48571428571429,59.371428571428574,53.7,1013.3142857142856,5.785714285714286,0.0,0.0,0.0,34.457142857142856,33.18571428571429,97.7,97.2,32,8,6117567,0,0.0,-0.663122658240795,-0.7485107481711013,1
Rawalpindi,2017,33,35.74285714285714,69.8,53.3,1015.9571428571428,6.028571428571429,0.0,0.0,0.0,35.98571428571429,34.457142857142856,85.4,97.7,33,8,6117567,0,0.0,-0.7485107481711011,-0.6631226582407952,1
Rawalpindi,2017,34,34.114285714285714,62.31428571428573,67.3,1014.2285714285716,5.485714285714286,0.0,0.0,0.0,33.48571428571429,35.98571428571429,53.7,85.4,34,8,6117567,1,0.6931471805599453,-0.8229838658936564,-0.5680647467311559,1
Rawalpindi,2017,35,28.014285714285712,69.92857142857143,77.1,1016.0857142857144,5.814285714285715,1.0,0.0,0.0,35.74285714285714,33.48571428571429,53.3,53.7,35,9,6117567,3,1.3862943611198906,-0.8854560256532096,-0.4647231720437691,1
Rawalpindi,2017,36,19.5,69.82857142857144,80.4,1015.7,4.5,3.0,1.0,0.0,34.114285714285714,35.74285714285714,67.3,53.3,36,9,6117567,6,1.9459101490553132,-0.9350162426854147,-0.3546048870425359,1
Rawalpindi,2017,37,19.042857142857144,64.97142857142856,69.5,1015.3142857142856,5.357142857142857,6.0,3.0,1.0,28.014285714285712,34.114285714285714,77.1,67.3,37,9,6117567,9,2.302585092994046,-0.970941817426052,-0.23931566428755774,1
Rawalpindi,2017,38,20.614285714285717,59.957142857142856,79.8,1014.2,5.071428571428571,9.0,6.0,3.0,19.5,28.014285714285712,80.4,77.1,38,9,6117567,30,3.4339872044851463,-0.992708874098054,-0.12053668025532357,1
Rawalpindi,2017,39,19.9,62.08571428571428,44.2,1014.1,5.628571428571428,30.0,9.0,6.0,19.042857142857144,19.5,69.5,80.4,39,10,6117567,40,3.713572066704308,-1.0,-1.8369701987210297e-16,1
Rawalpindi,2017,40,19.67142857142857,59.285714285714285,27.9,1015.157142857143,5.357142857142857,40.0,30.0,9.0,20.614285714285717,19.042857142857144,79.8,69.5,40,10,6117567,38,3.6635616461296463,-0.992708874098054,0.1205366802553232,1
Rawalpindi,2017,41,17.271428571428572,63.457142857142856,30.799999999999997,1016.3142857142856,6.5,38.0,40.0,30.0,19.9,20.614285714285717,44.2,79.8,41,10,6117567,50,3.9318256327243257,-0.9709418174260521,0.23931566428755738,1
Rawalpindi,2017,42,21.1,62.714285714285715,22.9,1014.3714285714286,3.742857142857143,50.0,38.0,40.0,19.67142857142857,19.9,27.9,44.2,42,10,6117567,53,3.9889840465642745,-0.9350162426854148,0.35460488704253557,1
Rawalpindi,2017,43,20.342857142857145,61.971428571428575,32.5,1013.7142857142856,4.142857142857143,53.0,50.0,38.0,17.271428571428572,19.67142857142857,30.799999999999997,27.9,43,10,6117567,29,3.4011973816621555,-0.8854560256532101,0.464723172043768,1
Rawalpindi,2017,44,18.5,67.6,31.9,1014.1285714285714,5.042857142857143,29.0,53.0,50.0,21.1,17.271428571428572,22.9,30.799999999999997,44,11,6117567,17,2.8903717578961645,-0.822983865893657,0.5680647467311548,0
Rawalpindi,2017,45,19.457142857142856,70.1,23.5,1014.3285714285714,4.314285714285714,17.0,29.0,53.0,20.342857142857145,21.1,32.5,22.9,45,11,6117567,26,3.295836866004329,-0.7485107481711011,0.6631226582407953,0
Rawalpindi,2017,46,19.685714285714287,60.4,21.9,1015.7285714285716,4.5,26.0,17.0,29.0,18.5,20.342857142857145,31.9,32.5,46,11,6117567,14,2.70805020110221,-0.6631226582407956,0.7485107481711007,0
Rawalpindi,2017,47,17.2,65.57142857142857,24.5,1016.0571428571428,4.0,14.0,26.0,17.0,19.457142857142856,18.5,23.5,31.9,47,11,6117567,1,0.6931471805599453,-0.5680647467311559,0.8229838658936564,0
Rawalpindi,2017,48,17.071428571428573,61.385714285714286,18.8,1015.3142857142856,4.671428571428571,1.0,14.0,26.0,19.685714285714287,19.457142857142856,21.9,23.5,48,12,6117567,4,1.6094379124341005,-0.4647231720437684,0.88545602565321,0
Rawalpindi,2017,49,10.971428571428572,58.542857142857144,13.6,1014.9,5.628571428571428,4.0,1.0,14.0,17.2,19.685714285714287,24.5,21.9,49,12,6117567,0,0.0,-0.35460488704253595,0.9350162426854147,0
Rawalpindi,2017,50,12.857142857142858,66.51428571428572,30.2,1015.8714285714286,5.285714285714286,0.0,4.0,1.0,17.071428571428573,17.2,18.8,24.5,50,12,6117567,0,0.0,-0.2393156642875578,0.970941817426052,0
Rawalpindi,2017,51,13.057142857142855,58.642857142857146,48.0,1014.6428571428572,5.714285714285714,0.0,0.0,4.0,10.971428571428572,17.071428571428573,13.6,18.8,51,12,6117567,0,0.0,-0.12053668025532363,0.992708874098054,0
Rawalpindi,2017,52,11.4,55.675,36.7,1013.1,4.9,0.0,0.0,0.0,12.857142857142858,10.971428571428572,30.2,13.6,52,1,6117567,0,0.0,6.432490598706546e-16,1.0,0
Rawalpindi,2018,1,11.625,64.8125,24.7,1015.975,4.9125,0.0,0.0,0.0,13.057142857142855,12.857142857142858,48.0,30.2,1,1,6117567,0,0.0,0.12053668025532305,0.992708874098054,0
Rawalpindi,2018,2,10.671428571428573,55.9,28.6,1013.7714285714286,4.514285714285714,0.0,0.0,0.0,11.4,13.057142857142855,36.7,48.0,2,1,6117567,0,0.0,0.23931566428755774,0.970941817426052,0
Rawalpindi,2018,3,12.914285714285716,60.68571428571429,24.0,1015.2714285714284,4.2,0.0,0.0,0.0,11.625,11.4,24.7,36.7,3,1,6117567,0,0.0,0.3546048870425356,0.9350162426854148,0
Rawalpindi,2018,4,12.44285714285714,64.58571428571429,35.9,1014.6714285714286,5.357142857142857,0.0,0.0,0.0,10.671428571428573,11.625,28.6,24.7,4,1,6117567,0,0.0,0.4647231720437685,0.8854560256532099,0
Rawalpindi,2018,5,10.957142857142856,56.3,47.0,1014.9428571428572,5.3428571428571425,0.0,0.0,0.0,12.914285714285716,10.671428571428573,24.0,28.6,5,2,6117567,0,0.0,0.5680647467311558,0.8229838658936564,0
Rawalpindi,2018,6,9.771428571428572,57.47142857142857,24.2,1014.657142857143,5.3999999999999995,0.0,0.0,0.0,12.44285714285714,12.914285714285716,35.9,24.0,6,2,6117567,0,0.0,0.6631226582407952,0.7485107481711011,0
Rawalpindi,2018,7,13.87142857142857,75.21428571428571,21.5,1015.9714285714286,4.885714285714286,0.0,0.0,0.0,10.957142857142856,12.44285714285714,47.0,35.9,7,2,6117567,0,0.0,0.7485107481711011,0.6631226582407953,0
Rawalpindi,2018,8,10.157142857142857,62.971428571428575,13.9,1013.1,4.8428571428571425,0.0,0.0,0.0,9.771428571428572,10.957142857142856,24.2,47.0,8,2,6117567,0,0.0,0.8229838658936564,0.5680647467311558,0
Rawalpindi,2018,9,20.8,60.17142857142857,31.3,1015.4714285714286,5.171428571428572,0.0,0.0,0.0,13.87142857142857,9.771428571428572,21.5,24.2,9,3,6117567,0,0.0,0.8854560256532098,0.4647231720437686,0
Rawalpindi,2018,10,22.0,64.94285714285715,22.2,1015.2142857142856,4.985714285714286,0.0,0.0,0.0,10.157142857142857,13.87142857142857,13.9,21.5,10,3,6117567,0,0.0,0.9350162426854148,0.35460488704253557,0
Rawalpindi,2018,11,21.785714285714285,69.75714285714285,33.1,1015.6,5.0,0.0,0.0,0.0,20.8,10.157142857142857,31.3,13.9,11,3,6117567,0,0.0,0.970941817426052,0.23931566428755804,0
Rawalpindi,2018,12,23.085714285714285,67.65714285714286,17.3,1014.8857142857142,4.414285714285714,0.0,0.0,0.0,22.0,20.8,22.2,31.3,12,3,6117567,0,0.0,0.992708874098054,0.120536680255323,0
Rawalpindi,2018,13,24.228571428571428,68.68571428571428,23.9,1012.5285714285714,4.0,0.0,0.0,0.0,21.785714285714285,22.0,33.1,22.2,13,4,6117567,0,0.0,1.0,-1.6081226496766366e-16,0
Rawalpindi,2018,14,20.357142857142858,62.05714285714286,13.8,1015.5285714285714,5.028571428571429,0.0,0.0,0.0,23.085714285714285,21.785714285714285,17.3,33.1,14,4,6117567,0,0.0,0.992708874098054,-0.12053668025532288,0
Rawalpindi,2018,15,24.414285714285715,62.25714285714286,28.0,1014.6428571428572,5.071428571428571,0.0,0.0,0.0,24.228571428571428,23.085714285714285,23.9,17.3,15,4,6117567,0,0.0,0.9709418174260521,-0.2393156642875575,0
Rawalpindi,2018,16,23.885714285714283,74.21428571428571,23.1,1014.5714285714286,4.742857142857143,0.0,0.0,0.0,20.357142857142858,24.228571428571428,13.8,23.9,16,4,6117567,0,0.0,0.9350162426854148,-0.35460488704253545,0
Rawalpindi,2018,17,24.042857142857144,60.5,26.5,1016.3142857142856,5.428571428571429,0.0,0.0,0.0,24.414285714285715,20.357142857142858,28.0,13.8,17,4,6117567,0,0.0,0.8854560256532099,-0.4647231720437685,0
Rawalpindi,2018,18,22.385714285714283,60.98571428571428,27.8,1014.6285714285714,4.814285714285715,0.0,0.0,0.0,23.885714285714283,24.414285714285715,23.1,28.0,18,5,6117567,0,0.0,0.8229838658936565,-0.5680647467311557,0
Rawalpindi,2018,19,21.657142857142855,58.81428571428571,30.200000000000003,1014.0,4.957142857142857,0.0,0.0,0.0,24.042857142857144,23.885714285714283,26.5,23.1,19,5,6117567,0,0.0,0.7485107481711013,-0.6631226582407951,0
Rawalpindi,2018,20,20.542857142857144,70.34285714285714,25.8,1013.5714285714286,4.685714285714285,0.0,0.0,0.0,22.385714285714283,24.042857142857144,27.8,26.5,20,5,6117567,1,0.6931471805599453,0.6631226582407952,-0.7485107481711012,0
Rawalpindi,2018,21,22.157142857142855,62.45714285714286,21.9,1015.5428571428572,4.871428571428572,1.0,0.0,0.0,21.657142857142855,22.385714285714283,30.200000000000003,27.8,21,5,6117567,0,0.0,0.5680647467311558,-0.8229838658936564,0
Rawalpindi,2018,22,29.6,66.97142857142858,23.5,1015.2,5.8,0.0,1.0,0.0,20.542857142857144,21.657142857142855,25.8,30.200000000000003,22,6,6117567,0,0.0,0.46472317204376906,-0.8854560256532096,0
Rawalpindi,2018,23,34.17142857142857,65.95714285714286,32.3,1016.1285714285714,4.128571428571428,0.0,0.0,1.0,22.157142857142855,20.542857142857144,21.9,25.8,23,6,6117567,0,0.0,0.35460488704253584,-0.9350162426854147,0
Rawalpindi,2018,24,34.05714285714286,65.62857142857143,41.0,1015.6857142857144,4.7,0.0,0.0,0.0,29.6,22.157142857142855,23.5,21.9,24,6,6117567,0,0.0,0.23931566428755768,-0.970941817426052,0
Rawalpindi,2018,25,33.51428571428571,69.1,27.3,1013.2142857142856,5.357142857142857,0.0,0.0,0.0,34.17142857142857,29.6,32.3,23.5,25,6,6117567,0,0.0,0.12053668025532308,-0.992708874098054,0
Rawalpindi,2018,26,33.628571428571426,61.528571428571425,47.2,1016.157142857143,4.757142857142857,0.0,0.0,0.0,34.05714285714286,34.17142857142857,41.0,32.3,26,7,6117567,0,0.0,-3.216245299353273e-16,-1.0,1
Rawalpindi,2018,27,33.8,66.21428571428571,55.900000000000006,1015.3142857142856,4.971428571428571,0.0,0.0,0.0,33.51428571428571,34.05714285714286,27.3,41.0,27,7,6117567,0,0.0,-0.12053668025532283,-0.992708874098054,1
Rawalpindi,2018,28,33.9,70.57142857142857,46.0,1014.9571428571428,4.685714285714285,0.0,0.0,0.0,33.628571428571426,33.51428571428571,47.2,27.3,28,7,6117567,0,0.0,-0.23931566428755743,-0.9709418174260521,1
Rawalpindi,2018,29,34.25714285714286,62.74285714285714,57.3,1015.0857142857144,5.6571428571428575,0.0,0.0,0.0,33.8,33.628571428571426,55.900000000000006,47.2,29,7,6117567,10,2.3978952727983707,-0.3546048870425356,-0.9350162426854148,1
Rawalpindi,2018,30,34.142857142857146,53.871428571428574,65.5,1012.9285714285714,5.285714285714286,10.0,0.0,0.0,33.9,33.8,46.0,55.900000000000006,30,7,6117567,4,1.6094379124341005,-0.46472317204376806,-0.8854560256532101,1
Rawalpindi,2018,31,34.91428571428572,62.042857142857144,77.7,1016.3142857142856,4.285714285714286,4.0,10.0,0.0,34.25714285714286,33.9,57.3,46.0,31,8,6117567,0,0.0,-0.5680647467311556,-0.8229838658936565,1
Rawalpindi,2018,32,32.82857142857143,63.24285714285714,36.5,1014.0714285714286,5.3428571428571425,0.0,4.0,10.0,34.142857142857146,34.25714285714286,65.5,57.3,32,8,6117567,2,1.0986122886681098,-0.663122658240795,-0.7485107481711013,1
Rawalpindi,2018,33,34.15714285714286,66.91428571428571,109.3,1015.842857142857,4.371428571428572,2.0,0.0,4.0,34.91428571428572,34.142857142857146,77.7,65.5,33,8,6117567,0,0.0,-0.7485107481711011,-0.6631226582407952,1
Rawalpindi,2018,34,32.9,62.32857142857143,86.9,1016.3857142857142,5.571428571428571,0.0,2.0,0.0,32.82857142857143,34.91428571428572,36.5,77.7,34,8,6117567,4,1.6094379124341005,-0.8229838658936564,-0.5680647467311559,1
Rawalpindi,2018,35,30.357142857142858,65.24285714285715,67.0,1016.3,4.814285714285715,4.0,0.0,2.0,34.15714285714286,32.82857142857143,109.3,36.5,35,9,6117567,3,1.3862943611198906,-0.8854560256532096,-0.4647231720437691,1
Rawalpindi,2018,36,18.02857142857143,65.21428571428571,103.6,1014.8714285714286,5.814285714285715,3.0,4.0,0.0,32.9,34.15714285714286,86.9,109.3,36,9,6117567,2,1.0986122886681098,-0.9350162426854147,-0.3546048870425359,1
Rawalpindi,2018,37,20.185714285714287,63.41428571428571,111.9,1017.0,4.542857142857143,2.0,3.0,4.0,30.357142857142858,32.9,67.0,86.9,37,9,6117567,9,2.302585092994046,-0.970941817426052,-0.23931566428755774,1
Rawalpindi,2018,38,18.442857142857143,65.27142857142857,66.1,1015.6,4.228571428571429,9.0,2.0,3.0,18.02857142857143,30.357142857142858,103.6,67.0,38,9,6117567,16,2.833213344056216,-0.992708874098054,-0.12053668025532357,1
Rawalpindi,2018,39,16.228571428571428,63.385714285714286,94.7,1014.3142857142856,5.485714285714286,16.0,9.0,2.0,20.185714285714287,18.02857142857143,111.9,103.6,39,9,6117567,22,3.1354942159291497,-1.0,-1.8369701987210297e-16,1
Rawalpindi,2018,40,17.9,57.214285714285715,11.1,1014.2,4.357142857142857,22.0,16.0,9.0,18.442857142857143,20.185714285714287,66.1,111.9,40,10,6117567,28,3.367295829986474,-0.992708874098054,0.1205366802553232,1
Rawalpindi,2018,41,18.642857142857142,69.27142857142857,32.0,1013.9571428571428,5.042857142857143,28.0,22.0,16.0,16.228571428571428,18.442857142857143,94.7,66.1,41,10,6117567,85,4.454347296253507,-0.9709418174260521,0.23931566428755738,1
Rawalpindi,2018,42,20.728571428571428,62.51428571428572,11.2,1016.1285714285714,5.585714285714286,85.0,28.0,22.0,17.9,16.228571428571428,11.1,94.7,42,10,6117567,68,4.23410650459726,-0.9350162426854148,0.35460488704253557,1
Rawalpindi,2018,43,20.057142857142857,64.57142857142857,31.9,1014.9142857142856,4.8,68.0,85.0,28.0,18.642857142857142,17.9,32.0,11.1,43,10,6117567,57,4.060443010546419,-0.8854560256532101,0.464723172043768,1
Rawalpindi,2018,44,16.985714285714288,63.271428571428565,41.1,1014.2285714285716,5.5,57.0,68.0,85.0,20.728571428571428,18.642857142857142,11.2,32.0,44,11,6117567,40,3.713572066704308,-0.822983865893657,0.5680647467311548,0
Rawalpindi,2018,45,18.6,63.01428571428572,19.9,1014.7,4.371428571428572,40.0,57.0,68.0,20.057142857142857,20.728571428571428,31.9,11.2,45,11,6117567,39,3.688879454113936,-0.7485107481711011,0.6631226582407953,0
Rawalpindi,2018,46,20.771428571428572,62.04285714285714,14.4,1013.5714285714286,5.271428571428571,39.0,40.0,57.0,16.985714285714288,20.057142857142857,41.1,31.9,46,11,6117567,21,3.091042453358316,-0.6631226582407956,0.7485107481711007,0
Rawalpindi,2018,47,17.87142857142857,56.25714285714285,44.7,1015.9285714285714,5.128571428571428,21.0,39.0,40.0,18.6,16.985714285714288,19.9,41.1,47,11,6117567,6,1.9459101490553132,-0.5680647467311559,0.8229838658936564,0
Rawalpindi,2018,48,16.442857142857143,65.74285714285715,21.8,1015.7,4.957142857142857,6.0,21.0,39.0,20.771428571428572,18.6,14.4,19.9,48,12,6117567,6,1.9459101490553132,-0.4647231720437684,0.88545602565321,0
Rawalpindi,2018,49,10.885714285714286,61.271428571428565,34.8,1016.7571428571428,5.057142857142857,6.0,6.0,21.0,17.87142857142857,20.771428571428572,44.7,14.4,49,12,6117567,1,0.6931471805599453,-0.35460488704253595,0.9350162426854147,0
Rawalpindi,2018,50,11.1,61.67142857142858,33.4,1014.6285714285714,3.985714285714286,1.0,6.0,6.0,16.442857142857143,17.87142857142857,21.8,44.7,50,12,6117567,0,0.0,-0.2393156642875578,0.970941817426052,0
Rawalpindi,2018,51,10.6,63.55714285714286,30.9,1016.4857142857144,6.142857142857143,0.0,1.0,6.0,10.885714285714286,16.442857142857143,34.8,21.8,51,12,6117567,0,0.0,-0.12053668025532363,0.992708874098054,0
Rawalpindi,2018,52,11.3,54.75714285714286,18.5,1016.9428571428572,5.128571428571428,0.0,0.0,1.0,11.1,10.885714285714286,33.4,34.8,52,12,6117567,0,0.0,6.432490598706546e-16,1.0,0
Rawalpindi,2019,1,11.475,61.8,36.9,1014.7625,5.1375,0.0,0.0,0.0,10.6,11.1,30.9,33.4,1,1,6117567,0,0.0,0.12053668025532305,0.992708874098054,0
Rawalpindi,2019,2,11.44285714285714,64.32857142857144,35.7,1015.6428571428572,4.828571428571428,0.0,0.0,0.0,11.3,10.6,18.5,30.9,2,1,6117567,0,0.0,0.23931566428755774,0.970941817426052,0
Rawalpindi,2019,3,11.028571428571428,62.442857142857136,27.0,1013.0142857142856,4.314285714285715,0.0,0.0,0.0,11.475,11.3,36.9,18.5,3,1,6117567,0,0.0,0.3546048870425356,0.9350162426854148,0
Rawalpindi,2019,4,11.44285714285714,60.4,14.2,1015.9285714285714,4.857142857142857,0.0,0.0,0.0,11.44285714285714,11.475,35.7,36.9,4,1,6117567,0,0.0,0.4647231720437685,0.8854560256532099,0
Rawalpindi,2019,5,10.957142857142856,61.385714285714286,20.1,1014.9428571428572,4.914285714285714,0.0,0.0,0.0,11.028571428571428,11.44285714285714,27.0,35.7,5,2,6117567,0,0.0,0.5680647467311558,0.8229838658936564,0
Rawalpindi,2019,6,10.514285714285714,63.15714285714286,37.2,1014.7,5.357142857142857,0.0,0.0,0.0,11.44285714285714,11.028571428571428,14.2,27.0,6,2,6117567,0,0.0,0.6631226582407952,0.7485107481711011,0
Rawalpindi,2019,7,10.9,52.471428571428575,35.9,1014.9857142857144,4.814285714285715,0.0,0.0,0.0,10.957142857142856,11.44285714285714,20.1,14.2,7,2,6117567,0,0.0,0.7485107481711011,0.6631226582407953,0
Rawalpindi,2019,8,10.828571428571427,61.542857142857144,32.699999999999996,1016.8,5.714285714285714,0.0,0.0,0.0,10.514285714285714,10.957142857142856,37.2,20.1,8,2,6117567,0,0.0,0.8229838658936564,0.5680647467311558,0
Rawalpindi,2019,9,16.0,63.42857142857143,27.0,1014.5714285714286,4.714285714285714,0.0,0.0,0.0,10.9,10.514285714285714,35.9,37.2,9,3,6117567,0,0.0,0.8854560256532098,0.4647231720437686,0
Rawalpindi,2019,10,22.74285714285714,61.371428571428574,24.2,1014.3285714285714,5.8,0.0,0.0,0.0,10.828571428571427,10.9,32.699999999999996,35.9,10,3,6117567,0,0.0,0.9350162426854148,0.35460488704253557,0
Rawalpindi,2019,11,22.17142857142857,62.285714285714285,33.3,1014.4714285714286,5.228571428571429,0.0,0.0,0.0,16.0,10.828571428571427,27.0,32.699999999999996,11,3,6117567,0,0.0,0.970941817426052,0.23931566428755804,0
Rawalpindi,2019,12,22.557142857142857,53.614285714285714,24.1,1013.3571428571428,4.571428571428571,0.0,0.0,0.0,22.74285714285714,16.0,24.2,27.0,12,3,6117567,0,0.0,0.992708874098054,0.120536680255323,0
Rawalpindi,2019,13,23.442857142857143,57.4,34.1,1015.6714285714286,5.871428571428572,0.0,0.0,0.0,22.17142857142857,22.74285714285714,33.3,24.2,13,3,6117567,0,0.0,1.0,-1.6081226496766366e-16,0
Rawalpindi,2019,14,23.9,59.24285714285714,15.9,1017.1142857142858,4.328571428571428,0.0,0.0,0.0,22.557142857142857,22.17142857142857,24.1,33.3,14,4,6117567,0,0.0,0.992708874098054,-0.12053668025532288,0
Rawalpindi,2019,15,23.75714285714286,67.74285714285715,20.5,1015.7142857142856,4.942857142857143,0.0,0.0,0.0,23.442857142857143,22.557142857142857,34.1,24.1,15,4,6117567,0,0.0,0.9709418174260521,-0.2393156642875575,0
Rawalpindi,2019,16,22.557142857142857,67.4,34.1,1015.2,5.928571428571429,0.0,0.0,0.0,23.9,23.442857142857143,15.9,34.1,16,4,6117567,0,0.0,0.9350162426854148,-0.35460488704253545,0
Rawalpindi,2019,17,24.385714285714283,57.9,19.200000000000003,1015.6285714285714,3.414285714285714,0.0,0.0,0.0,23.75714285714286,23.9,20.5,15.9,17,4,6117567,0,0.0,0.8854560256532099,-0.4647231720437685,0
Rawalpindi,2019,18,24.1,59.57142857142857,27.8,1014.2714285714284,4.857142857142857,0.0,0.0,0.0,22.557142857142857,23.75714285714286,34.1,20.5,18,5,6117567,0,0.0,0.8229838658936565,-0.5680647467311557,0
Rawalpindi,2019,19,24.2,59.51428571428572,51.0,1014.8285714285714,5.1571428571428575,0.0,0.0,0.0,24.385714285714283,22.557142857142857,19.200000000000003,34.1,19,5,6117567,0,0.0,0.7485107481711013,-0.6631226582407951,0
Rawalpindi,2019,20,22.74285714285714,58.4,31.9,1014.9,5.485714285714286,0.0,0.0,0.0,24.1,24.385714285714283,27.8,19.200000000000003,20,5,6117567,0,0.0,0.6631226582407952,-0.7485107481711012,0
Rawalpindi,2019,21,21.3,61.771428571428565,19.6,1013.5428571428572,4.342857142857143,0.0,0.0,0.0,24.2,24.1,51.0,27.8,21,5,6117567,0,0.0,0.5680647467311558,-0.8229838658936564,0
Rawalpindi,2019,22,24.74285714285714,60.41428571428571,22.0,1013.3,4.485714285714286,0.0,0.0,0.0,22.74285714285714,24.2,31.9,51.0,22,6,6117567,0,0.0,0.46472317204376906,-0.8854560256532096,0
Rawalpindi,2019,23,32.15714285714286,61.58571428571429,16.0,1015.1142857142858,4.871428571428572,0.0,0.0,0.0,21.3,22.74285714285714,19.6,31.9,23,6,6117567,0,0.0,0.35460488704253584,-0.9350162426854147,0
Rawalpindi,2019,24,34.24285714285714,60.785714285714285,32.4,1015.6,5.3999999999999995,0.0,0.0,0.0,24.74285714285714,21.3,22.0,19.6,24,6,6117567,0,0.0,0.23931566428755768,-0.970941817426052,0
Rawalpindi,2019,25,32.51428571428572,62.728571428571435,25.0,1016.4857142857144,5.557142857142857,0.0,0.0,0.0,32.15714285714286,24.74285714285714,16.0,22.0,25,6,6117567,0,0.0,0.12053668025532308,-0.992708874098054,0
Rawalpindi,2019,26,34.15714285714286,64.85714285714286,31.5,1013.4857142857144,3.9142857142857146,0.0,0.0,0.0,34.24285714285714,32.15714285714286,32.4,16.0,26,6,6117567,2,1.0986122886681098,-3.216245299353273e-16,-1.0,0
Rawalpindi,2019,27,33.84285714285714,65.04285714285714,85.8,1012.4571428571428,6.442857142857143,2.0,0.0,0.0,32.51428571428572,34.24285714285714,25.0,32.4,27,7,6117567,2,1.0986122886681098,-0.12053668025532283,-0.992708874098054,1
Rawalpindi,2019,28,35.457142857142856,60.5,74.3,1016.8714285714286,4.728571428571429,2.0,2.0,0.0,34.15714285714286,32.51428571428572,31.5,25.0,28,7,6117567,1,0.6931471805599453,-0.23931566428755743,-0.9709418174260521,1
Rawalpindi,2019,29,33.72857142857143,62.128571428571426,53.2,1016.4571428571428,5.071428571428571,1.0,2.0,2.0,33.84285714285714,34.15714285714286,85.8,31.5,29,7,6117567,0,0.0,-0.3546048870425356,-0.9350162426854148,1
Rawalpindi,2019,30,34.8,68.61428571428571,84.9,1015.3,4.257142857142857,0.0,1.0,2.0,35.457142857142856,33.84285714285714,74.3,85.8,30,7,6117567,3,1.3862943611198906,-0.46472317204376806,-0.8854560256532101,1
Rawalpindi,2019,31,33.371428571428574,64.55714285714285,79.2,1013.7428571428572,4.2,3.0,0.0,1.0,33.72857142857143,35.457142857142856,53.2,74.3,31,8,6117567,7,2.0794415416798357,-0.5680647467311556,-0.8229838658936565,1
Rawalpindi,2019,32,34.44285714285714,59.785714285714285,87.5,1015.1714285714286,5.185714285714285,7.0,3.0,0.0,34.8,33.72857142857143,84.9,53.2,32,8,6117567,27,3.332204510175204,-0.663122658240795,-0.7485107481711013,1
Rawalpindi,2019,33,33.68571428571429,62.12857142857143,49.5,1013.6714285714286,6.042857142857143,27.0,7.0,3.0,33.371428571428574,34.8,79.2,84.9,33,8,6117567,31,3.4657359027997265,-0.7485107481711011,-0.6631226582407952,1
Rawalpindi,2019,34,34.142857142857146,65.28571428571429,82.7,1016.0142857142856,5.7,31.0,27.0,7.0,34.44285714285714,33.371428571428574,87.5,79.2,34,8,6117567,160,5.081404364984463,-0.8229838658936564,-0.5680647467311559,1
Rawalpindi,2019,35,32.05714285714286,58.42857142857143,126.2,1013.4714285714286,5.2,160.0,31.0,27.0,33.68571428571429,34.44285714285714,49.5,87.5,35,9,6117567,298,5.700443573390687,-0.8854560256532096,-0.4647231720437691,1
Rawalpindi,2019,36,19.37142857142857,64.9,112.2,1013.6428571428572,4.414285714285715,298.0,160.0,31.0,34.142857142857146,33.68571428571429,82.7,49.5,36,9,6117567,418,6.037870919922137,-0.9350162426854147,-0.3546048870425359,1
Rawalpindi,2019,37,20.37142857142857,61.7,77.0,1015.8714285714286,5.085714285714286,418.0,298.0,160.0,32.05714285714286,34.142857142857146,126.2,82.7,37,9,6117567,531,6.2766434893416445,-0.970941817426052,-0.23931566428755774,1
Rawalpindi,2019,38,20.24285714285714,60.98571428571428,71.9,1014.4142857142856,4.371428571428572,531.0,418.0,298.0,19.37142857142857,32.05714285714286,112.2,126.2,38,9,6117567,686,6.532334292222349,-0.992708874098054,-0.12053668025532357,1
Rawalpindi,2019,39,19.942857142857143,58.614285714285714,31.9,1014.4285714285714,4.5,686.0,531.0,418.0,20.37142857142857,19.37142857142857,77.0,112.2,39,9,6117567,839,6.733401891837359,-1.0,-1.8369701987210297e-16,1
Rawalpindi,2019,40,19.814285714285713,63.771428571428565,20.5,1016.9142857142856,4.828571428571428,839.0,686.0,531.0,20.24285714285714,20.37142857142857,71.9,77.0,40,10,6117567,669,6.507277712385012,-0.992708874098054,0.1205366802553232,1
Rawalpindi,2019,41,19.285714285714285,64.28571428571429,36.0,1015.0142857142856,4.685714285714285,669.0,839.0,686.0,19.942857142857143,20.24285714285714,31.9,71.9,41,10,6117567,768,6.645090969505644,-0.9709418174260521,0.23931566428755738,1
Rawalpindi,2019,42,19.485714285714288,65.04285714285714,34.5,1016.3285714285714,3.1142857142857143,768.0,669.0,839.0,19.814285714285713,19.942857142857143,20.5,31.9,42,10,6117567,383,5.950642552587727,-0.9350162426854148,0.35460488704253557,1
Rawalpindi,2019,43,18.82857142857143,65.45714285714286,17.8,1017.2571428571428,5.285714285714286,383.0,768.0,669.0,19.285714285714285,19.814285714285713,36.0,20.5,43,10,6117567,501,6.218600119691729,-0.8854560256532101,0.464723172043768,1
Rawalpindi,2019,44,19.87142857142857,61.18571428571429,60.6,1013.7571428571428,5.471428571428571,501.0,383.0,768.0,19.485714285714288,19.285714285714285,34.5,36.0,44,11,6117567,280,5.638354669333745,-0.822983865893657,0.5680647467311548,0
Rawalpindi,2019,45,19.071428571428573,61.971428571428575,23.8,1014.9571428571428,5.171428571428572,280.0,501.0,383.0,18.82857142857143,19.485714285714288,17.8,34.5,45,11,6117567,167,5.123963979403259,-0.7485107481711011,0.6631226582407953,0
Rawalpindi,2019,46,19.87142857142857,68.21428571428571,57.7,1014.1857142857144,5.014285714285714,167.0,280.0,501.0,19.87142857142857,18.82857142857143,60.6,17.8,46,11,6117567,83,4.430816798843313,-0.6631226582407956,0.7485107481711007,0
Rawalpindi,2019,47,19.385714285714283,60.91428571428571,15.8,1014.4,5.628571428571428,83.0,167.0,280.0,19.071428571428573,19.87142857142857,23.8,60.6,47,11,6117567,29,3.4011973816621555,-0.5680647467311559,0.8229838658936564,0
Rawalpindi,2019,48,16.82857142857143,62.214285714285715,42.0,1013.3714285714286,5.314285714285715,29.0,83.0,167.0,19.87142857142857,19.071428571428573,57.7,23.8,48,12,6117567,17,2.8903717578961645,-0.4647231720437684,0.88545602565321,0
Rawalpindi,2019,49,10.957142857142856,59.457142857142856,55.5,1016.7285714285716,5.014285714285714,17.0,29.0,83.0,19.385714285714283,19.87142857142857,15.8,57.7,49,12,6117567,7,2.0794415416798357,-0.35460488704253595,0.9350162426854147,0
Rawalpindi,2019,50,10.185714285714283,59.41428571428571,34.0,1014.5,3.6714285714285713,7.0,17.0,29.0,16.82857142857143,19.385714285714283,42.0,15.8,50,12,6117567,6,1.9459101490553132,-0.2393156642875578,0.970941817426052,0
Rawalpindi,2019,51,12.257142857142856,56.3,22.9,1014.9714285714286,4.1,6.0,7.0,17.0,10.957142857142856,16.82857142857143,55.5,42.0,51,12,6117567,1,0.6931471805599453,-0.12053668025532363,0.992708874098054,0
Rawalpindi,2019,52,13.171428571428573,52.15714285714286,44.3,1014.6428571428572,5.928571428571429,1.0,6.0,7.0,10.185714285714283,10.957142857142856,34.0,55.5,52,12,6117567,0,0.0,6.432490598706546e-16,1.0,0
Rawalpindi,2020,1,11.9,61.5,27.1,1014.52,5.26,0.0,1.0,6.0,12.257142857142856,10.185714285714283,22.9,34.0,1,1,6117567,0,0.0,0.12053668025532305,0.992708874098054,0
Rawalpindi,2020,2,12.257142857142856,73.22857142857143,47.8,1013.842857142857,5.1571428571428575,0.0,0.0,1.0,13.171428571428573,12.257142857142856,44.3,22.9,2,1,6117567,0,0.0,0.23931566428755774,0.970941817426052,0
Rawalpindi,2020,3,12.2,63.05714285714286,35.0,1014.9857142857144,5.428571428571429,0.0,0.0,0.0,11.9,13.171428571428573,27.1,44.3,3,1,6117567,0,0.0,0.3546048870425356,0.9350162426854148,0
Rawalpindi,2020,4,12.785714285714286,70.02857142857142,18.1,1013.9714285714286,5.471428571428571,0.0,0.0,0.0,12.257142857142856,11.9,47.8,27.1,4,1,6117567,0,0.0,0.4647231720437685,0.8854560256532099,0
Rawalpindi,2020,5,10.757142857142856,60.271428571428565,14.8,1016.7571428571428,6.357142857142857,0.0,0.0,0.0,12.2,12.257142857142856,35.0,47.8,5,2,6117567,0,0.0,0.5680647467311558,0.8229838658936564,0
Rawalpindi,2020,6,12.171428571428573,64.15714285714286,21.3,1015.3142857142856,5.142857142857143,0.0,0.0,0.0,12.785714285714286,12.2,18.1,35.0,6,2,6117567,0,0.0,0.6631226582407952,0.7485107481711011,0
Rawalpindi,2020,7,10.528571428571428,58.51428571428572,21.8,1014.8571428571428,5.928571428571429,0.0,0.0,0.0,10.757142857142856,12.785714285714286,14.8,18.1,7,2,6117567,0,0.0,0.7485107481711011,0.6631226582407953,0
Rawalpindi,2020,8,10.514285714285714,55.8,16.8,1016.6714285714286,4.714285714285714,0.0,0.0,0.0,12.171428571428573,10.757142857142856,21.3,14.8,8,2,6117567,0,0.0,0.8229838658936564,0.5680647467311558,0
Rawalpindi,2020,9,13.257142857142856,71.05714285714285,32.1,1014.3285714285714,5.057142857142857,0.0,0.0,0.0,10.528571428571428,12.171428571428573,21.8,21.3,9,3,6117567,0,0.0,0.8854560256532098,0.4647231720437686,0
Rawalpindi,2020,10,21.7,62.728571428571435,32.3,1013.9428571428572,4.571428571428571,0.0,0.0,0.0,10.514285714285714,10.528571428571428,16.8,21.8,10,3,6117567,0,0.0,0.9350162426854148,0.35460488704253557,0
Rawalpindi,2020,11,24.114285714285717,54.67142857142857,21.7,1015.657142857143,5.071428571428571,0.0,0.0,0.0,13.257142857142856,10.514285714285714,32.1,16.8,11,3,6117567,0,0.0,0.970941817426052,0.23931566428755804,0
Rawalpindi,2020,12,22.542857142857144,60.6,25.8,1014.7428571428572,5.714285714285714,0.0,0.0,0.0,21.7,13.257142857142856,32.3,32.1,12,3,6117567,0,0.0,0.992708874098054,0.120536680255323,0
Rawalpindi,2020,13,22.414285714285715,60.72857142857142,17.8,1016.4428571428572,4.557142857142858,0.0,0.0,0.0,24.114285714285717,21.7,21.7,32.3,13,3,6117567,0,0.0,1.0,-1.6081226496766366e-16,0
Rawalpindi,2020,14,22.057142857142857,58.15714285714285,38.2,1013.8285714285714,4.914285714285714,0.0,0.0,0.0,22.542857142857144,24.114285714285717,25.8,21.7,14,4,6117567,0,0.0,0.992708874098054,-0.12053668025532288,0
Rawalpindi,2020,15,21.585714285714285,59.4,19.1,1015.2,4.942857142857143,0.0,0.0,0.0,22.414285714285715,22.542857142857144,17.8,25.8,15,4,6117567,0,0.0,0.9709418174260521,-0.2393156642875575,0
Rawalpindi,2020,16,22.842857142857145,60.55714285714286,33.3,1015.1,4.6571428571428575,0.0,0.0,0.0,22.057142857142857,22.414285714285715,38.2,17.8,16,4,6117567,0,0.0,0.9350162426854148,-0.35460488704253545,0
Rawalpindi,2020,17,22.457142857142856,59.84285714285715,22.4,1016.657142857143,4.771428571428571,0.0,0.0,0.0,21.585714285714285,22.057142857142857,19.1,38.2,17,4,6117567,0,0.0,0.8854560256532099,-0.4647231720437685,0
Rawalpindi,2020,18,22.52857142857143,59.25714285714286,26.6,1015.4142857142856,4.428571428571429,0.0,0.0,0.0,22.842857142857145,21.585714285714285,33.3,19.1,18,5,6117567,0,0.0,0.8229838658936565,-0.5680647467311557,0
Rawalpindi,2020,19,21.957142857142856,56.528571428571425,25.8,1015.3857142857142,5.3,0.0,0.0,0.0,22.457142857142856,22.842857142857145,22.4,33.3,19,5,6117567,0,0.0,0.7485107481711013,-0.6631226582407951,0
Rawalpindi,2020,20,19.842857142857145,61.471428571428575,31.299999999999997,1015.2,4.4714285714285715,0.0,0.0,0.0,22.52857142857143,22.457142857142856,26.6,22.4,20,5,6117567,0,0.0,0.6631226582407952,-0.7485107481711012,0
Rawalpindi,2020,21,23.328571428571426,63.91428571428571,36.3,1014.9142857142856,5.685714285714285,0.0,0.0,0.0,21.957142857142856,22.52857142857143,25.8,26.6,21,5,6117567,0,0.0,0.5680647467311558,-0.8229838658936564,0
Rawalpindi,2020,22,22.114285714285717,68.45714285714286,25.0,1017.0714285714286,5.614285714285714,0.0,0.0,0.0,19.842857142857145,21.957142857142856,31.299999999999997,25.8,22,5,6117567,0,0.0,0.46472317204376906,-0.8854560256532096,0
Rawalpindi,2020,23,35.74285714285714,60.39999999999999,35.1,1014.2142857142856,6.271428571428571,0.0,0.0,0.0,23.328571428571426,19.842857142857145,36.3,31.299999999999997,23,6,6117567,0,0.0,0.35460488704253584,-0.9350162426854147,0
Rawalpindi,2020,24,33.42857142857143,61.871428571428574,17.8,1013.0857142857144,4.928571428571429,0.0,0.0,0.0,22.114285714285717,23.328571428571426,25.0,36.3,24,6,6117567,0,0.0,0.23931566428755768,-0.970941817426052,0
Rawalpindi,2020,25,33.2,55.55714285714286,32.4,1014.7,4.257142857142857,0.0,0.0,0.0,35.74285714285714,22.114285714285717,35.1,25.0,25,6,6117567,0,0.0,0.12053668025532308,-0.992708874098054,0
Rawalpindi,2020,26,33.114285714285714,73.51428571428572,20.299999999999997,1015.5857142857144,4.671428571428572,0.0,0.0,0.0,33.42857142857143,35.74285714285714,17.8,35.1,26,6,6117567,0,0.0,-3.216245299353273e-16,-1.0,0
Rawalpindi,2020,27,33.285714285714285,75.54285714285713,42.9,1014.4428571428572,4.771428571428571,0.0,0.0,0.0,33.2,33.42857142857143,32.4,17.8,27,7,6117567,0,0.0,-0.12053668025532283,-0.992708874098054,1
Rawalpindi,2020,28,31.3,64.2,63.8,1013.7428571428572,5.042857142857143,0.0,0.0,0.0,33.114285714285714,33.2,20.299999999999997,32.4,28,7,6117567,0,0.0,-0.23931566428755743,-0.9709418174260521,1
Rawalpindi,2020,29,35.9,52.4,30.9,1014.9142857142858,4.885714285714286,0.0,0.0,0.0,33.285714285714285,33.114285714285714,42.9,20.299999999999997,29,7,6117567,0,0.0,-0.3546048870425356,-0.9350162426854148,1
Rawalpindi,2020,30,33.957142857142856,63.614285714285714,43.7,1015.6857142857144,4.8,0.0,0.0,0.0,31.3,33.285714285714285,63.8,42.9,30,7,6117567,6,1.9459101490553132,-0.46472317204376806,-0.8854560256532101,1
Rawalpindi,2020,31,32.971428571428575,63.114285714285714,77.8,1015.8,5.542857142857143,6.0,0.0,0.0,35.9,31.3,30.9,63.8,31,8,6117567,2,1.0986122886681098,-0.5680647467311556,-0.8229838658936565,1
Rawalpindi,2020,32,31.52857142857143,69.51428571428572,88.10000000000001,1013.0285714285714,4.971428571428571,2.0,6.0,0.0,33.957142857142856,35.9,43.7,30.9,32,8,6117567,0,0.0,-0.663122658240795,-0.7485107481711013,1
Rawalpindi,2020,33,33.628571428571426,69.21428571428571,69.8,1014.5285714285714,4.3428571428571425,0.0,2.0,6.0,32.971428571428575,33.957142857142856,77.8,43.7,33,8,6117567,0,0.0,-0.7485107481711011,-0.6631226582407952,1
Rawalpindi,2020,34,34.24285714285715,68.05714285714285,57.3,1013.6428571428572,5.557142857142857,0.0,0.0,2.0,31.52857142857143,32.971428571428575,88.10000000000001,77.8,34,8,6117567,6,1.9459101490553132,-0.8229838658936564,-0.5680647467311559,1
Rawalpindi,2020,35,31.014285714285712,72.82857142857144,120.6,1015.0142857142856,5.114285714285714,6.0,0.0,0.0,33.628571428571426,31.52857142857143,69.8,88.10000000000001,35,8,6117567,0,0.0,-0.8854560256532096,-0.4647231720437691,1
Rawalpindi,2020,36,23.52857142857143,59.44285714285714,47.5,1015.0428571428572,5.8,0.0,6.0,0.0,34.24285714285715,33.628571428571426,57.3,69.8,36,9,6117567,0,0.0,-0.9350162426854147,-0.3546048870425359,1
Rawalpindi,2020,37,17.657142857142855,60.67142857142857,123.8,1016.4285714285714,4.585714285714286,0.0,0.0,6.0,31.014285714285712,34.24285714285715,120.6,57.3,37,9,6117567,6,1.9459101490553132,-0.970941817426052,-0.23931566428755774,1
Rawalpindi,2020,38,20.185714285714287,59.84285714285715,57.0,1016.6142857142858,4.785714285714286,6.0,0.0,0.0,23.52857142857143,31.014285714285712,47.5,120.6,38,9,6117567,0,0.0,-0.992708874098054,-0.12053668025532357,1
Rawalpindi,2020,39,19.62857142857143,57.41428571428571,54.9,1015.4428571428572,4.671428571428572,0.0,6.0,0.0,17.657142857142855,23.52857142857143,123.8,47.5,39,9,6117567,0,0.0,-1.0,-1.8369701987210297e-16,1
Rawalpindi,2020,40,19.142857142857142,66.0,43.2,1013.4,5.742857142857143,0.0,0.0,6.0,20.185714285714287,17.657142857142855,57.0,123.8,40,10,6117567,4,1.6094379124341005,-0.992708874098054,0.1205366802553232,1
Rawalpindi,2020,41,18.985714285714288,63.01428571428572,15.7,1012.1857142857144,3.742857142857143,4.0,0.0,0.0,19.62857142857143,20.185714285714287,54.9,57.0,41,10,6117567,8,2.1972245773362196,-0.9709418174260521,0.23931566428755738,1
Rawalpindi,2020,42,20.485714285714288,69.01428571428572,25.0,1013.7571428571428,5.3,8.0,4.0,0.0,19.142857142857142,19.62857142857143,43.2,54.9,42,10,6117567,0,0.0,-0.9350162426854148,0.35460488704253557,1
Rawalpindi,2020,43,20.0,62.10000000000001,36.1,1014.8142857142856,5.042857142857143,0.0,8.0,4.0,18.985714285714288,19.142857142857142,15.7,43.2,43,10,6117567,0,0.0,-0.8854560256532101,0.464723172043768,1
Rawalpindi,2020,44,19.228571428571428,69.32857142857144,20.4,1016.4857142857144,4.171428571428572,0.0,0.0,8.0,20.485714285714288,18.985714285714288,25.0,15.7,44,11,6117567,0,0.0,-0.822983865893657,0.5680647467311548,0
Rawalpindi,2020,45,19.12857142857143,61.614285714285714,46.1,1015.5142857142856,5.471428571428571,0.0,0.0,0.0,20.0,20.485714285714288,36.1,25.0,45,11,6117567,0,0.0,-0.7485107481711011,0.6631226582407953,0
Rawalpindi,2020,46,17.814285714285713,57.68571428571429,25.9,1014.5428571428572,4.771428571428571,0.0,0.0,0.0,19.228571428571428,20.0,20.4,36.1,46,11,6117567,0,0.0,-0.6631226582407956,0.7485107481711007,0
Rawalpindi,2020,47,19.557142857142857,60.81428571428571,35.9,1013.4857142857144,5.542857142857143,0.0,0.0,0.0,19.12857142857143,19.228571428571428,46.1,20.4,47,11,6117567,0,0.0,-0.5680647467311559,0.8229838658936564,0
Rawalpindi,2020,48,19.228571428571428,57.285714285714285,46.1,1015.2428571428572,5.285714285714286,0.0,0.0,0.0,17.814285714285713,19.12857142857143,25.9,46.1,48,11,6117567,0,0.0,-0.4647231720437684,0.88545602565321,0
Rawalpindi,2020,49,11.271428571428572,64.44285714285715,11.7,1013.5857142857144,5.714285714285714,0.0,0.0,0.0,19.557142857142857,17.814285714285713,35.9,25.9,49,12,6117567,0,0.0,-0.35460488704253595,0.9350162426854147,0
Rawalpindi,2020,50,13.171428571428573,55.34285714285714,30.1,1013.0285714285714,5.3999999999999995,0.0,0.0,0.0,19.228571428571428,19.557142857142857,46.1,35.9,50,12,6117567,0,0.0,-0.2393156642875578,0.970941817426052,0
Rawalpindi,2020,51,11.571428571428571,63.771428571428565,28.5,1017.0428571428572,4.628571428571428,0.0,0.0,0.0,11.271428571428572,19.228571428571428,11.7,46.1,51,12,6117567,0,0.0,-0.12053668025532363,0.992708874098054,0
Rawalpindi,2020,52,12.757142857142856,62.88571428571429,29.6,1014.0857142857144,5.1571428571428575,0.0,0.0,0.0,13.171428571428573,11.271428571428572,30.1,11.7,52,12,6117567,0,0.0,6.432490598706546e-16,1.0,0
Rawalpindi,2020,53,12.125,59.65,11.7,1016.225,6.175,0.0,0.0,0.0,11.571428571428571,13.171428571428573,28.5,30.1,53,12,6117567,0,0.0,0.12053668025532314,0.992708874098054,0
Rawalpindi,2021,1,12.785714285714286,59.957142857142856,17.5,1014.5571428571428,5.1000000000000005,0.0,0.0,0.0,12.757142857142856,11.571428571428571,29.6,28.5,1,1,6117567,0,0.0,0.12053668025532305,0.992708874098054,0
Rawalpindi,2021,2,10.914285714285716,66.24285714285715,17.1,1015.7857142857144,5.357142857142857,0.0,0.0,0.0,12.125,12.757142857142856,11.7,29.6,2,1,6117567,0,0.0,0.23931566428755774,0.970941817426052,0
Rawalpindi,2021,3,12.614285714285714,57.17142857142857,41.9,1015.9,4.214285714285714,0.0,0.0,0.0,12.785714285714286,12.125,17.5,11.7,3,1,6117567,0,0.0,0.3546048870425356,0.9350162426854148,0
Rawalpindi,2021,4,11.385714285714286,61.94285714285714,18.2,1013.842857142857,4.942857142857143,0.0,0.0,0.0,10.914285714285716,12.785714285714286,17.1,17.5,4,1,6117567,0,0.0,0.4647231720437685,0.8854560256532099,0
Rawalpindi,2021,5,10.44285714285714,56.457142857142856,40.3,1013.4714285714286,4.771428571428571,0.0,0.0,0.0,12.614285714285714,10.914285714285716,41.9,17.1,5,2,6117567,0,0.0,0.5680647467311558,0.8229838658936564,0
Rawalpindi,2021,6,11.842857142857143,63.82857142857143,26.1,1014.3714285714286,4.371428571428572,0.0,0.0,0.0,11.385714285714286,12.614285714285714,18.2,41.9,6,2,6117567,0,0.0,0.6631226582407952,0.7485107481711011,0
Rawalpindi,2021,7,11.485714285714286,54.8,33.9,1014.342857142857,4.557142857142857,0.0,0.0,0.0,10.44285714285714,11.385714285714286,40.3,18.2,7,2,6117567,0,0.0,0.7485107481711011,0.6631226582407953,0
Rawalpindi,2021,8,12.357142857142858,58.3,32.1,1015.1142857142858,5.828571428571428,0.0,0.0,0.0,11.842857142857143,10.44285714285714,26.1,40.3,8,2,6117567,0,0.0,0.8229838658936564,0.5680647467311558,0
Rawalpindi,2021,9,23.785714285714285,67.68571428571428,16.8,1014.6142857142858,5.242857142857143,0.0,0.0,0.0,11.485714285714286,11.842857142857143,33.9,26.1,9,3,6117567,0,0.0,0.8854560256532098,0.4647231720437686,0
Rawalpindi,2021,10,22.62857142857143,62.214285714285715,44.2,1015.0142857142856,4.571428571428571,0.0,0.0,0.0,12.357142857142858,11.485714285714286,32.1,33.9,10,3,6117567,0,0.0,0.9350162426854148,0.35460488704253557,0
Rawalpindi,2021,11,23.285714285714285,52.6,18.1,1011.842857142857,5.271428571428571,0.0,0.0,0.0,23.785714285714285,12.357142857142858,16.8,32.1,11,3,6117567,0,0.0,0.970941817426052,0.23931566428755804,0
Rawalpindi,2021,12,20.385714285714283,58.357142857142854,23.4,1014.342857142857,5.614285714285715,0.0,0.0,0.0,22.62857142857143,23.785714285714285,44.2,16.8,12,3,6117567,0,0.0,0.992708874098054,0.120536680255323,0
Rawalpindi,2021,13,22.74285714285714,66.84285714285714,26.0,1013.8857142857142,4.771428571428571,0.0,0.0,0.0,23.285714285714285,22.62857142857143,18.1,44.2,13,4,6117567,0,0.0,1.0,-1.6081226496766366e-16,0
Rawalpindi,2021,14,19.47142857142857,57.7,19.700000000000003,1015.8285714285714,5.014285714285714,0.0,0.0,0.0,20.385714285714283,23.285714285714285,23.4,18.1,14,4,6117567,0,0.0,0.992708874098054,-0.12053668025532288,0
Rawalpindi,2021,15,25.042857142857144,59.55714285714286,16.9,1015.2714285714284,5.014285714285714,0.0,0.0,0.0,22.74285714285714,20.385714285714283,26.0,23.4,15,4,6117567,0,0.0,0.9709418174260521,-0.2393156642875575,0
Rawalpindi,2021,16,24.457142857142856,61.68571428571429,19.6,1015.5142857142856,5.485714285714286,0.0,0.0,0.0,19.47142857142857,22.74285714285714,19.700000000000003,26.0,16,4,6117567,0,0.0,0.9350162426854148,-0.35460488704253545,0
Rawalpindi,2021,17,22.714285714285715,66.7,31.200000000000003,1015.2,4.714285714285714,0.0,0.0,0.0,25.042857142857144,19.47142857142857,16.9,19.700000000000003,17,5,6117567,0,0.0,0.8854560256532099,-0.4647231720437685,0
Rawalpindi,2021,18,25.142857142857142,59.785714285714285,41.7,1013.7142857142856,6.171428571428572,0.0,0.0,0.0,24.457142857142856,25.042857142857144,19.6,16.9,18,5,6117567,0,0.0,0.8229838658936565,-0.5680647467311557,0
Rawalpindi,2021,19,22.25714285714286,71.2,28.6,1012.8857142857142,4.642857142857143,0.0,0.0,0.0,22.714285714285715,24.457142857142856,31.200000000000003,19.6,19,5,6117567,0,0.0,0.7485107481711013,-0.6631226582407951,0
Rawalpindi,2021,20,22.357142857142858,66.75714285714285,28.0,1016.157142857143,5.171428571428572,0.0,0.0,0.0,25.142857142857142,22.714285714285715,41.7,31.200000000000003,20,5,6117567,0,0.0,0.6631226582407952,-0.7485107481711012,0
Rawalpindi,2021,21,23.32857142857143,69.44285714285715,24.4,1015.157142857143,6.171428571428572,0.0,0.0,0.0,22.25714285714286,25.142857142857142,28.6,41.7,21,5,6117567,0,0.0,0.5680647467311558,-0.8229838658936564,0
Rawalpindi,2021,22,30.54285714285714,55.4,31.5,1016.2571428571428,5.871428571428572,0.0,0.0,0.0,22.357142857142858,22.25714285714286,28.0,28.6,22,6,6117567,1,0.6931471805599453,0.46472317204376906,-0.8854560256532096,0
Rawalpindi,2021,23,32.32857142857143,57.971428571428575,26.7,1013.9571428571428,4.942857142857143,1.0,0.0,0.0,23.32857142857143,22.357142857142858,24.4,28.0,23,6,6117567,0,0.0,0.35460488704253584,-0.9350162426854147,0
Rawalpindi,2021,24,32.871428571428574,56.542857142857144,19.2,1014.9428571428572,4.5,0.0,1.0,0.0,30.54285714285714,23.32857142857143,31.5,24.4,24,6,6117567,0,0.0,0.23931566428755768,-0.970941817426052,0
Rawalpindi,2021,25,32.94285714285714,58.042857142857144,13.5,1012.2,4.628571428571428,0.0,0.0,1.0,32.32857142857143,30.54285714285714,26.7,31.5,25,6,6117567,0,0.0,0.12053668025532308,-0.992708874098054,0
Rawalpindi,2021,26,35.32857142857143,60.714285714285715,45.2,1015.9285714285714,4.485714285714286,0.0,0.0,0.0,32.871428571428574,32.32857142857143,19.2,26.7,26,7,6117567,0,0.0,-3.216245299353273e-16,-1.0,1
Rawalpindi,2021,27,32.18571428571429,61.67142857142857,90.9,1013.5714285714286,4.628571428571428,0.0,0.0,0.0,32.94285714285714,32.871428571428574,13.5,19.2,27,7,6117567,0,0.0,-0.12053668025532283,-0.992708874098054,1
Rawalpindi,2021,28,33.785714285714285,70.04285714285714,44.6,1014.0285714285714,5.728571428571429,0.0,0.0,0.0,35.32857142857143,32.94285714285714,45.2,13.5,28,7,6117567,0,0.0,-0.23931566428755743,-0.9709418174260521,1
Rawalpindi,2021,29,34.7,62.98571428571428,72.2,1017.2857142857144,5.114285714285714,0.0,0.0,0.0,32.18571428571429,35.32857142857143,90.9,45.2,29,7,6117567,1,0.6931471805599453,-0.3546048870425356,-0.9350162426854148,1
Rawalpindi,2021,30,32.8,65.84285714285714,65.2,1016.2142857142856,5.471428571428571,1.0,0.0,0.0,33.785714285714285,32.18571428571429,44.6,90.9,30,8,6117567,0,0.0,-0.46472317204376806,-0.8854560256532101,1
Rawalpindi,2021,31,33.32857142857143,65.4,74.8,1016.1285714285714,4.957142857142857,0.0,1.0,0.0,34.7,33.785714285714285,72.2,44.6,31,8,6117567,1,0.6931471805599453,-0.5680647467311556,-0.8229838658936565,1
Rawalpindi,2021,32,32.128571428571426,65.11428571428571,50.0,1016.9714285714286,5.042857142857143,1.0,0.0,1.0,32.8,34.7,65.2,72.2,32,8,6117567,0,0.0,-0.663122658240795,-0.7485107481711013,1
Rawalpindi,2021,33,32.94285714285714,60.9,36.1,1015.8142857142856,4.614285714285714,0.0,1.0,0.0,33.32857142857143,32.8,74.8,65.2,33,8,6117567,2,1.0986122886681098,-0.7485107481711011,-0.6631226582407952,1
Rawalpindi,2021,34,31.985714285714288,58.2,97.8,1015.2714285714284,4.442857142857143,2.0,0.0,1.0,32.128571428571426,33.32857142857143,50.0,74.8,34,8,6117567,0,0.0,-0.8229838658936564,-0.5680647467311559,1
Rawalpindi,2021,35,22.071428571428573,65.3,57.1,1014.7714285714284,4.914285714285714,0.0,2.0,0.0,32.94285714285714,32.128571428571426,36.1,50.0,35,9,6117567,2,1.0986122886681098,-0.8854560256532096,-0.4647231720437691,1
Rawalpindi,2021,36,19.24285714285714,63.58571428571429,108.1,1015.0428571428572,5.171428571428572,2.0,0.0,2.0,31.985714285714288,32.94285714285714,97.8,36.1,36,9,6117567,5,1.791759469228055,-0.9350162426854147,-0.3546048870425359,1
Rawalpindi,2021,37,19.8,62.07142857142857,111.4,1015.0857142857144,4.271428571428571,5.0,2.0,0.0,22.071428571428573,31.985714285714288,57.1,97.8,37,9,6117567,19,2.995732273553991,-0.970941817426052,-0.23931566428755774,1
Rawalpindi,2021,38,21.24285714285714,65.11428571428571,72.5,1015.342857142857,3.5285714285714285,19.0,5.0,2.0,19.24285714285714,22.071428571428573,108.1,57.1,38,9,6117567,61,4.127134385045092,-0.992708874098054,-0.12053668025532357,1
Rawalpindi,2021,39,17.014285714285712,57.04285714285714,24.4,1014.0714285714286,5.242857142857143,61.0,19.0,5.0,19.8,19.24285714285714,111.4,108.1,39,10,6117567,147,4.997212273764115,-1.0,-1.8369701987210297e-16,1
Rawalpindi,2021,40,21.0,60.08571428571429,29.4,1015.4285714285714,5.728571428571429,147.0,61.0,19.0,21.24285714285714,19.8,72.5,111.4,40,10,6117567,204,5.3230099791384085,-0.992708874098054,0.1205366802553232,1
Rawalpindi,2021,41,18.071428571428573,60.542857142857144,26.9,1012.9714285714286,4.871428571428572,204.0,147.0,61.0,17.014285714285712,21.24285714285714,24.4,72.5,41,10,6117567,302,5.713732805509369,-0.9709418174260521,0.23931566428755738,1
Rawalpindi,2021,42,16.585714285714285,66.84285714285714,15.2,1016.3857142857142,4.628571428571428,302.0,204.0,147.0,21.0,17.014285714285712,29.4,24.4,42,10,6117567,296,5.6937321388027,-0.9350162426854148,0.35460488704253557,1
Rawalpindi,2021,43,19.928571428571427,58.65714285714286,17.900000000000002,1014.6714285714286,4.757142857142857,296.0,302.0,204.0,18.071428571428573,21.0,26.9,29.4,43,10,6117567,360,5.8888779583328805,-0.8854560256532101,0.464723172043768,1
Rawalpindi,2021,44,17.585714285714285,66.45714285714286,34.2,1013.7714285714284,5.257142857142857,360.0,296.0,302.0,16.585714285714285,18.071428571428573,15.2,26.9,44,11,6117567,295,5.69035945432406,-0.822983865893657,0.5680647467311548,0
Rawalpindi,2021,45,20.857142857142858,61.65714285714286,17.0,1014.0285714285714,5.228571428571429,295.0,360.0,296.0,19.928571428571427,16.585714285714285,17.900000000000002,15.2,45,11,6117567,159,5.075173815233827,-0.7485107481711011,0.6631226582407953,0
Rawalpindi,2021,46,19.885714285714283,60.92857142857143,31.0,1015.7285714285716,4.285714285714286,159.0,295.0,360.0,17.585714285714285,19.928571428571427,34.2,17.900000000000002,46,11,6117567,122,4.812184355372417,-0.6631226582407956,0.7485107481711007,0
Rawalpindi,2021,47,20.25714285714286,68.84285714285714,40.7,1014.2428571428572,5.3428571428571425,122.0,159.0,295.0,20.857142857142858,17.585714285714285,17.0,34.2,47,11,6117567,64,4.174387269895637,-0.5680647467311559,0.8229838658936564,0
Rawalpindi,2021,48,14.542857142857144,53.58571428571429,23.8,1014.5,4.428571428571429,64.0,122.0,159.0,19.885714285714283,20.857142857142858,31.0,17.0,48,12,6117567,15,2.772588722239781,-0.4647231720437684,0.88545602565321,0
Rawalpindi,2021,49,11.357142857142858,62.05714285714286,30.5,1016.4428571428572,4.885714285714286,15.0,64.0,122.0,20.25714285714286,19.885714285714283,40.7,31.0,49,12,6117567,8,2.1972245773362196,-0.35460488704253595,0.9350162426854147,0
Rawalpindi,2021,50,10.12857142857143,60.98571428571428,32.1,1014.9714285714286,5.242857142857143,8.0,15.0,64.0,14.542857142857144,20.25714285714286,23.8,40.7,50,12,6117567,3,1.3862943611198906,-0.2393156642875578,0.970941817426052,0
Rawalpindi,2021,51,9.62857142857143,58.5,29.700000000000003,1015.5428571428572,5.314285714285714,3.0,8.0,15.0,11.357142857142858,14.542857142857144,30.5,23.8,51,12,6117567,0,0.0,-0.12053668025532363,0.992708874098054,0
Rawalpindi,2021,52,10.62,61.6,21.8,1013.9,4.32,0.0,3.0,8.0,10.12857142857143,11.357142857142858,32.1,30.5,52,12,6117567,0,0.0,6.432490598706546e-16,1.0,0
Rawalpindi,2021,53,12.333333333333334,49.56666666666666,4.0,1016.6333333333332,4.566666666666667,0.0,0.0,3.0,9.62857142857143,10.12857142857143,29.700000000000003,32.1,53,1,6117567,0,0.0,0.12053668025532314,0.992708874098054,0
Rawalpindi,2022,1,11.328571428571427,62.271428571428565,43.5,1017.6,5.142857142857143,0.0,0.0,0.0,10.62,9.62857142857143,21.8,29.700000000000003,1,1,6117567,0,0.0,0.12053668025532305,0.992708874098054,0
Rawalpindi,2022,2,8.714285714285714,66.01428571428572,30.5,1017.0,4.8999999999999995,0.0,0.0,0.0,12.333333333333334,10.62,4.0,21.8,2,1,6117567,0,0.0,0.23931566428755774,0.970941817426052,0
Rawalpindi,2022,3,11.185714285714283,65.74285714285715,31.4,1014.5428571428572,4.014285714285714,0.0,0.0,0.0,11.328571428571427,12.333333333333334,43.5,4.0,3,1,6117567,0,0.0,0.3546048870425356,0.9350162426854148,0
Rawalpindi,2022,4,10.642857142857142,60.57142857142857,34.6,1015.657142857143,4.542857142857143,0.0,0.0,0.0,8.714285714285714,11.328571428571427,30.5,43.5,4,1,6117567,0,0.0,0.4647231720437685,0.8854560256532099,0
Rawalpindi,2022,5,10.785714285714286,49.48571428571428,20.8,1014.7714285714284,5.057142857142857,0.0,0.0,0.0,11.185714285714283,8.714285714285714,31.4,30.5,5,2,6117567,0,0.0,0.5680647467311558,0.8229838658936564,0
Rawalpindi,2022,6,11.55714285714286,58.785714285714285,38.9,1017.4142857142856,5.428571428571429,0.0,0.0,0.0,10.642857142857142,11.185714285714283,34.6,31.4,6,2,6117567,0,0.0,0.6631226582407952,0.7485107481711011,0
Rawalpindi,2022,7,12.028571428571428,65.38571428571429,31.8,1013.1714285714286,5.071428571428571,0.0,0.0,0.0,10.785714285714286,10.642857142857142,20.8,34.6,7,2,6117567,0,0.0,0.7485107481711011,0.6631226582407953,0
Rawalpindi,2022,8,9.814285714285717,54.18571428571429,16.5,1014.2,5.471428571428571,0.0,0.0,0.0,11.55714285714286,10.785714285714286,38.9,20.8,8,2,6117567,0,0.0,0.8229838658936564,0.5680647467311558,0
Rawalpindi,2022,9,21.02857142857143,65.3,35.0,1013.4714285714286,5.928571428571429,0.0,0.0,0.0,12.028571428571428,11.55714285714286,31.8,38.9,9,3,6117567,0,0.0,0.8854560256532098,0.4647231720437686,0
Rawalpindi,2022,10,24.75714285714286,69.3,18.6,1015.1142857142858,4.7,0.0,0.0,0.0,9.814285714285717,12.028571428571428,16.5,31.8,10,3,6117567,1,0.6931471805599453,0.9350162426854148,0.35460488704253557,0
Rawalpindi,2022,11,22.7,58.88571428571429,21.9,1015.0714285714286,5.171428571428572,1.0,0.0,0.0,21.02857142857143,9.814285714285717,35.0,16.5,11,3,6117567,0,0.0,0.970941817426052,0.23931566428755804,0
Rawalpindi,2022,12,24.485714285714288,61.728571428571435,19.3,1014.9571428571428,4.185714285714286,0.0,1.0,0.0,24.75714285714286,21.02857142857143,18.6,35.0,12,3,6117567,0,0.0,0.992708874098054,0.120536680255323,0
Rawalpindi,2022,13,20.814285714285713,67.42857142857143,22.5,1014.657142857143,4.457142857142857,0.0,0.0,1.0,22.7,24.75714285714286,21.9,18.6,13,4,6117567,0,0.0,1.0,-1.6081226496766366e-16,0
Rawalpindi,2022,14,24.614285714285717,65.47142857142858,25.5,1014.8857142857142,5.6571428571428575,0.0,0.0,0.0,24.485714285714288,22.7,19.3,21.9,14,4,6117567,0,0.0,0.992708874098054,-0.12053668025532288,0
Rawalpindi,2022,15,21.457142857142856,55.07142857142857,21.5,1014.1857142857144,5.442857142857143,0.0,0.0,0.0,20.814285714285713,24.485714285714288,22.5,19.3,15,4,6117567,0,0.0,0.9709418174260521,-0.2393156642875575,0
Rawalpindi,2022,16,22.914285714285715,64.12857142857142,14.5,1015.8714285714286,4.114285714285715,0.0,0.0,0.0,24.614285714285717,20.814285714285713,25.5,22.5,16,4,6117567,0,0.0,0.9350162426854148,-0.35460488704253545,0
Rawalpindi,2022,17,22.142857142857142,65.74285714285715,33.0,1015.9285714285714,5.285714285714286,0.0,0.0,0.0,21.457142857142856,24.614285714285717,21.5,25.5,17,5,6117567,0,0.0,0.8854560256532099,-0.4647231720437685,0
Rawalpindi,2022,18,24.785714285714285,67.25714285714285,24.7,1016.6,5.628571428571428,0.0,0.0,0.0,22.914285714285715,21.457142857142856,14.5,21.5,18,5,6117567,0,0.0,0.8229838658936565,-0.5680647467311557,0
Rawalpindi,2022,19,23.314285714285713,62.542857142857144,14.0,1015.5285714285714,5.085714285714286,0.0,0.0,0.0,22.142857142857142,22.914285714285715,33.0,14.5,19,5,6117567,0,0.0,0.7485107481711013,-0.6631226582407951,0
Rawalpindi,2022,20,23.12857142857143,62.92857142857143,53.4,1017.6,5.514285714285714,0.0,0.0,0.0,24.785714285714285,22.142857142857142,24.7,33.0,20,5,6117567,0,0.0,0.6631226582407952,-0.7485107481711012,0
Rawalpindi,2022,21,21.8,74.27142857142857,26.6,1014.1428571428572,6.271428571428571,0.0,0.0,0.0,23.314285714285713,24.785714285714285,14.0,24.7,21,5,6117567,0,0.0,0.5680647467311558,-0.8229838658936564,0
Rawalpindi,2022,22,32.91428571428572,65.22857142857143,28.1,1014.3285714285714,5.671428571428572,0.0,0.0,0.0,23.12857142857143,23.314285714285713,53.4,14.0,22,6,6117567,1,0.6931471805599453,0.46472317204376906,-0.8854560256532096,0
Rawalpindi,2022,23,33.6,70.0,14.3,1014.7571428571428,4.857142857142857,1.0,0.0,0.0,21.8,23.12857142857143,26.6,53.4,23,6,6117567,0,0.0,0.35460488704253584,-0.9350162426854147,0
Rawalpindi,2022,24,34.77142857142857,60.042857142857144,18.3,1014.0571428571428,4.714285714285714,0.0,1.0,0.0,32.91428571428572,21.8,28.1,26.6,24,6,6117567,0,0.0,0.23931566428755768,-0.970941817426052,0
Rawalpindi,2022,25,34.08571428571428,60.8,17.7,1014.7,5.8428571428571425,0.0,0.0,1.0,33.6,32.91428571428572,14.3,28.1,25,6,6117567,2,1.0986122886681098,0.12053668025532308,-0.992708874098054,0
Rawalpindi,2022,26,32.57142857142857,67.98571428571428,45.9,1017.8,3.7714285714285714,2.0,0.0,0.0,34.77142857142857,33.6,18.3,14.3,26,7,6117567,1,0.6931471805599453,-3.216245299353273e-16,-1.0,1
Rawalpindi,2022,27,32.34285714285714,68.62857142857142,90.5,1015.7285714285716,4.814285714285715,1.0,2.0,0.0,34.08571428571428,34.77142857142857,17.7,18.3,27,7,6117567,0,0.0,-0.12053668025532283,-0.992708874098054,1
Rawalpindi,2022,28,34.1,62.771428571428565,44.9,1013.5285714285714,5.428571428571429,0.0,1.0,2.0,32.57142857142857,34.08571428571428,45.9,17.7,28,7,6117567,1,0.6931471805599453,-0.23931566428755743,-0.9709418174260521,1
Rawalpindi,2022,29,31.814285714285713,62.9,105.8,1014.5571428571428,4.728571428571429,1.0,0.0,1.0,32.34285714285714,32.57142857142857,90.5,45.9,29,7,6117567,4,1.6094379124341005,-0.3546048870425356,-0.9350162426854148,1
Rawalpindi,2022,30,34.385714285714286,61.471428571428575,114.9,1015.2142857142856,4.642857142857143,4.0,1.0,0.0,34.1,32.34285714285714,44.9,90.5,30,7,6117567,9,2.302585092994046,-0.46472317204376806,-0.8854560256532101,1
Rawalpindi,2022,31,33.34285714285714,58.01428571428572,69.1,1016.0428571428572,5.114285714285714,9.0,4.0,1.0,31.814285714285713,34.1,105.8,44.9,31,8,6117567,19,2.995732273553991,-0.5680647467311556,-0.8229838658936565,1
Rawalpindi,2022,32,31.728571428571428,63.5,66.6,1014.0,4.742857142857143,19.0,9.0,4.0,34.385714285714286,31.814285714285713,114.9,105.8,32,8,6117567,36,3.610917912644224,-0.663122658240795,-0.7485107481711013,1
Rawalpindi,2022,33,33.9,62.0,119.7,1015.5285714285714,5.085714285714286,36.0,19.0,9.0,33.34285714285714,34.385714285714286,69.1,114.9,33,8,6117567,85,4.454347296253507,-0.7485107481711011,-0.6631226582407952,1
Rawalpindi,2022,34,34.65714285714286,69.64285714285714,42.0,1015.1714285714286,5.3,85.0,36.0,19.0,31.728571428571428,33.34285714285714,66.6,69.1,34,8,6117567,160,5.081404364984463,-0.8229838658936564,-0.5680647467311559,1
Rawalpindi,2022,35,24.24285714285714,56.528571428571425,37.7,1013.2714285714284,3.5285714285714285,160.0,85.0,36.0,33.9,31.728571428571428,119.7,66.6,35,9,6117567,198,5.293304824724492,-0.8854560256532096,-0.4647231720437691,1
Rawalpindi,2022,36,18.914285714285715,61.44285714285714,110.0,1015.6285714285714,4.814285714285715,198.0,160.0,85.0,34.65714285714286,33.9,42.0,119.7,36,9,6117567,272,5.60947179518496,-0.9350162426854147,-0.3546048870425359,1
Rawalpindi,2022,37,20.97142857142857,65.1,86.6,1012.4285714285714,5.185714285714285,272.0,198.0,160.0,24.24285714285714,34.65714285714286,37.7,42.0,37,9,6117567,423,6.049733455231958,-0.970941817426052,-0.23931566428755774,1
Rawalpindi,2022,38,17.614285714285714,68.12857142857142,45.9,1015.2571428571428,4.928571428571429,423.0,272.0,198.0,18.914285714285715,24.24285714285714,110.0,37.7,38,9,6117567,451,6.113682179832232,-0.992708874098054,-0.12053668025532357,1
Rawalpindi,2022,39,20.75714285714286,61.94285714285714,71.2,1013.7428571428572,4.571428571428571,451.0,423.0,272.0,20.97142857142857,18.914285714285715,86.6,110.0,39,10,6117567,538,6.289715570908998,-1.0,-1.8369701987210297e-16,1
Rawalpindi,2022,40,18.24285714285714,66.71428571428571,22.8,1015.4285714285714,4.571428571428571,538.0,451.0,423.0,17.614285714285714,20.97142857142857,45.9,86.6,40,10,6117567,510,6.236369590203704,-0.992708874098054,0.1205366802553232,1
Rawalpindi,2022,41,18.4,56.75714285714286,18.7,1013.6428571428572,4.357142857142857,510.0,538.0,451.0,20.75714285714286,17.614285714285714,71.2,45.9,41,10,6117567,499,6.214608098422191,-0.9709418174260521,0.23931566428755738,1
Rawalpindi,2022,42,20.314285714285713,69.44285714285715,57.2,1013.1857142857142,4.785714285714286,499.0,510.0,538.0,18.24285714285714,20.75714285714286,22.8,71.2,42,10,6117567,288,5.666426688112432,-0.9350162426854148,0.35460488704253557,1
Rawalpindi,2022,43,20.428571428571427,65.11428571428571,18.9,1016.0428571428572,5.285714285714286,288.0,499.0,510.0,18.4,18.24285714285714,18.7,22.8,43,10,6117567,282,5.645446897643238,-0.8854560256532101,0.464723172043768,1
Rawalpindi,2022,44,17.914285714285715,68.04285714285713,45.4,1016.6857142857144,4.757142857142857,282.0,288.0,499.0,20.314285714285713,18.4,57.2,18.7,44,11,6117567,181,5.204006687076795,-0.822983865893657,0.5680647467311548,0
Rawalpindi,2022,45,17.085714285714285,61.614285714285714,24.5,1014.4285714285714,4.914285714285714,181.0,282.0,288.0,20.428571428571427,20.314285714285713,18.9,57.2,45,11,6117567,125,4.836281906951478,-0.7485107481711011,0.6631226582407953,0
Rawalpindi,2022,46,19.442857142857143,71.21428571428571,16.5,1015.2857142857144,5.385714285714286,125.0,181.0,282.0,17.914285714285715,20.428571428571427,45.4,18.9,46,11,6117567,63,4.1588830833596715,-0.6631226582407956,0.7485107481711007,0
Rawalpindi,2022,47,18.514285714285712,54.44285714285714,35.1,1014.5571428571428,4.414285714285714,63.0,125.0,181.0,17.085714285714285,17.914285714285715,24.5,45.4,47,11,6117567,28,3.367295829986474,-0.5680647467311559,0.8229838658936564,0
Rawalpindi,2022,48,16.442857142857143,54.91428571428572,18.7,1016.0714285714286,4.828571428571428,28.0,63.0,125.0,19.442857142857143,17.085714285714285,16.5,24.5,48,12,6117567,13,2.6390573296152584,-0.4647231720437684,0.88545602565321,0
Rawalpindi,2022,49,11.514285714285714,53.88571428571429,14.6,1014.8,4.7,13.0,28.0,63.0,18.514285714285712,19.442857142857143,35.1,16.5,49,12,6117567,3,1.3862943611198906,-0.35460488704253595,0.9350162426854147,0
Rawalpindi,2022,50,9.9,61.142857142857146,25.6,1015.7428571428572,4.571428571428571,3.0,13.0,28.0,16.442857142857143,18.514285714285712,18.7,35.1,50,12,6117567,2,1.0986122886681098,-0.2393156642875578,0.970941817426052,0
Rawalpindi,2022,51,10.585714285714284,65.34285714285714,24.7,1015.7142857142856,6.1571428571428575,2.0,3.0,13.0,11.514285714285714,16.442857142857143,14.6,18.7,51,12,6117567,0,0.0,-0.12053668025532363,0.992708874098054,0
Rawalpindi,2022,52,10.7,63.8375,46.9,1015.4125,5.225,0.0,2.0,3.0,9.9,11.514285714285714,25.6,14.6,52,1,6117567,0,0.0,6.432490598706546e-16,1.0,0
Rawalpindi,2023,1,12.242857142857144,50.68571428571429,35.1,1013.3,4.414285714285714,0.0,0.0,2.0,10.585714285714284,9.9,24.7,25.6,1,1,6117567,0,0.0,0.12053668025532305,0.992708874098054,0
Rawalpindi,2023,2,11.857142857142858,56.385714285714286,43.9,1015.8714285714286,5.257142857142857,0.0,0.0,0.0,10.7,10.585714285714284,46.9,24.7,2,1,6117567,0,0.0,0.23931566428755774,0.970941817426052,0
Rawalpindi,2023,3,12.114285714285714,70.41428571428573,14.6,1015.4714285714286,4.771428571428571,0.0,0.0,0.0,12.242857142857144,10.7,35.1,46.9,3,1,6117567,0,0.0,0.3546048870425356,0.9350162426854148,0
Rawalpindi,2023,4,10.714285714285714,65.1,20.1,1013.5714285714286,6.114285714285715,0.0,0.0,0.0,11.857142857142858,12.242857142857144,43.9,35.1,4,1,6117567,0,0.0,0.4647231720437685,0.8854560256532099,0
Rawalpindi,2023,5,11.142857142857142,67.08571428571429,32.8,1013.1857142857144,3.4714285714285715,0.0,0.0,0.0,12.114285714285714,11.857142857142858,14.6,43.9,5,2,6117567,0,0.0,0.5680647467311558,0.8229838658936564,0
Rawalpindi,2023,6,10.2,63.42857142857143,19.4,1013.0428571428572,5.428571428571429,0.0,0.0,0.0,10.714285714285714,12.114285714285714,20.1,14.6,6,2,6117567,0,0.0,0.6631226582407952,0.7485107481711011,0
Rawalpindi,2023,7,10.771428571428572,58.8,31.2,1015.9571428571428,5.385714285714286,0.0,0.0,0.0,11.142857142857142,10.714285714285714,32.8,20.1,7,2,6117567,0,0.0,0.7485107481711011,0.6631226582407953,0
Rawalpindi,2023,8,10.971428571428572,66.1,45.0,1015.6285714285714,6.142857142857143,0.0,0.0,0.0,10.2,11.142857142857142,19.4,32.8,8,2,6117567,0,0.0,0.8229838658936564,0.5680647467311558,0
Rawalpindi,2023,9,21.87142857142857,72.44285714285715,25.9,1015.6428571428572,4.6000000000000005,0.0,0.0,0.0,10.771428571428572,10.2,31.2,19.4,9,3,6117567,0,0.0,0.8854560256532098,0.4647231720437686,0
Rawalpindi,2023,10,24.285714285714285,52.08571428571429,25.0,1013.9142857142856,4.6571428571428575,0.0,0.0,0.0,10.971428571428572,10.771428571428572,45.0,31.2,10,3,6117567,0,0.0,0.9350162426854148,0.35460488704253557,0
Rawalpindi,2023,11,21.542857142857144,67.32857142857144,19.8,1015.7,4.4714285714285715,0.0,0.0,0.0,21.87142857142857,10.971428571428572,25.9,45.0,11,3,6117567,0,0.0,0.970941817426052,0.23931566428755804,0
Rawalpindi,2023,12,21.5,59.45714285714286,31.0,1017.3,4.4,0.0,0.0,0.0,24.285714285714285,21.87142857142857,25.0,25.9,12,3,6117567,1,0.6931471805599453,0.992708874098054,0.120536680255323,0
Rawalpindi,2023,13,23.442857142857143,63.65714285714286,24.2,1015.4571428571428,4.142857142857143,1.0,0.0,0.0,21.542857142857144,24.285714285714285,19.8,25.0,13,4,6117567,0,0.0,1.0,-1.6081226496766366e-16,0
Rawalpindi,2023,14,23.12857142857143,60.44285714285714,29.2,1016.3285714285714,6.014285714285714,0.0,1.0,0.0,21.5,21.542857142857144,31.0,19.8,14,4,6117567,0,0.0,0.992708874098054,-0.12053668025532288,0
Rawalpindi,2023,15,23.385714285714283,55.8,28.4,1014.4,5.514285714285714,0.0,0.0,1.0,23.442857142857143,21.5,24.2,31.0,15,4,6117567,0,0.0,0.9709418174260521,-0.2393156642875575,0
Rawalpindi,2023,16,22.557142857142857,63.10000000000001,28.700000000000003,1015.6714285714286,5.0,0.0,0.0,0.0,23.12857142857143,23.442857142857143,29.2,24.2,16,4,6117567,0,0.0,0.9350162426854148,-0.35460488704253545,0
Rawalpindi,2023,17,23.385714285714283,59.642857142857146,11.2,1015.2714285714284,4.4714285714285715,0.0,0.0,0.0,23.385714285714283,23.12857142857143,28.4,29.2,17,4,6117567,0,0.0,0.8854560256532099,-0.4647231720437685,0
Rawalpindi,2023,18,22.75714285714286,53.31428571428571,35.2,1012.9,4.914285714285714,0.0,0.0,0.0,22.557142857142857,23.385714285714283,28.700000000000003,28.4,18,5,6117567,1,0.6931471805599453,0.8229838658936565,-0.5680647467311557,0
Rawalpindi,2023,19,24.885714285714283,61.67142857142857,40.4,1014.7714285714284,5.6000000000000005,1.0,0.0,0.0,23.385714285714283,22.557142857142857,11.2,28.700000000000003,19,5,6117567,1,0.6931471805599453,0.7485107481711013,-0.6631226582407951,0
Rawalpindi,2023,20,21.5,53.385714285714286,10.7,1014.3714285714286,4.771428571428571,1.0,1.0,0.0,22.75714285714286,23.385714285714283,35.2,11.2,20,5,6117567,1,0.6931471805599453,0.6631226582407952,-0.7485107481711012,0
Rawalpindi,2023,21,22.62857142857143,64.8,39.9,1013.0857142857144,5.014285714285714,1.0,1.0,1.0,24.885714285714283,22.75714285714286,40.4,35.2,21,5,6117567,0,0.0,0.5680647467311558,-0.8229838658936564,0
Rawalpindi,2023,22,28.3,56.7,13.9,1016.5142857142856,5.071428571428571,0.0,1.0,1.0,21.5,24.885714285714283,10.7,40.4,22,6,6117567,1,0.6931471805599453,0.46472317204376906,-0.8854560256532096,0
Rawalpindi,2023,23,35.48571428571429,65.1,27.7,1017.5285714285714,4.785714285714286,1.0,0.0,1.0,22.62857142857143,21.5,39.9,10.7,23,6,6117567,2,1.0986122886681098,0.35460488704253584,-0.9350162426854147,0
Rawalpindi,2023,24,34.885714285714286,67.85714285714286,49.2,1014.4714285714286,5.3,2.0,1.0,0.0,28.3,22.62857142857143,13.9,39.9,24,6,6117567,0,0.0,0.23931566428755768,-0.970941817426052,0
Rawalpindi,2023,25,34.32857142857143,51.0,30.0,1015.8142857142856,5.257142857142857,0.0,2.0,1.0,35.48571428571429,28.3,27.7,13.9,25,6,6117567,2,1.0986122886681098,0.12053668025532308,-0.992708874098054,0
Rawalpindi,2023,26,34.371428571428574,70.55714285714285,56.9,1013.1428571428572,5.3999999999999995,2.0,0.0,2.0,34.885714285714286,35.48571428571429,49.2,27.7,26,7,6117567,1,0.6931471805599453,-3.216245299353273e-16,-1.0,1
Rawalpindi,2023,27,35.457142857142856,67.48571428571428,42.3,1014.5142857142856,5.557142857142857,1.0,2.0,0.0,34.32857142857143,34.885714285714286,30.0,49.2,27,7,6117567,4,1.6094379124341005,-0.12053668025532283,-0.992708874098054,1
Rawalpindi,2023,28,33.971428571428575,67.08571428571429,34.6,1017.0857142857144,4.6000000000000005,4.0,1.0,2.0,34.371428571428574,34.32857142857143,56.9,30.0,28,7,6117567,2,1.0986122886681098,-0.23931566428755743,-0.9709418174260521,1
Rawalpindi,2023,29,34.285714285714285,59.92857142857143,60.7,1013.3142857142856,5.414285714285714,2.0,4.0,1.0,35.457142857142856,34.371428571428574,42.3,56.9,29,7,6117567,5,1.791759469228055,-0.3546048870425356,-0.9350162426854148,1
Rawalpindi,2023,30,33.72857142857143,58.24285714285714,33.3,1013.5571428571428,3.628571428571429,5.0,2.0,4.0,33.971428571428575,35.457142857142856,34.6,42.3,30,7,6117567,11,2.4849066497880004,-0.46472317204376806,-0.8854560256532101,1
Rawalpindi,2023,31,34.34285714285714,58.48571428571428,96.9,1014.7142857142856,5.042857142857143,11.0,5.0,2.0,34.285714285714285,33.971428571428575,60.7,34.6,31,8,6117567,13,2.6390573296152584,-0.5680647467311556,-0.8229838658936565,1
Rawalpindi,2023,32,33.128571428571426,62.98571428571428,46.4,1014.7857142857144,4.585714285714286,13.0,11.0,5.0,33.72857142857143,34.285714285714285,33.3,60.7,32,8,6117567,12,2.5649493574615367,-0.663122658240795,-0.7485107481711013,1
Rawalpindi,2023,33,33.57142857142857,69.0,110.6,1017.2285714285716,6.828571428571428,12.0,13.0,11.0,34.34285714285714,33.72857142857143,96.9,33.3,33,8,6117567,23,3.1780538303479458,-0.7485107481711011,-0.6631226582407952,1
Rawalpindi,2023,34,33.028571428571425,56.142857142857146,105.4,1016.2142857142856,4.4,23.0,12.0,13.0,33.128571428571426,34.34285714285714,46.4,96.9,34,8,6117567,48,3.8918202981106265,-0.8229838658936564,-0.5680647467311559,1
Rawalpindi,2023,35,28.75714285714286,58.385714285714286,74.2,1014.8571428571428,5.028571428571428,48.0,23.0,12.0,33.57142857142857,33.128571428571426,110.6,46.4,35,9,6117567,82,4.418840607796598,-0.8854560256532096,-0.4647231720437691,1
Rawalpindi,2023,36,16.142857142857142,63.65714285714285,96.9,1013.7428571428572,4.214285714285714,82.0,48.0,23.0,33.028571428571425,33.57142857142857,105.4,110.6,36,9,6117567,118,4.77912349311153,-0.9350162426854147,-0.3546048870425359,1
Rawalpindi,2023,37,18.814285714285713,65.72857142857143,64.3,1015.4285714285714,5.414285714285714,118.0,82.0,48.0,28.75714285714286,33.028571428571425,74.2,105.4,37,9,6117567,196,5.2832037287379885,-0.970941817426052,-0.23931566428755774,1
Rawalpindi,2023,38,17.314285714285713,60.271428571428565,82.6,1013.6857142857144,5.128571428571428,196.0,118.0,82.0,16.142857142857142,28.75714285714286,96.9,74.2,38,9,6117567,233,5.455321115357702,-0.992708874098054,-0.12053668025532357,1
Rawalpindi,2023,39,18.842857142857145,65.54285714285714,107.1,1013.5285714285714,3.871428571428571,233.0,196.0,118.0,18.814285714285713,16.142857142857142,64.3,96.9,39,10,6117567,270,5.602118820879701,-1.0,-1.8369701987210297e-16,1
Rawalpindi,2023,40,21.17142857142857,65.01428571428572,13.6,1013.7,5.814285714285715,270.0,233.0,196.0,17.314285714285713,18.814285714285713,82.6,64.3,40,10,6117567,279,5.634789603169249,-0.992708874098054,0.1205366802553232,1
Rawalpindi,2023,41,18.857142857142858,63.57142857142857,23.2,1016.7857142857144,4.685714285714285,279.0,270.0,233.0,18.842857142857145,17.314285714285713,107.1,82.6,41,10,6117567,187,5.236441962829949,-0.9709418174260521,0.23931566428755738,1
Rawalpindi,2023,42,18.0,60.51428571428572,25.0,1015.1,5.214285714285714,187.0,279.0,270.0,21.17142857142857,18.842857142857145,13.6,107.1,42,10,6117567,161,5.087596335232384,-0.9350162426854148,0.35460488704253557,1
Rawalpindi,2023,43,19.02857142857143,62.785714285714285,10.7,1013.2571428571428,5.185714285714285,161.0,187.0,279.0,18.857142857142858,21.17142857142857,23.2,13.6,43,10,6117567,124,4.8283137373023015,-0.8854560256532101,0.464723172043768,1
Rawalpindi,2023,44,18.52857142857143,66.98571428571428,32.6,1015.0285714285714,5.014285714285714,124.0,161.0,187.0,18.0,18.857142857142858,25.0,23.2,44,11,6117567,112,4.727387818712341,-0.822983865893657,0.5680647467311548,0
Rawalpindi,2023,45,19.542857142857144,65.32857142857144,29.8,1014.6857142857144,4.785714285714286,112.0,124.0,161.0,19.02857142857143,18.0,10.7,25.0,45,11,6117567,105,4.663439094112067,-0.7485107481711011,0.6631226582407953,0
Rawalpindi,2023,46,19.728571428571428,64.91428571428571,21.9,1014.7,5.471428571428571,105.0,112.0,124.0,18.52857142857143,19.02857142857143,32.6,10.7,46,11,6117567,71,4.276666119016055,-0.6631226582407956,0.7485107481711007,0
Rawalpindi,2023,47,19.62857142857143,67.18571428571428,20.7,1014.3714285714286,4.357142857142857,71.0,105.0,112.0,19.542857142857144,18.52857142857143,29.8,32.6,47,11,6117567,26,3.295836866004329,-0.5680647467311559,0.8229838658936564,0
Rawalpindi,2023,48,14.428571428571429,53.214285714285715,20.8,1014.5,5.828571428571428,26.0,71.0,105.0,19.728571428571428,19.542857142857144,21.9,29.8,48,12,6117567,23,3.1780538303479458,-0.4647231720437684,0.88545602565321,0
Rawalpindi,2023,49,9.642857142857142,57.41428571428571,41.400000000000006,1015.3,5.014285714285714,23.0,26.0,71.0,19.62857142857143,19.728571428571428,20.7,21.9,49,12,6117567,11,2.4849066497880004,-0.35460488704253595,0.9350162426854147,0
Rawalpindi,2023,50,11.114285714285714,60.3,16.0,1014.0285714285714,5.228571428571429,11.0,23.0,26.0,14.428571428571429,19.62857142857143,20.8,20.7,50,12,6117567,2,1.0986122886681098,-0.2393156642875578,0.970941817426052,0
Rawalpindi,2023,51,11.928571428571429,59.5,20.6,1015.6428571428572,4.785714285714286,2.0,11.0,23.0,9.642857142857142,14.428571428571429,41.400000000000006,20.8,51,12,6117567,0,0.0,-0.12053668025532363,0.992708874098054,0
Rawalpindi,2023,52,11.525,64.6875,14.8,1015.2125,4.6,0.0,2.0,11.0,11.114285714285714,9.642857142857142,16.0,41.400000000000006,52,1,6117567,0,0.0,6.432490598706546e-16,1.0,0
Rawalpindi,2024,1,11.322222222222225,66.34444444444445,34.9,1013.1333333333334,5.522222222222222,0.0,0.0,2.0,11.928571428571429,11.114285714285714,20.6,16.0,1,1,6117567,1,0.6931471805599453,0.12053668025532305,0.992708874098054,0
Rawalpindi,2024,2,9.87142857142857,61.57142857142857,18.8,1013.4,5.514285714285714,1.0,0.0,0.0,11.525,11.928571428571429,14.8,20.6,2,1,6117567,1,0.6931471805599453,0.23931566428755774,0.970941817426052,0
Rawalpindi,2024,3,10.971428571428572,74.94285714285715,28.700000000000003,1016.4285714285714,5.814285714285715,1.0,1.0,0.0,11.322222222222225,11.525,34.9,14.8,3,1,6117567,1,0.6931471805599453,0.3546048870425356,0.9350162426854148,0
Rawalpindi,2024,4,11.457142857142856,57.128571428571426,24.9,1015.1714285714286,4.142857142857143,1.0,1.0,1.0,9.87142857142857,11.322222222222225,18.8,34.9,4,1,6117567,0,0.0,0.4647231720437685,0.8854560256532099,0
Rawalpindi,2024,5,10.94285714285714,67.12857142857142,39.2,1016.0714285714286,4.871428571428572,0.0,1.0,1.0,10.971428571428572,9.87142857142857,28.700000000000003,18.8,5,2,6117567,0,0.0,0.5680647467311558,0.8229838658936564,0
Rawalpindi,2024,6,10.228571428571428,60.542857142857144,44.6,1015.1857142857144,5.228571428571429,0.0,0.0,1.0,11.457142857142856,10.971428571428572,24.9,28.700000000000003,6,2,6117567,0,0.0,0.6631226582407952,0.7485107481711011,0
Rawalpindi,2024,7,10.44285714285714,66.87142857142858,19.1,1016.0,4.942857142857143,0.0,0.0,0.0,10.94285714285714,11.457142857142856,39.2,24.9,7,2,6117567,0,0.0,0.7485107481711011,0.6631226582407953,0
Rawalpindi,2024,8,11.457142857142856,68.42857142857143,17.2,1015.0142857142856,3.5,0.0,0.0,0.0,10.228571428571428,10.94285714285714,44.6,39.2,8,2,6117567,0,0.0,0.8229838658936564,0.5680647467311558,0
Rawalpindi,2024,9,16.84285714285714,61.228571428571435,26.7,1013.0571428571428,5.971428571428571,0.0,0.0,0.0,10.44285714285714,10.228571428571428,19.1,44.6,9,3,6117567,0,0.0,0.8854560256532098,0.4647231720437686,0
Rawalpindi,2024,10,21.62857142857143,67.08571428571429,22.7,1015.0428571428572,5.514285714285714,0.0,0.0,0.0,11.457142857142856,10.44285714285714,17.2,19.1,10,3,6117567,0,0.0,0.9350162426854148,0.35460488704253557,0
Rawalpindi,2024,11,21.785714285714285,66.54285714285713,24.8,1015.3,5.628571428571428,0.0,0.0,0.0,16.84285714285714,11.457142857142856,26.7,17.2,11,3,6117567,0,0.0,0.970941817426052,0.23931566428755804,0
Rawalpindi,2024,12,20.8,62.528571428571425,19.9,1016.5428571428572,4.6571428571428575,0.0,0.0,0.0,21.62857142857143,16.84285714285714,22.7,26.7,12,3,6117567,0,0.0,0.992708874098054,0.120536680255323,0
Rawalpindi,2024,13,20.771428571428572,59.84285714285714,30.1,1016.3714285714286,4.6571428571428575,0.0,0.0,0.0,21.785714285714285,21.62857142857143,24.8,22.7,13,3,6117567,0,0.0,1.0,-1.6081226496766366e-16,0
Rawalpindi,2024,14,22.985714285714288,64.3,15.8,1014.6285714285714,4.8428571428571425,0.0,0.0,0.0,20.8,21.785714285714285,19.9,24.8,14,4,6117567,0,0.0,0.992708874098054,-0.12053668025532288,0
Rawalpindi,2024,15,22.114285714285717,54.75714285714286,17.9,1015.3571428571428,6.357142857142857,0.0,0.0,0.0,20.771428571428572,20.8,30.1,19.9,15,4,6117567,0,0.0,0.9709418174260521,-0.2393156642875575,0
Rawalpindi,2024,16,22.542857142857144,55.957142857142856,18.3,1016.0285714285714,5.042857142857143,0.0,0.0,0.0,22.985714285714288,20.771428571428572,15.8,30.1,16,4,6117567,0,0.0,0.9350162426854148,-0.35460488704253545,0
Rawalpindi,2024,17,21.87142857142857,68.5,17.6,1014.7714285714284,5.914285714285714,0.0,0.0,0.0,22.114285714285717,22.985714285714288,17.9,15.8,17,4,6117567,0,0.0,0.8854560256532099,-0.4647231720437685,0
Rawalpindi,2024,18,21.82857142857143,67.7,25.4,1013.1857142857144,4.971428571428571,0.0,0.0,0.0,22.542857142857144,22.114285714285717,18.3,17.9,18,5,6117567,0,0.0,0.8229838658936565,-0.5680647467311557,0
Rawalpindi,2024,19,20.5,56.128571428571426,16.799999999999997,1015.0142857142856,4.185714285714286,0.0,0.0,0.0,21.87142857142857,22.542857142857144,17.6,18.3,19,5,6117567,0,0.0,0.7485107481711013,-0.6631226582407951,0
Rawalpindi,2024,20,22.785714285714285,61.82857142857143,24.6,1012.6714285714286,4.085714285714286,0.0,0.0,0.0,21.82857142857143,21.87142857142857,25.4,17.6,20,5,6117567,0,0.0,0.6631226582407952,-0.7485107481711012,0
Rawalpindi,2024,21,22.857142857142858,67.85714285714286,21.2,1015.3285714285714,4.557142857142858,0.0,0.0,0.0,20.5,21.82857142857143,16.799999999999997,25.4,21,5,6117567,2,1.0986122886681098,0.5680647467311558,-0.8229838658936564,0
Rawalpindi,2024,22,27.12857142857143,63.89999999999999,18.6,1014.3,4.942857142857143,2.0,0.0,0.0,22.785714285714285,20.5,24.6,16.799999999999997,22,6,6117567,0,0.0,0.46472317204376906,-0.8854560256532096,0
Rawalpindi,2024,23,33.285714285714285,62.25714285714286,20.5,1013.6857142857144,5.3428571428571425,0.0,2.0,0.0,22.857142857142858,22.785714285714285,21.2,24.6,23,6,6117567,5,1.791759469228055,0.35460488704253584,-0.9350162426854147,0
Rawalpindi,2024,24,35.22857142857143,54.142857142857146,19.9,1015.5142857142856,4.871428571428572,5.0,0.0,2.0,27.12857142857143,22.857142857142858,18.6,21.2,24,6,6117567,1,0.6931471805599453,0.23931566428755768,-0.970941817426052,0
Rawalpindi,2024,25,34.7,65.92857142857143,27.0,1015.9,4.585714285714286,1.0,5.0,0.0,33.285714285714285,27.12857142857143,20.5,18.6,25,6,6117567,1,0.6931471805599453,0.12053668025532308,-0.992708874098054,0
Rawalpindi,2024,26,33.97142857142857,69.08571428571429,19.8,1015.8,5.128571428571428,1.0,1.0,5.0,35.22857142857143,33.285714285714285,19.9,20.5,26,6,6117567,3,1.3862943611198906,-3.216245299353273e-16,-1.0,0
Rawalpindi,2024,27,32.885714285714286,69.48571428571428,60.9,1015.6714285714286,4.985714285714286,3.0,1.0,1.0,34.7,35.22857142857143,27.0,19.9,27,7,6117567,2,1.0986122886681098,-0.12053668025532283,-0.992708874098054,1
Rawalpindi,2024,28,33.81428571428571,71.87142857142858,107.7,1015.7428571428572,5.414285714285714,2.0,3.0,1.0,33.97142857142857,34.7,19.8,27.0,28,7,6117567,3,1.3862943611198906,-0.23931566428755743,-0.9709418174260521,1
Rawalpindi,2024,29,32.857142857142854,52.228571428571435,70.3,1014.9857142857144,4.585714285714286,3.0,2.0,3.0,32.885714285714286,33.97142857142857,60.9,19.8,29,7,6117567,0,0.0,-0.3546048870425356,-0.9350162426854148,1
Rawalpindi,2024,30,34.22857142857143,58.31428571428571,69.3,1017.5857142857144,5.8999999999999995,0.0,3.0,2.0,33.81428571428571,32.885714285714286,107.7,60.9,30,7,6117567,0,0.0,-0.46472317204376806,-0.8854560256532101,1
Rawalpindi,2024,31,36.214285714285715,65.85714285714286,74.4,1015.9142857142856,5.885714285714286,0.0,0.0,3.0,32.857142857142854,33.81428571428571,70.3,107.7,31,8,6117567,1,0.6931471805599453,-0.5680647467311556,-0.8229838658936565,1
Rawalpindi,2024,32,33.31428571428571,60.34285714285714,43.2,1015.157142857143,4.985714285714286,1.0,0.0,0.0,34.22857142857143,32.857142857142854,69.3,70.3,32,8,6117567,3,1.3862943611198906,-0.663122658240795,-0.7485107481711013,1
Rawalpindi,2024,33,34.05714285714286,61.457142857142856,62.3,1015.6571428571428,5.628571428571428,3.0,1.0,0.0,36.214285714285715,34.22857142857143,74.4,69.3,33,8,6117567,11,2.4849066497880004,-0.7485107481711011,-0.6631226582407952,1
Rawalpindi,2024,34,34.81428571428571,57.24285714285714,76.6,1014.3285714285714,4.142857142857143,11.0,3.0,1.0,33.31428571428571,36.214285714285715,43.2,74.4,34,8,6117567,10,2.3978952727983707,-0.8229838658936564,-0.5680647467311559,1
Rawalpindi,2024,35,33.08571428571429,64.4,67.8,1013.4714285714286,4.057142857142857,10.0,11.0,3.0,34.05714285714286,33.31428571428571,62.3,43.2,35,9,6117567,31,3.4657359027997265,-0.8854560256532096,-0.4647231720437691,1
Rawalpindi,2024,36,19.485714285714288,55.94285714285714,79.9,1015.0714285714286,4.728571428571429,31.0,10.0,11.0,34.81428571428571,34.05714285714286,76.6,62.3,36,9,6117567,77,4.356708826689592,-0.9350162426854147,-0.3546048870425359,1
Rawalpindi,2024,37,20.685714285714287,67.17142857142856,78.6,1015.5714285714286,4.4714285714285715,77.0,31.0,10.0,33.08571428571429,34.81428571428571,67.8,76.6,37,9,6117567,194,5.272999558563747,-0.970941817426052,-0.23931566428755774,1
Rawalpindi,2024,38,18.014285714285712,60.47142857142857,99.4,1014.7571428571428,4.514285714285714,194.0,77.0,31.0,19.485714285714288,33.08571428571429,79.9,67.8,38,9,6117567,303,5.717027701406222,-0.992708874098054,-0.12053668025532357,1
Rawalpindi,2024,39,20.514285714285712,59.98571428571428,94.1,1015.9857142857144,5.128571428571428,303.0,194.0,77.0,20.685714285714287,19.485714285714288,78.6,79.9,39,9,6117567,449,6.1092475827643655,-1.0,-1.8369701987210297e-16,1
Rawalpindi,2024,40,17.428571428571427,67.51428571428572,24.9,1014.2142857142856,5.042857142857143,449.0,303.0,194.0,18.014285714285712,20.685714285714287,99.4,78.6,40,10,6117567,627,6.4425401664681985,-0.992708874098054,0.1205366802553232,1
Rawalpindi,2024,41,18.842857142857145,61.44285714285714,18.700000000000003,1015.0,5.142857142857143,627.0,449.0,303.0,20.514285714285712,18.014285714285712,94.1,99.4,41,10,6117567,667,6.504288173536645,-0.9709418174260521,0.23931566428755738,1
Rawalpindi,2024,42,18.214285714285715,62.75714285714286,16.8,1014.3857142857142,5.0,667.0,627.0,449.0,17.428571428571427,20.514285714285712,24.9,94.1,42,10,6117567,601,6.400257445308821,-0.9350162426854148,0.35460488704253557,1
Rawalpindi,2024,43,18.728571428571428,59.32857142857143,34.4,1013.4428571428572,4.771428571428571,601.0,667.0,627.0,18.842857142857145,17.428571428571427,18.700000000000003,24.9,43,10,6117567,661,6.495265555937008,-0.8854560256532101,0.464723172043768,1
Rawalpindi,2024,44,20.32857142857143,63.94285714285714,23.2,1016.7428571428572,4.228571428571429,661.0,601.0,667.0,18.214285714285715,18.842857142857145,16.8,18.700000000000003,44,11,6117567,780,6.660575149839686,-0.822983865893657,0.5680647467311548,0
Rawalpindi,2024,45,20.057142857142857,62.54285714285714,13.9,1016.9428571428572,5.528571428571429,780.0,661.0,601.0,18.728571428571428,18.214285714285715,34.4,16.8,45,11,6117567,543,6.298949246855942,-0.7485107481711011,0.6631226582407953,0
Rawalpindi,2024,46,19.6,61.042857142857144,31.0,1015.4428571428572,5.742857142857143,543.0,780.0,661.0,20.32857142857143,18.728571428571428,23.2,34.4,46,11,6117567,364,5.8998973535824915,-0.6631226582407956,0.7485107481711007,0
Rawalpindi,2024,47,17.728571428571428,72.87142857142858,43.7,1015.5,4.114285714285715,364.0,543.0,780.0,20.057142857142857,20.32857142857143,13.9,23.2,47,11,6117567,197,5.288267030694535,-0.5680647467311559,0.8229838658936564,0
Rawalpindi,2024,48,18.657142857142855,61.31428571428573,22.0,1014.0714285714286,4.642857142857143,197.0,364.0,543.0,19.6,20.057142857142857,31.0,13.9,48,12,6117567,87,4.477336814478207,-0.4647231720437684,0.88545602565321,0
Rawalpindi,2024,49,8.842857142857143,59.18571428571429,14.0,1015.5,6.314285714285715,87.0,197.0,364.0,17.728571428571428,19.6,43.7,31.0,49,12,6117567,33,3.5263605246161616,-0.35460488704253595,0.9350162426854147,0
Rawalpindi,2024,50,13.085714285714284,58.6,29.5,1013.0428571428572,5.571428571428571,33.0,87.0,197.0,18.657142857142855,17.728571428571428,22.0,43.7,50,12,6117567,13,2.6390573296152584,-0.2393156642875578,0.970941817426052,0
Rawalpindi,2024,51,11.6,64.17142857142856,29.5,1013.5,4.614285714285714,13.0,33.0,87.0,8.842857142857143,18.657142857142855,14.0,22.0,51,12,6117567,6,1.9459101490553132,-0.12053668025532363,0.992708874098054,0
Rawalpindi,2024,52,10.971428571428572,64.1,10.1,1015.4571428571428,4.785714285714286,6.0,13.0,33.0,13.085714285714284,8.842857142857143,29.5,14.0,52,12,6117567,0,0.0,6.432490598706546e-16,1.0,0
