{"type": "FeatureCollection", "features": [{"type": "Feature", "properties": {"uc": "BEWAL", "tehsil": "Gujar Khan Tehsil", "town": "", "expected_cases": 0.0, "historical_cases": 7, "alert": "Green"}, "geometry": {"type": "Polygon", "coordinates": [[[73.45715376600003, 33.372639771000024], [73.45375376600003, 33.368139771000074], [73.45495376600007, 33.361839771000064], [73.45955376600006, 33.36003977100006], [73.46455376600005, 33.362139771000045], [73.46915376600003, 33.363539771000035], [73.47545376600004, 33.36453977100007], [73.48125376600007, 33.36523977100006], [73.48205376600004, 33.36243977100003], [73.47955376600004, 33.35993977100003], [73.47405376600005, 33.35513977100004], [73.47195376600007, 33.35193977100005], [73.46905376600006, 33.34913977100007], [73.46695376600007, 33.34573977100007], [73.46775376600004, 33.341839771000025], [73.47395376600008, 33.336239771000066], [73.47855376600006, 33.33553977100007], [73.48355376600006, 33.33543977100004], [73.48595376600008, 33.333039771000074], [73.48885376600003, 33.330739771000026], [73.49305376600006, 33.331039771000064], [73.49805376600006, 33.33283977100007], [73.50345376600006, 33.33173977100006], [73.49515376600004, 33.325639771000056], [73.49415376600007, 33.32293977100005], [73.49405376600004, 33.32043977100005], [73.49455376600008, 33.317039771000054], [73.49105376600005, 33.31463977100003], [73.48715376600006, 33.312239771000066], [73.48545376600003, 33.31383977100006], [73.48365376600003, 33.31543977100006], [73.48125376600007, 33.31683977100005], [73.47895376600007, 33.31673977100007], [73.47475376600005, 33.315939771000046], [73.47105376600007, 33.315639771000065], [73.46775376600004, 33.31513977100008], [73.46525376600005, 33.31323977100004], [73.46195376600008, 33.310239771000056], [73.45865376600005, 33.30663977100005], [73.45705376600006, 33.30513977100003], [73.45435376600005, 33.30423977100003], [73.45155376600007, 33.303039771000044], [73.44595376600006, 33.30003977100006], [73.44125376600005, 33.30233977100005], [73.43495376600004, 33.304539771000066], [73.43235376600006, 33.30623977100004], [73.43015376600005, 33.308239771000046], [73.42875376600006, 33.31033977100003], [73.42645376600007, 33.308839771000066], [73.42385376600004, 33.30943977100003], [73.42075376600008, 33.310239771000056], [73.41805376600007, 33.308739771000035], [73.41375376600007, 33.30403977100008], [73.41085376600006, 33.30133977100007], [73.40685376600004, 33.303339771000026], [73.40305376600008, 33.305339771000035], [73.39875376600008, 33.30783977100003], [73.39565376600007, 33.31033977100003], [73.39755376600004, 33.31203977100006], [73.39805376600003, 33.31483977100004], [73.39735376600004, 33.31723977100006], [73.39565376600007, 33.32043977100005], [73.39345376600005, 33.323039771000026], [73.39155376600007, 33.32683977100004], [73.38995376600008, 33.329839771000024], [73.38815376600007, 33.33353977100006], [73.38745376600008, 33.33803977100007], [73.38565376600008, 33.34003977100008], [73.38625376600004, 33.34253977100008], [73.38625376600004, 33.34543977100003], [73.38715376600004, 33.34803977100006], [73.39015376600008, 33.35123977100005], [73.39225376600007, 33.35603977100004], [73.39405376600007, 33.36253977100006], [73.39535376600008, 33.367039771000066], [73.39755376600004, 33.36993977100008], [73.39995376600007, 33.37143977100004], [73.40245376600006, 33.37483977100004], [73.40495376600006, 33.37763977100008], [73.40765376600007, 33.379839771000036], [73.41285376600007, 33.37833977100007], [73.41775376600003, 33.37723977100006], [73.42145376600007, 33.37573977100004], [73.42775376600008, 33.37513977100008], [73.43565376600003, 33.37373977100003], [73.44105376600004, 33.372439771000074], [73.45715376600003, 33.372639771000024]]]}}, {"type": "Feature", "properties": {"uc": "BHADANA", "tehsil": "Gujar Khan Tehsil", "town": "", "expected_cases": 0.0, "historical_cases": 1, "alert": "Green"}, "geometry": {"type": "Polygon", "coordinates": [[[73.35485376600008, 33.29313977100003], [73.35595376600008, 33.288239771000065], [73.35545376600004, 33.282239771000036], [73.35525376600003, 33.27863977100003], [73.35445376600006, 33.275639771000044], [73.35725376600004, 33.27553977100007], [73.36025376600003, 33.27633977100004], [73.36285376600006, 33.27693977100006], [73.36595376600008, 33.273639771000035], [73.36895376600006, 33.26963977100007], [73.37285376600005, 33.267939771000044], [73.37655376600003, 33.26693977100007], [73.37555376600005, 33.26353977100007], [73.37585376600003, 33.25903977100006], [73.37645376600005, 33.25463977100003], [73.37805376600005, 33.25093977100005], [73.38025376600007, 33.248239771000044], [73.38405376600008, 33.242539771000054], [73.38695376600003, 33.239139771000055], [73.38945376600003, 33.23493977100003], [73.39265376600008, 33.231439771000055], [73.39635376600006, 33.228639771000076], [73.39465376600003, 33.227139771000054], [73.39265376600008, 33.22593977100007], [73.38975376600007, 33.22633977100003], [73.38835376600008, 33.22473977100003], [73.38615376600006, 33.22203977100003], [73.38325376600005, 33.22263977100005], [73.38135376600007, 33.22483977100006], [73.37945376600004, 33.22613977100008], [73.37695376600004, 33.22583977100004], [73.37385376600008, 33.22423977100004], [73.37145376600006, 33.22413977100007], [73.36895376600006, 33.22303977100006], [73.36675376600004, 33.22043977100003], [73.36495376600004, 33.22053977100006], [73.36305376600006, 33.222239771000034], [73.36105376600005, 33.22133977100003], [73.35775376600003, 33.21953977100003], [73.35345376600003, 33.218039771000065], [73.35105376600006, 33.220839771000044], [73.35075376600008, 33.22323977100007], [73.35205376600004, 33.22533977100005], [73.35335376600005, 33.22833977100004], [73.35295376600004, 33.23133977100008], [73.34945376600007, 33.229139771000064], [73.34565376600005, 33.232039771000075], [73.34185376600004, 33.23603977100004], [73.33955376600005, 33.23753977100006], [73.33755376600004, 33.239939771000024], [73.33485376600004, 33.24473977100007], [73.33125376600003, 33.250239771000054], [73.33215376600003, 33.256239771000025], [73.33265376600008, 33.25983977100003], [73.33035376600003, 33.26123977100008], [73.32515376600003, 33.263139771000056], [73.32315376600008, 33.264239771000064], [73.32085376600008, 33.26663977100003], [73.31975376600008, 33.269939771000054], [73.31935376600006, 33.27243977100005], [73.31765376600003, 33.274539771000036], [73.31395376600005, 33.27603977100006], [73.31165376600006, 33.27953977100003], [73.30995376600004, 33.281939771000054], [73.30475376600003, 33.283439771000076], [73.30125376600006, 33.284239771000045], [73.29985376600007, 33.28583977100004], [73.29895376600007, 33.28813977100003], [73.29845376600008, 33.290439771000024], [73.30235376600007, 33.29953977100007], [73.30435376600008, 33.30573977100005], [73.30535376600005, 33.30833977100008], [73.30815376600003, 33.30973977100007], [73.31125376600005, 33.310839771000076], [73.31335376600003, 33.31313977100007], [73.31485376600006, 33.31883977100006], [73.31545376600008, 33.32373977100008], [73.31725376600008, 33.32873977100007], [73.31885376600007, 33.332439771000054], [73.32175376600003, 33.32793977100005], [73.32455376600007, 33.32453977100005], [73.32615376600006, 33.32253977100004], [73.32775376600006, 33.32083977100007], [73.33005376600005, 33.31863977100005], [73.33565376600006, 33.31683977100005], [73.33955376600005, 33.31683977100005], [73.34185376600004, 33.31723977100006], [73.34385376600005, 33.315939771000046], [73.34555376600008, 33.31353977100002], [73.34865376600004, 33.31003977100005], [73.34985376600008, 33.30663977100005], [73.34965376600007, 33.30183977100006], [73.34875376600007, 33.29783977100004], [73.34875376600007, 33.29433977100007], [73.35225376600005, 33.29383977100008], [73.35485376600008, 33.29313977100003]]]}}, {"type": "Feature", "properties": {"uc": "CHANGA BANGIAL", "tehsil": "Gujar Khan Tehsil", "town": "", "expected_cases": 0.0, "historical_cases": 1, "alert": "Green"}, "geometry": {"type": "Polygon", "coordinates": [[[73.38565376600008, 33.34003977100008], [73.38745376600008, 33.33803977100007], [73.38815376600007, 33.33353977100006], [73.38995376600008, 33.329839771000024], [73.39155376600007, 33.32683977100004], [73.39345376600005, 33.323039771000026], [73.39565376600007, 33.32043977100005], [73.39735376600004, 33.31723977100006], [73.39805376600003, 33.31483977100004], [73.39755376600004, 33.31203977100006], [73.39565376600007, 33.31033977100003], [73.39165376600005, 33.30953977100006], [73.38555376600004, 33.30763977100003], [73.38135376600007, 33.31323977100004], [73.37625376600005, 33.310739771000044], [73.37415376600006, 33.30973977100007], [73.37105376600005, 33.30803977100004], [73.36645376600006, 33.30743977100008], [73.36265376600005, 33.308739771000035], [73.36175376600005, 33.30643977100004], [73.35955376600003, 33.30153977100008], [73.35745376600005, 33.29743977100003], [73.35485376600008, 33.29313977100003], [73.35225376600005, 33.29383977100008], [73.34875376600007, 33.29433977100007], [73.34875376600007, 33.29783977100004], [73.34965376600007, 33.30183977100006], [73.34985376600008, 33.30663977100005], [73.34865376600004, 33.31003977100005], [73.34555376600008, 33.31353977100002], [73.34385376600005, 33.315939771000046], [73.34185376600004, 33.31723977100006], [73.33955376600005, 33.31683977100005], [73.33565376600006, 33.31683977100005], [73.33005376600005, 33.31863977100005], [73.32775376600006, 33.32083977100007], [73.32615376600006, 33.32253977100004], [73.32455376600007, 33.32453977100005], [73.32175376600003, 33.32793977100005], [73.31885376600007, 33.332439771000054], [73.31725376600008, 33.32873977100007], [73.31545376600008, 33.32373977100008], [73.31485376600006, 33.31883977100006], [73.31335376600003, 33.31313977100007], [73.31125376600005, 33.310839771000076], [73.30815376600003, 33.30973977100007], [73.30535376600005, 33.30833977100008], [73.30435376600008, 33.30573977100005], [73.30235376600007, 33.29953977100007], [73.29845376600008, 33.290439771000024], [73.28985376600008, 33.29173977100004], [73.28925376600006, 33.29413977100006], [73.28875376600007, 33.298239771000055], [73.28885376600005, 33.303639771000064], [73.28885376600005, 33.30743977100008], [73.28945376600007, 33.31053977100004], [73.29125376600007, 33.31683977100005], [73.29285376600006, 33.320739771000035], [73.29445376600006, 33.326139771000044], [73.29465376600007, 33.32853977100007], [73.29485376600007, 33.33203977100004], [73.29525376600003, 33.337639771000056], [73.29575376600008, 33.34173977100005], [73.29615376600003, 33.34483977100007], [73.29695376600006, 33.348739771000055], [73.29865376600003, 33.35253977100007], [73.30065376600004, 33.35623977100005], [73.30145376600007, 33.35833977100003], [73.30545376600008, 33.357039771000075], [73.31065376600003, 33.35693977100004], [73.31275376600007, 33.36083977100003], [73.31365376600007, 33.366139771000064], [73.31425376600004, 33.37143977100004], [73.32495376600008, 33.38373977100008], [73.33025376600006, 33.378439771000046], [73.32245376600008, 33.371239771000035], [73.32505376600005, 33.36973977100007], [73.32825376600005, 33.36793977100007], [73.33255376600005, 33.37053977100004], [73.33555376600003, 33.36863977100006], [73.33295376600006, 33.36573977100005], [73.33155376600007, 33.364139771000055], [73.32995376600007, 33.36163977100006], [73.32965376600004, 33.35853977100004], [73.32915376600005, 33.355039771000065], [73.32975376600007, 33.35183977100007], [73.33345376600005, 33.35093977100007], [73.33805376600003, 33.35183977100007], [73.34085376600007, 33.35613977100007], [73.34455376600005, 33.361239771000044], [73.34815376600005, 33.36113977100007], [73.35095376600003, 33.359239771000034], [73.35315376600005, 33.357039771000075], [73.35935376600008, 33.36193977100004], [73.36075376600007, 33.36573977100005], [73.36635376600003, 33.37933977100005], [73.36425376600005, 33.38063977100006], [73.35985376600007, 33.38193977100008], [73.35625376600007, 33.38263977100007], [73.35685376600003, 33.38743977100006], [73.35785376600006, 33.392339771000024], [73.36465376600006, 33.39033977100007], [73.36975376600003, 33.38773977100004], [73.36825376600007, 33.38193977100008], [73.37185376600007, 33.38143977100003], [73.37355376600004, 33.37593977100005], [73.36825376600007, 33.37013977100003], [73.36915376600007, 33.36623977100004], [73.37045376600008, 33.36173977100003], [73.37265376600004, 33.35613977100007], [73.37475376600008, 33.351639771000066], [73.37655376600003, 33.348139771000035], [73.37875376600005, 33.345339771000056], [73.38155376600008, 33.34293977100003], [73.38565376600008, 33.34003977100008]]]}}, {"type": "Feature", "properties": {"uc": "Daultala", "tehsil": "Gujar Khan Tehsil", "town": "", "expected_cases": 0.0, "historical_cases": 0, "alert": "Green"}, "geometry": {"type": "Polygon", "coordinates": [[[73.15105376600008, 33.20643977100008], [73.15155376600006, 33.20333977100006], [73.15335376600007, 33.198039771000026], [73.15445376600007, 33.19363977100005], [73.15295376600005, 33.19073977100004], [73.15005376600004, 33.187139771000034], [73.14865376600005, 33.18423977100008], [73.14665376600004, 33.18223977100007], [73.14425376600008, 33.17853977100003], [73.14125376600003, 33.17443977100004], [73.13745376600008, 33.17493977100003], [73.13595376600006, 33.17773977100006], [73.13365376600007, 33.178339771000026], [73.13245376600008, 33.176039771000035], [73.12965376600005, 33.172939771000074], [73.12595376600007, 33.17143977100005], [73.12535376600005, 33.16913977100006], [73.12545376600008, 33.16583977100004], [73.12595376600007, 33.16153977100004], [73.12345376600007, 33.16113977100002], [73.11875376600005, 33.16163977100007], [73.11715376600006, 33.16653977100003], [73.11675376600004, 33.17153977100003], [73.11775376600008, 33.177439771000024], [73.12055376600006, 33.181539771000075], [73.12325376600006, 33.18363977100006], [73.12155376600003, 33.18743977100007], [73.12355376600004, 33.191539771000066], [73.12815376600008, 33.197239771000056], [73.12635376600008, 33.20323977100003], [73.12595376600007, 33.20653977100005], [73.12545376600008, 33.20923977100006], [73.12495376600003, 33.211239771000066], [73.12465376600005, 33.213139771000044], [73.12705376600007, 33.21413977100008], [73.12975376600008, 33.21533977100006], [73.13245376600008, 33.216639771000075], [73.13535376600004, 33.21863977100003], [73.13655376600008, 33.216039771000055], [73.14105376600008, 33.21523977100003], [73.14275376600006, 33.21063977100005], [73.14295376600006, 33.20663977100003], [73.14205376600006, 33.20163977100003], [73.14475376600006, 33.20303977100008], [73.14745376600007, 33.204039771000055], [73.15105376600008, 33.20643977100008]]]}}, {"type": "Feature", "properties": {"uc": "DEVI", "tehsil": "Gujar Khan Tehsil", "town": "", "expected_cases": 0.0, "historical_cases": 3, "alert": "Green"}, "geometry": {"type": "Polygon", "coordinates": [[[73.05145376600007, 33.32373977100008], [73.05625376600005, 33.31283977100003], [73.05985376600006, 33.31093977100005], [73.06195376600004, 33.309939771000074], [73.06295376600008, 33.30663977100005], [73.06305376600005, 33.30373977100004], [73.05965376600005, 33.29863977100007], [73.05505376600007, 33.294239771000036], [73.05285376600006, 33.29223977100003], [73.05025376600008, 33.28783977100005], [73.05085376600005, 33.28323977100007], [73.05575376600007, 33.27903977100004], [73.05815376600003, 33.28113977100003], [73.06055376600006, 33.28213977100006], [73.06405376600003, 33.279139771000075], [73.06895376600005, 33.274539771000036], [73.07185376600006, 33.27173977100006], [73.07675376600008, 33.267939771000044], [73.07975376600007, 33.26533977100007], [73.08165376600004, 33.26383977100005], [73.08445376600008, 33.26213977100008], [73.08755376600004, 33.26123977100008], [73.08975376600006, 33.26103977100007], [73.09185376600004, 33.26073977100003], [73.09375376600008, 33.256839771000045], [73.09525376600004, 33.25333977100007], [73.09675376600006, 33.24903977100007], [73.09795376600005, 33.24593977100005], [73.09915376600003, 33.24243977100008], [73.09795376600005, 33.240839771000026], [73.09565376600005, 33.239139771000055], [73.09265376600007, 33.235439771000074], [73.08965376600008, 33.235139771000036], [73.09065376600006, 33.23163977100006], [73.09205376600005, 33.22873977100005], [73.09335376600006, 33.226639771000066], [73.09555376600008, 33.22763977100004], [73.09775376600004, 33.228639771000076], [73.10025376600004, 33.22903977100003], [73.10705376600004, 33.23193977100004], [73.10705376600004, 33.22953977100008], [73.10685376600003, 33.22613977100008], [73.10695376600006, 33.22183977100008], [73.10735376600007, 33.21693977100006], [73.10395376600007, 33.21353977100006], [73.10025376600004, 33.20933977100003], [73.09685376600004, 33.20673977100006], [73.09425376600007, 33.20303977100008], [73.09265376600007, 33.201239771000076], [73.09025376600005, 33.201239771000076], [73.08665376600004, 33.20153977100006], [73.08465376600003, 33.20323977100003], [73.08345376600005, 33.20723977100005], [73.08025376600006, 33.209739771000045], [73.07535376600003, 33.20943977100006], [73.07255376600006, 33.208339771000055], [73.07255376600006, 33.211739771000055], [73.07255376600006, 33.216039771000055], [73.07225376600007, 33.22193977100005], [73.07195376600004, 33.22723977100003], [73.07155376600008, 33.22983977100006], [73.07115376600007, 33.232239771000025], [73.06935376600006, 33.236339771000075], [73.06765376600003, 33.242539771000054], [73.06615376600007, 33.248839771000064], [73.06215376600005, 33.247439771000074], [73.05615376600008, 33.24453977100006], [73.05225376600004, 33.24553977100004], [73.04835376600005, 33.24793977100006], [73.04645376600007, 33.24603977100003], [73.04585376600005, 33.24433977100006], [73.04545376600004, 33.241139771000064], [73.04375376600007, 33.23733977100005], [73.03815376600005, 33.24393977100004], [73.03455376600004, 33.24753977100005], [72.95265376600008, 33.26293977100005], [72.95385376600007, 33.266539771000055], [72.95365376600006, 33.270739771000024], [72.95485376600004, 33.27583977100005], [72.95695376600008, 33.279339771000025], [72.96345376600004, 33.28443977100005], [72.96875376600008, 33.290539771000056], [72.97435376600004, 33.29343977100007], [72.97935376600003, 33.29513977100004], [72.98175376600005, 33.299339771000064], [72.98495376600005, 33.302539771000056], [72.99175376600004, 33.30523977100006], [72.99915376600006, 33.30913977100005], [73.01265376600003, 33.32453977100005], [73.01555376600004, 33.32453977100005], [73.02105376600008, 33.32203977100005], [73.02415376600004, 33.32113977100005], [73.02855376600007, 33.321939771000075], [73.02845376600004, 33.317339771000036], [73.03265376600007, 33.31573977100004], [73.03645376600008, 33.31823977100004], [73.04355376600006, 33.32103977100007], [73.05145376600007, 33.32373977100008]]]}}, {"type": "Feature", "properties": {"uc": "GHUNGRILA", "tehsil": "Gujar Khan Tehsil", "town": "", "expected_cases": 0.0, "historical_cases": 6, "alert": "Green"}, "geometry": {"type": "Polygon", "coordinates": [[[73.30145376600007, 33.35833977100003], [73.30065376600004, 33.35623977100005], [73.29865376600003, 33.35253977100007], [73.29695376600006, 33.348739771000055], [73.29615376600003, 33.34483977100007], [73.29575376600008, 33.34173977100005], [73.29525376600003, 33.337639771000056], [73.29485376600007, 33.33203977100004], [73.29465376600007, 33.32853977100007], [73.29445376600006, 33.326139771000044], [73.29285376600006, 33.320739771000035], [73.29125376600007, 33.31683977100005], [73.28945376600007, 33.31053977100004], [73.28885376600005, 33.30743977100008], [73.28635376600005, 33.307939771000065], [73.28345376600004, 33.30863977100006], [73.28055376600008, 33.30853977100003], [73.27745376600006, 33.30843977100005], [73.27425376600007, 33.30853977100003], [73.27015376600008, 33.308739771000035], [73.26675376600008, 33.30863977100006], [73.26065376600008, 33.30753977100005], [73.25845376600006, 33.30783977100003], [73.25625376600004, 33.308839771000066], [73.25265376600004, 33.30763977100003], [73.24985376600006, 33.305339771000035], [73.24815376600003, 33.30293977100007], [73.24675376600004, 33.29913977100006], [73.24615376600008, 33.294839771000056], [73.24585376600004, 33.290239771000074], [73.24325376600007, 33.289639771000054], [73.24035376600006, 33.29063977100003], [73.23975376600004, 33.29373977100005], [73.23955376600003, 33.29663977100006], [73.23945376600005, 33.30013977100003], [73.23915376600007, 33.303339771000026], [73.23905376600004, 33.30783977100003], [73.23655376600004, 33.312239771000066], [73.23275376600003, 33.31293977100006], [73.23035376600006, 33.313339771000074], [73.22965376600007, 33.316539771000066], [73.22765376600006, 33.32013977100007], [73.22585376600006, 33.32323977100003], [73.23115376600003, 33.32603977100007], [73.23335376600005, 33.32793977100005], [73.23605376600005, 33.33003977100003], [73.23875376600006, 33.33253977100003], [73.24235376600006, 33.33713977100007], [73.24085376600004, 33.340439771000035], [73.23975376600004, 33.34313977100004], [73.23755376600008, 33.347239771000034], [73.23625376600006, 33.35083977100004], [73.23915376600007, 33.35053977100006], [73.24085376600004, 33.34823977100007], [73.24305376600006, 33.345939771000076], [73.24565376600003, 33.34493977100004], [73.24795376600008, 33.343839771000034], [73.24915376600006, 33.34123977100006], [73.25305376600005, 33.341839771000025], [73.25425376600003, 33.346439771000064], [73.25575376600005, 33.35113977100008], [73.25715376600004, 33.353639771000076], [73.25955376600007, 33.355039771000065], [73.26155376600008, 33.35963977100005], [73.26235376600005, 33.36233977100005], [73.26295376600007, 33.36573977100005], [73.26565376600007, 33.36913977100005], [73.26725376600007, 33.37233977100004], [73.26995376600007, 33.36913977100005], [73.27175376600007, 33.36743977100008], [73.27455376600005, 33.36533977100004], [73.27765376600007, 33.36733977100005], [73.28065376600006, 33.370439771000065], [73.28435376600004, 33.37373977100003], [73.28775376600004, 33.37663977100004], [73.29125376600007, 33.37973977100006], [73.29105376600006, 33.373539771000026], [73.29105376600006, 33.37013977100003], [73.29065376600005, 33.36653977100008], [73.29225376600004, 33.36243977100003], [73.29445376600006, 33.35953977100007], [73.29855376600005, 33.35883977100008], [73.30145376600007, 33.35833977100003]]]}}, {"type": "Feature", "properties": {"uc": "GULIANA", "tehsil": "Gujar Khan Tehsil", "town": "", "expected_cases": 0.0, "historical_cases": 0, "alert": "Green"}, "geometry": {"type": "Polygon", "coordinates": [[[73.27375376600008, 33.20533977100007], [73.27355376600008, 33.202639771000065], [73.27465376600003, 33.19903977100006], [73.27605376600008, 33.19513977100007], [73.27835376600007, 33.19043977100006], [73.28075376600003, 33.186639771000046], [73.28275376600004, 33.18313977100007], [73.28395376600008, 33.18103977100003], [73.28555376600008, 33.17733977100005], [73.28675376600006, 33.174639771000045], [73.28815376600005, 33.17243977100003], [73.29085376600005, 33.16993977100003], [73.29345376600008, 33.16773977100007], [73.29665376600008, 33.16533977100005], [73.29885376600004, 33.16313977100003], [73.30145376600007, 33.16153977100004], [73.36195376600006, 33.17583977100003], [73.36245376600004, 33.17333977100003], [73.36345376600008, 33.170339771000044], [73.36415376600007, 33.16723977100003], [73.36615376600008, 33.165439771000024], [73.30245376600004, 33.14403977100005], [73.30015376600005, 33.14283977100007], [73.29875376600006, 33.145239771000035], [73.29825376600007, 33.14753977100003], [73.29565376600004, 33.14943977100006], [73.29255376600008, 33.151239771000064], [73.29025376600003, 33.15383977100004], [73.28785376600007, 33.157839771000056], [73.28715376600007, 33.16133977100003], [73.28695376600007, 33.16423977100004], [73.28705376600004, 33.16673977100004], [73.28365376600004, 33.166339771000025], [73.28055376600008, 33.16593977100007], [73.27775376600005, 33.166039771000044], [73.27445376600008, 33.16623977100005], [73.27085376600007, 33.16583977100004], [73.26805376600004, 33.16333977100004], [73.26375376600004, 33.15903977100004], [73.26025376600006, 33.15603977100005], [73.25655376600008, 33.15393977100007], [73.25405376600008, 33.15173977100005], [73.24995376600003, 33.151239771000064], [73.24715376600005, 33.15193977100006], [73.24505376600007, 33.15233977100007], [73.24495376600004, 33.15603977100005], [73.24375376600005, 33.15933977100008], [73.24305376600006, 33.16333977100004], [73.24035376600006, 33.16363977100008], [73.23725376600004, 33.16363977100008], [73.23425376600005, 33.16133977100003], [73.23285376600006, 33.16313977100003], [73.23145376600007, 33.16713977100005], [73.23275376600003, 33.17243977100003], [73.23345376600008, 33.177239771000075], [73.23325376600008, 33.18143977100004], [73.23205376600004, 33.185139771000024], [73.23125376600007, 33.18873977100003], [73.22795376600004, 33.18873977100003], [73.22475376600005, 33.18913977100004], [73.22125376600007, 33.190339771000026], [73.21775376600004, 33.19113977100005], [73.21725376600006, 33.19413977100004], [73.22015376600007, 33.19553977100003], [73.22275376600004, 33.19793977100005], [73.22485376600008, 33.20093977100004], [73.22895376600007, 33.20413977100003], [73.22945376600006, 33.20723977100005], [73.23015376600006, 33.21003977100003], [73.23455376600003, 33.20863977100004], [73.23735376600007, 33.211239771000066], [73.23965376600006, 33.213139771000044], [73.24275376600008, 33.21493977100005], [73.24485376600006, 33.21633977100004], [73.24685376600007, 33.21733977100007], [73.24885376600008, 33.21423977100005], [73.25135376600008, 33.212339771000075], [73.25435376600007, 33.21193977100006], [73.25785376600004, 33.21223977100004], [73.25975376600007, 33.21133977100004], [73.26365376600006, 33.20923977100006], [73.26725376600007, 33.20733977100008], [73.27155376600007, 33.204939771000056], [73.27375376600008, 33.20533977100007]]]}}, {"type": "Feature", "properties": {"uc": "JAND MEHLO", "tehsil": "Gujar Khan Tehsil", "town": "", "expected_cases": 0.0, "historical_cases": 0, "alert": "Green"}, "geometry": {"type": "Polygon", "coordinates": [[[73.39635376600006, 33.228639771000076], [73.39965376600003, 33.22613977100008], [73.41205376600004, 33.22403977100004], [73.41055376600008, 33.221139771000026], [73.41075376600008, 33.217439771000045], [73.41095376600003, 33.213439771000026], [73.41105376600007, 33.21003977100003], [73.41055376600008, 33.20673977100006], [73.41075376600008, 33.20383977100005], [73.41015376600006, 33.20013977100007], [73.40715376600008, 33.197839771000076], [73.40375376600008, 33.19703977100005], [73.40095376600004, 33.19643977100003], [73.39865376600005, 33.19533977100008], [73.39635376600006, 33.193539771000076], [73.39475376600006, 33.19133977100006], [73.39305376600004, 33.18933977100005], [73.38895376600004, 33.18823977100004], [73.38385376600007, 33.188339771000074], [73.38085376600003, 33.18933977100005], [73.37885376600008, 33.190939771000046], [73.37725376600008, 33.192939771000056], [73.37565376600008, 33.19563977100006], [73.37315376600003, 33.198339771000065], [73.37015376600004, 33.19753977100004], [73.36805376600006, 33.19583977100007], [73.36685376600008, 33.192939771000056], [73.36745376600004, 33.188639771000055], [73.36845376600007, 33.18443977100003], [73.36535376600006, 33.18283977100003], [73.36325376600007, 33.180939771000055], [73.36235376600007, 33.17873977100004], [73.36195376600006, 33.17583977100003], [73.30145376600007, 33.16153977100004], [73.29885376600004, 33.16313977100003], [73.29665376600008, 33.16533977100005], [73.29345376600008, 33.16773977100007], [73.29085376600005, 33.16993977100003], [73.28815376600005, 33.17243977100003], [73.28675376600006, 33.174639771000045], [73.28555376600008, 33.17733977100005], [73.28395376600008, 33.18103977100003], [73.28275376600004, 33.18313977100007], [73.28075376600003, 33.186639771000046], [73.27835376600007, 33.19043977100006], [73.27605376600008, 33.19513977100007], [73.27465376600003, 33.19903977100006], [73.27355376600008, 33.202639771000065], [73.27375376600008, 33.20533977100007], [73.27595376600004, 33.207739771000035], [73.27865376600005, 33.21093977100003], [73.28085376600006, 33.21393977100007], [73.28285376600007, 33.21673977100005], [73.28525376600004, 33.22013977100005], [73.28885376600005, 33.223739771000055], [73.29215376600007, 33.22753977100007], [73.29485376600007, 33.232339771000056], [73.29605376600006, 33.235739771000055], [73.29705376600003, 33.23883977100007], [73.29825376600007, 33.241939771000034], [73.30025376600008, 33.246339771000066], [73.30215376600006, 33.24923977100008], [73.30885376600008, 33.24943977100003], [73.33125376600003, 33.250239771000054], [73.33485376600004, 33.24473977100007], [73.33755376600004, 33.239939771000024], [73.33955376600005, 33.23753977100006], [73.34185376600004, 33.23603977100004], [73.34565376600005, 33.232039771000075], [73.34945376600007, 33.229139771000064], [73.35295376600004, 33.23133977100008], [73.35335376600005, 33.22833977100004], [73.35205376600004, 33.22533977100005], [73.35075376600008, 33.22323977100007], [73.35105376600006, 33.220839771000044], [73.35345376600003, 33.218039771000065], [73.35775376600003, 33.21953977100003], [73.36105376600005, 33.22133977100003], [73.36305376600006, 33.222239771000034], [73.36495376600004, 33.22053977100006], [73.36675376600004, 33.22043977100003], [73.36895376600006, 33.22303977100006], [73.37145376600006, 33.22413977100007], [73.37385376600008, 33.22423977100004], [73.37695376600004, 33.22583977100004], [73.37945376600004, 33.22613977100008], [73.38135376600007, 33.22483977100006], [73.38325376600005, 33.22263977100005], [73.38615376600006, 33.22203977100003], [73.38835376600008, 33.22473977100003], [73.38975376600007, 33.22633977100003], [73.39265376600008, 33.22593977100007], [73.39465376600003, 33.227139771000054], [73.39635376600006, 33.228639771000076]]]}}, {"type": "Feature", "properties": {"uc": "JARMOT KALAN", "tehsil": "Gujar Khan Tehsil", "town": "", "expected_cases": 0.0, "historical_cases": 0, "alert": "Green"}, "geometry": {"type": "Polygon", "coordinates": [[[73.36615376600008, 33.165439771000024], [73.36955376600008, 33.166039771000044], [73.37185376600007, 33.16423977100004], [73.37385376600008, 33.16173977100004], [73.37475376600008, 33.158339771000044], [73.37595376600007, 33.154339771000025], [73.37875376600005, 33.15173977100005], [73.38105376600004, 33.14913977100008], [73.38375376600004, 33.14653977100005], [73.38625376600004, 33.14413977100003], [73.38865376600006, 33.142139771000075], [73.39115376600006, 33.14003977100003], [73.39185376600005, 33.13763977100007], [73.38895376600004, 33.13433977100004], [73.38635376600007, 33.13173977100007], [73.38405376600008, 33.12993977100007], [73.38155376600008, 33.128439771000046], [73.37935376600007, 33.12683977100005], [73.37755376600006, 33.12373977100003], [73.37525376600007, 33.12063977100007], [73.37305376600006, 33.11763977100003], [73.37075376600006, 33.11403977100008], [73.37035376600005, 33.111339771000075], [73.36845376600007, 33.10833977100003], [73.36795376600008, 33.10453977100008], [73.36515376600005, 33.10313977100003], [73.36255376600008, 33.10233977100006], [73.36005376600008, 33.10233977100006], [73.35755376600008, 33.10393977100006], [73.35525376600003, 33.10523977100007], [73.35335376600005, 33.10373977100005], [73.35065376600005, 33.105039771000065], [73.34895376600008, 33.107039771000075], [73.34625376600007, 33.10973977100008], [73.34275376600004, 33.111339771000075], [73.33945376600008, 33.11143977100005], [73.33795376600006, 33.10943977100004], [73.33645376600003, 33.107339771000056], [73.33465376600003, 33.10613977100007], [73.33255376600005, 33.10533977100005], [73.32895376600004, 33.10473977100003], [73.32485376600005, 33.104439771000045], [73.32155376600008, 33.10523977100007], [73.31755376600006, 33.105839771000035], [73.31445376600004, 33.10563977100003], [73.31245376600003, 33.10543977100008], [73.30885376600008, 33.10463977100005], [73.30475376600003, 33.103639771000076], [73.30165376600007, 33.102939771000024], [73.29865376600003, 33.10233977100006], [73.29475376600004, 33.101639771000066], [73.29125376600007, 33.101039771000046], [73.28865376600004, 33.10063977100003], [73.28555376600008, 33.100139771000045], [73.28215376600008, 33.09973977100003], [73.27775376600005, 33.09963977100006], [73.27415376600004, 33.09983977100006], [73.27065376600007, 33.09973977100003], [73.26745376600007, 33.09803977100006], [73.26475376600007, 33.095839771000044], [73.26185376600006, 33.09453977100003], [73.25885376600007, 33.09363977100003], [73.25575376600005, 33.09283977100006], [73.25215376600005, 33.09193977100006], [73.24845376600007, 33.09123977100006], [73.24515376600004, 33.09063977100004], [73.24225376600003, 33.090139771000054], [73.23975376600004, 33.090139771000054], [73.23965376600006, 33.09453977100003], [73.23915376600007, 33.09803977100006], [73.23915376600007, 33.10083977100004], [73.23895376600007, 33.10333977100004], [73.23835376600005, 33.107239771000025], [73.23735376600007, 33.10963977100005], [73.23625376600006, 33.11163977100006], [73.23455376600003, 33.11363977100007], [73.23285376600006, 33.11723977100007], [73.23095376600008, 33.12163977100005], [73.22985376600008, 33.126139771000055], [73.23295376600004, 33.12703977100006], [73.23515376600005, 33.130139771000074], [73.23635376600004, 33.13263977100007], [73.23585376600005, 33.137539771000036], [73.23545376600003, 33.14163977100003], [73.23585376600005, 33.143839771000046], [73.23815376600004, 33.145739771000024], [73.23995376600004, 33.14763977100006], [73.24235376600006, 33.15023977100003], [73.24505376600007, 33.15233977100007], [73.24715376600005, 33.15193977100006], [73.24995376600003, 33.151239771000064], [73.25405376600008, 33.15173977100005], [73.25655376600008, 33.15393977100007], [73.26025376600006, 33.15603977100005], [73.26375376600004, 33.15903977100004], [73.26805376600004, 33.16333977100004], [73.27085376600007, 33.16583977100004], [73.27445376600008, 33.16623977100005], [73.27775376600005, 33.166039771000044], [73.28055376600008, 33.16593977100007], [73.28365376600004, 33.166339771000025], [73.28705376600004, 33.16673977100004], [73.28695376600007, 33.16423977100004], [73.28715376600007, 33.16133977100003], [73.28785376600007, 33.157839771000056], [73.29025376600003, 33.15383977100004], [73.29255376600008, 33.151239771000064], [73.29565376600004, 33.14943977100006], [73.29825376600007, 33.14753977100003], [73.29875376600006, 33.145239771000035], [73.30015376600005, 33.14283977100007], [73.30245376600004, 33.14403977100005], [73.36615376600008, 33.165439771000024]]]}}, {"type": "Feature", "properties": {"uc": "JATLI", "tehsil": "Gujar Khan Tehsil", "town": "", "expected_cases": 0.0, "historical_cases": 0, "alert": "Green"}, "geometry": {"type": "Polygon", "coordinates": [[[73.14055376600004, 33.22473977100003], [73.13885376600007, 33.22243977100004], [73.13535376600004, 33.21863977100003], [73.13245376600008, 33.216639771000075], [73.12975376600008, 33.21533977100006], [73.12705376600007, 33.21413977100008], [73.12465376600005, 33.213139771000044], [73.12495376600003, 33.211239771000066], [73.12545376600008, 33.20923977100006], [73.12595376600007, 33.20653977100005], [73.12635376600008, 33.20323977100003], [73.12815376600008, 33.197239771000056], [73.12355376600004, 33.191539771000066], [73.12155376600003, 33.18743977100007], [73.12325376600006, 33.18363977100006], [73.12055376600006, 33.181539771000075], [73.11645376600006, 33.18363977100006], [73.11255376600008, 33.184339771000054], [73.10885376600004, 33.18533977100003], [73.10405376600005, 33.18613977100006], [73.10245376600005, 33.189239771000075], [73.10095376600003, 33.19183977100005], [73.09815376600005, 33.19553977100003], [73.09555376600008, 33.19883977100005], [73.09265376600007, 33.201239771000076], [73.09425376600007, 33.20303977100008], [73.09685376600004, 33.20673977100006], [73.10025376600004, 33.20933977100003], [73.10395376600007, 33.21353977100006], [73.10735376600007, 33.21693977100006], [73.10695376600006, 33.22183977100008], [73.10685376600003, 33.22613977100008], [73.10705376600004, 33.22953977100008], [73.10705376600004, 33.23193977100004], [73.10025376600004, 33.22903977100003], [73.09775376600004, 33.228639771000076], [73.09555376600008, 33.22763977100004], [73.09335376600006, 33.226639771000066], [73.09205376600005, 33.22873977100005], [73.09065376600006, 33.23163977100006], [73.08965376600008, 33.235139771000036], [73.09265376600007, 33.235439771000074], [73.09565376600005, 33.239139771000055], [73.09795376600005, 33.240839771000026], [73.09915376600003, 33.24243977100008], [73.09795376600005, 33.24593977100005], [73.09675376600006, 33.24903977100007], [73.09525376600004, 33.25333977100007], [73.09375376600008, 33.256839771000045], [73.09185376600004, 33.26073977100003], [73.09365376600005, 33.26293977100005], [73.09665376600003, 33.265939771000035], [73.10035376600007, 33.26963977100007], [73.10315376600005, 33.27113977100004], [73.10815376600004, 33.27393977100007], [73.11205376600003, 33.27443977100006], [73.11465376600006, 33.274239771000055], [73.11475376600004, 33.27003977100003], [73.11435376600008, 33.26723977100005], [73.11525376600008, 33.26543977100005], [73.11575376600007, 33.26243977100006], [73.11605376600005, 33.256539771000064], [73.11715376600006, 33.25303977100003], [73.11835376600004, 33.248539771000026], [73.11555376600006, 33.242039771000066], [73.11975376600003, 33.23953977100007], [73.12365376600007, 33.23803977100005], [73.12665376600006, 33.23783977100004], [73.12995376600003, 33.23753977100006], [73.13325376600005, 33.23813977100008], [73.13665376600005, 33.23183977100007], [73.13875376600004, 33.22833977100004], [73.14055376600004, 33.22473977100003]]]}}, {"type": "Feature", "properties": {"uc": "JHUNGAL", "tehsil": "Gujar Khan Tehsil", "town": "", "expected_cases": 0.0, "historical_cases": 0, "alert": "Green"}, "geometry": {"type": "Polygon", "coordinates": [[[73.07435376600006, 33.32683977100004], [73.07585376600008, 33.32383977100005], [73.08025376600006, 33.32243977100006], [73.08435376600005, 33.32093977100004], [73.08855376600008, 33.316539771000066], [73.09175376600007, 33.31293977100006], [73.08825376600004, 33.307939771000065], [73.08705376600005, 33.30433977100006], [73.08745376600007, 33.30033977100004], [73.08865376600005, 33.296239771000046], [73.09195376600007, 33.29063977100003], [73.09615376600004, 33.285339771000054], [73.10215376600007, 33.27873977100006], [73.10575376600008, 33.28073977100007], [73.10815376600004, 33.283339771000044], [73.11065376600004, 33.28693977100005], [73.10995376600005, 33.28983977100006], [73.10755376600008, 33.29293977100008], [73.10525376600003, 33.29753977100006], [73.10565376600005, 33.30043977100007], [73.10665376600008, 33.30263977100003], [73.11325376600007, 33.30183977100006], [73.11865376600008, 33.30703977100006], [73.12015376600004, 33.31143977100004], [73.12265376600004, 33.31603977100008], [73.12445376600004, 33.31293977100006], [73.12595376600007, 33.30853977100003], [73.12335376600004, 33.305339771000035], [73.12165376600007, 33.30283977100004], [73.12215376600005, 33.30073977100005], [73.12275376600007, 33.29893977100005], [73.12115376600008, 33.295339771000044], [73.11945376600005, 33.29173977100004], [73.12135376600008, 33.28743977100004], [73.12435376600007, 33.28353977100005], [73.12695376600004, 33.281339771000034], [73.12945376600004, 33.28033977100006], [73.13275376600006, 33.28233977100007], [73.13525376600006, 33.283439771000076], [73.13755376600005, 33.282539771000074], [73.14025376600006, 33.283639771000026], [73.14115376600006, 33.280239771000026], [73.14205376600006, 33.27753977100008], [73.14205376600006, 33.274539771000036], [73.14185376600005, 33.27043977100004], [73.14145376600004, 33.267339771000024], [73.14225376600007, 33.26533977100007], [73.14535376600008, 33.26503977100003], [73.14945376600008, 33.26543977100005], [73.15485376600003, 33.265939771000035], [73.15785376600007, 33.26293977100005], [73.15885376600005, 33.25983977100003], [73.16045376600005, 33.25693977100008], [73.16255376600003, 33.253939771000034], [73.16255376600003, 33.25103977100002], [73.15985376600008, 33.25093977100005], [73.15735376600003, 33.24903977100007], [73.15435376600004, 33.24533977100003], [73.15155376600006, 33.24173977100003], [73.14895376600003, 33.23783977100004], [73.14705376600006, 33.23413977100006], [73.14625376600003, 33.232039771000075], [73.14425376600008, 33.22893977100006], [73.14055376600004, 33.22473977100003], [73.13875376600004, 33.22833977100004], [73.13665376600005, 33.23183977100007], [73.13325376600005, 33.23813977100008], [73.12995376600003, 33.23753977100006], [73.12665376600006, 33.23783977100004], [73.12365376600007, 33.23803977100005], [73.11975376600003, 33.23953977100007], [73.11555376600006, 33.242039771000066], [73.11835376600004, 33.248539771000026], [73.11715376600006, 33.25303977100003], [73.11605376600005, 33.256539771000064], [73.11575376600007, 33.26243977100006], [73.11525376600008, 33.26543977100005], [73.11435376600008, 33.26723977100005], [73.11475376600004, 33.27003977100003], [73.11465376600006, 33.274239771000055], [73.11205376600003, 33.27443977100006], [73.10815376600004, 33.27393977100007], [73.10315376600005, 33.27113977100004], [73.10035376600007, 33.26963977100007], [73.09665376600003, 33.265939771000035], [73.09365376600005, 33.26293977100005], [73.09185376600004, 33.26073977100003], [73.08975376600006, 33.26103977100007], [73.08755376600004, 33.26123977100008], [73.08445376600008, 33.26213977100008], [73.08165376600004, 33.26383977100005], [73.07975376600007, 33.26533977100007], [73.07675376600008, 33.267939771000044], [73.07185376600006, 33.27173977100006], [73.06895376600005, 33.274539771000036], [73.06405376600003, 33.279139771000075], [73.06055376600006, 33.28213977100006], [73.05815376600003, 33.28113977100003], [73.05575376600007, 33.27903977100004], [73.05085376600005, 33.28323977100007], [73.05025376600008, 33.28783977100005], [73.05285376600006, 33.29223977100003], [73.05505376600007, 33.294239771000036], [73.05965376600005, 33.29863977100007], [73.06305376600005, 33.30373977100004], [73.06295376600008, 33.30663977100005], [73.06195376600004, 33.309939771000074], [73.05985376600006, 33.31093977100005], [73.05625376600005, 33.31283977100003], [73.05145376600007, 33.32373977100008], [73.05475376600003, 33.32523977100004], [73.05985376600006, 33.327639771000065], [73.06435376600007, 33.32863977100004], [73.06725376600008, 33.32813977100005], [73.07435376600006, 33.32683977100004]]]}}, {"type": "Feature", "properties": {"uc": "KALYAM AWAN", "tehsil": "Gujar Khan Tehsil", "town": "", "expected_cases": 0.0, "historical_cases": 10, "alert": "Green"}, "geometry": {"type": "Polygon", "coordinates": [[[73.27515376600007, 33.428139771000076], [73.27395376600003, 33.423739771000044], [73.27365376600005, 33.421239771000046], [73.27395376600003, 33.41763977100004], [73.27555376600003, 33.41363977100008], [73.27705376600005, 33.41053977100006], [73.27765376600007, 33.40663977100007], [73.27495376600007, 33.407839771000056], [73.27385376600006, 33.40593977100008], [73.27035376600008, 33.40403977100004], [73.26735376600004, 33.40173977100005], [73.26615376600006, 33.39563977100005], [73.26175376600008, 33.39413977100003], [73.25895376600005, 33.394339771000034], [73.25705376600007, 33.392939771000044], [73.25465376600005, 33.39033977100007], [73.25165376600006, 33.38833977100006], [73.24915376600006, 33.386739771000066], [73.24715376600005, 33.38853977100007], [73.24445376600005, 33.39033977100007], [73.24125376600006, 33.392439771000056], [73.24125376600006, 33.39603977100006], [73.24615376600008, 33.39703977100004], [73.24975376600008, 33.39693977100006], [73.25265376600004, 33.39693977100006], [73.25225376600008, 33.400139771000056], [73.24905376600003, 33.400939771000026], [73.24825376600006, 33.40393977100007], [73.24995376600003, 33.40573977100007], [73.25245376600003, 33.407239771000036], [73.25495376600003, 33.405239771000026], [73.25885376600007, 33.404139771000075], [73.25965376600004, 33.40903977100004], [73.25985376600005, 33.41283977100005], [73.25545376600007, 33.41383977100003], [73.24975376600008, 33.41423977100004], [73.24605376600005, 33.41393977100006], [73.24315376600003, 33.41383977100003], [73.23905376600004, 33.415239771000074], [73.23645376600007, 33.40793977100003], [73.23725376600004, 33.40083977100005], [73.23595376600008, 33.39793977100004], [73.23295376600004, 33.395839771000055], [73.22875376600007, 33.39673977100006], [73.22535376600007, 33.39733977100008], [73.22275376600004, 33.397839771000065], [73.22095376600004, 33.39503977100003], [73.21835376600006, 33.39083977100006], [73.21655376600006, 33.388039771000024], [73.21535376600008, 33.38433977100004], [73.21355376600008, 33.38133977100006], [73.21015376600008, 33.38163977100004], [73.18575376600006, 33.39693977100006], [73.18995376600003, 33.40183977100003], [73.18995376600003, 33.40423977100005], [73.18995376600003, 33.40733977100007], [73.18915376600006, 33.41433977100007], [73.19955376600007, 33.41683977100007], [73.20965376600003, 33.41963977100005], [73.21275376600005, 33.42143977100005], [73.21775376600004, 33.42103977100004], [73.21715376600008, 33.416339771000025], [73.21755376600004, 33.41283977100005], [73.21955376600005, 33.41003977100007], [73.22215376600008, 33.41213977100006], [73.22435376600004, 33.413239771000065], [73.22835376600005, 33.415239771000074], [73.23225376600004, 33.416339771000025], [73.23465376600006, 33.416939771000045], [73.23865376600008, 33.42133977100008], [73.24265376600005, 33.424639771000045], [73.24765376600004, 33.42773977100006], [73.25065376600008, 33.432339771000045], [73.25485376600005, 33.438639771000055], [73.25885376600007, 33.43363977100006], [73.26375376600004, 33.428339771000026], [73.27005376600005, 33.428039771000044], [73.27295376600006, 33.42733977100005], [73.27515376600007, 33.428139771000076]]]}}, {"type": "Feature", "properties": {"uc": "KANIAT KHALIL", "tehsil": "Gujar Khan Tehsil", "town": "", "expected_cases": 0.0, "historical_cases": 0, "alert": "Green"}, "geometry": {"type": "Polygon", "coordinates": [[[73.21725376600006, 33.19413977100004], [73.21775376600004, 33.19113977100005], [73.22125376600007, 33.190339771000026], [73.22475376600005, 33.18913977100004], [73.22795376600004, 33.18873977100003], [73.23125376600007, 33.18873977100003], [73.23205376600004, 33.185139771000024], [73.23325376600008, 33.18143977100004], [73.23345376600008, 33.177239771000075], [73.23275376600003, 33.17243977100003], [73.23145376600007, 33.16713977100005], [73.23285376600006, 33.16313977100003], [73.23425376600005, 33.16133977100003], [73.23725376600004, 33.16363977100008], [73.24035376600006, 33.16363977100008], [73.24305376600006, 33.16333977100004], [73.24375376600005, 33.15933977100008], [73.24495376600004, 33.15603977100005], [73.24505376600007, 33.15233977100007], [73.24235376600006, 33.15023977100003], [73.23995376600004, 33.14763977100006], [73.23815376600004, 33.145739771000024], [73.23585376600005, 33.143839771000046], [73.23255376600008, 33.14343977100003], [73.22935376600003, 33.143039771000076], [73.22835376600005, 33.14003977100003], [73.22735376600008, 33.137239771000054], [73.22655376600005, 33.133239771000035], [73.22105376600007, 33.133839771000055], [73.21485376600003, 33.13423977100007], [73.21095376600005, 33.13393977100003], [73.20665376600004, 33.13313977100006], [73.20245376600008, 33.132439771000065], [73.19975376600007, 33.13173977100007], [73.19775376600006, 33.13503977100004], [73.19565376600008, 33.139539771000045], [73.19385376600007, 33.14253977100003], [73.19605376600003, 33.14473977100005], [73.19985376600005, 33.14623977100007], [73.20015376600003, 33.149239771000055], [73.20075376600005, 33.15233977100007], [73.20205376600006, 33.157839771000056], [73.20285376600003, 33.160639771000035], [73.20305376600004, 33.164039771000034], [73.20065376600007, 33.16563977100003], [73.19855376600003, 33.16423977100004], [73.19605376600003, 33.16303977100006], [73.19115376600007, 33.161839771000075], [73.18715376600005, 33.16133977100003], [73.18685376600007, 33.164939771000036], [73.18325376600006, 33.164639771000054], [73.18015376600005, 33.164139771000066], [73.17665376600007, 33.16333977100004], [73.17315376600004, 33.161839771000075], [73.17005376600008, 33.16043977100003], [73.16695376600006, 33.158639771000026], [73.16405376600005, 33.15653977100004], [73.16145376600008, 33.15373977100006], [73.15915376600003, 33.15163977100008], [73.15625376600008, 33.15423977100005], [73.15375376600008, 33.156439771000066], [73.15355376600007, 33.16083977100004], [73.15375376600008, 33.16963977100005], [73.15285376600008, 33.17493977100003], [73.15105376600008, 33.17913977100005], [73.14865376600005, 33.18423977100008], [73.15005376600004, 33.187139771000034], [73.15295376600005, 33.19073977100004], [73.15505376600004, 33.19043977100006], [73.15735376600003, 33.18993977100007], [73.16125376600007, 33.18763977100008], [73.16565376600005, 33.185839771000076], [73.16845376600008, 33.184639771000036], [73.17255376600008, 33.18273977100006], [73.17705376600003, 33.18123977100004], [73.18135376600003, 33.18023977100006], [73.18465376600005, 33.18073977100005], [73.18755376600006, 33.181739771000025], [73.18795376600008, 33.18563977100007], [73.18665376600006, 33.18843977100005], [73.18465376600005, 33.19053977100003], [73.18265376600004, 33.19363977100005], [73.18465376600005, 33.19843977100004], [73.18705376600008, 33.200339771000074], [73.19145376600005, 33.20283977100007], [73.19365376600007, 33.204639771000075], [73.19555376600005, 33.206339771000046], [73.19875376600004, 33.20563977100005], [73.20225376600007, 33.20333977100006], [73.20655376600007, 33.200539771000024], [73.21045376600006, 33.198639771000046], [73.21405376600006, 33.19613977100005], [73.21725376600006, 33.19413977100004]]]}}, {"type": "Feature", "properties": {"uc": "KARUMB ILYAS", "tehsil": "Gujar Khan Tehsil", "town": "", "expected_cases": 0.0, "historical_cases": 0, "alert": "Green"}, "geometry": {"type": "Polygon", "coordinates": [[[73.24455376600008, 33.26813977100005], [73.24465376600006, 33.26413977100003], [73.24375376600005, 33.258839771000055], [73.24335376600004, 33.255339771000024], [73.24015376600005, 33.25223977100006], [73.23625376600006, 33.24953977100006], [73.23465376600006, 33.247139771000036], [73.23325376600008, 33.244239771000025], [73.23335376600005, 33.24103977100003], [73.23405376600005, 33.23663977100006], [73.23485376600007, 33.23103977100004], [73.23495376600005, 33.22733977100006], [73.23525376600003, 33.225139771000045], [73.23805376600006, 33.22443977100005], [73.24075376600007, 33.22413977100007], [73.24415376600007, 33.222339771000065], [73.24615376600008, 33.21963977100006], [73.24685376600007, 33.21733977100007], [73.24485376600006, 33.21633977100004], [73.24275376600008, 33.21493977100005], [73.23965376600006, 33.213139771000044], [73.23735376600007, 33.211239771000066], [73.23455376600003, 33.20863977100004], [73.23015376600006, 33.21003977100003], [73.22945376600006, 33.20723977100005], [73.22895376600007, 33.20413977100003], [73.22485376600008, 33.20093977100004], [73.22275376600004, 33.19793977100005], [73.22015376600007, 33.19553977100003], [73.21725376600006, 33.19413977100004], [73.21405376600006, 33.19613977100005], [73.21045376600006, 33.198639771000046], [73.20655376600007, 33.200539771000024], [73.20225376600007, 33.20333977100006], [73.19875376600004, 33.20563977100005], [73.19555376600005, 33.206339771000046], [73.19365376600007, 33.204639771000075], [73.19145376600005, 33.20283977100007], [73.18705376600008, 33.200339771000074], [73.18465376600005, 33.19843977100004], [73.18265376600004, 33.19363977100005], [73.18465376600005, 33.19053977100003], [73.18665376600006, 33.18843977100005], [73.18795376600008, 33.18563977100007], [73.18755376600006, 33.181739771000025], [73.18465376600005, 33.18073977100005], [73.18135376600003, 33.18023977100006], [73.17705376600003, 33.18123977100004], [73.17255376600008, 33.18273977100006], [73.16845376600008, 33.184639771000036], [73.16565376600005, 33.185839771000076], [73.16125376600007, 33.18763977100008], [73.15735376600003, 33.18993977100007], [73.15505376600004, 33.19043977100006], [73.15295376600005, 33.19073977100004], [73.15445376600007, 33.19363977100005], [73.15335376600007, 33.198039771000026], [73.15155376600006, 33.20333977100006], [73.15105376600008, 33.20643977100008], [73.15355376600007, 33.20943977100006], [73.15715376600008, 33.21303977100007], [73.16395376600008, 33.21293977100004], [73.16805376600007, 33.21333977100005], [73.17165376600008, 33.21393977100007], [73.17255376600008, 33.21793977100003], [73.17315376600004, 33.22363977100002], [73.17465376600006, 33.227939771000024], [73.17635376600003, 33.231739771000036], [73.17795376600003, 33.23383977100008], [73.17975376600003, 33.23673977100003], [73.18065376600003, 33.23983977100005], [73.18135376600003, 33.24223977100007], [73.18135376600003, 33.24443977100003], [73.18045376600008, 33.24873977100003], [73.17955376600008, 33.25213977100003], [73.18235376600006, 33.25223977100006], [73.18675376600004, 33.25323977100004], [73.19055376600005, 33.25443977100008], [73.19335376600003, 33.25503977100004], [73.19675376600003, 33.255139771000074], [73.20005376600005, 33.255939771000044], [73.20325376600005, 33.25873977100008], [73.20345376600005, 33.262839771000074], [73.20435376600005, 33.26623977100007], [73.20385376600007, 33.270739771000024], [73.20125376600004, 33.27413977100008], [73.19975376600007, 33.276539771000046], [73.20285376600003, 33.27963977100006], [73.20555376600004, 33.283339771000044], [73.20745376600007, 33.28513977100005], [73.21145376600003, 33.28523977100008], [73.21355376600008, 33.28113977100003], [73.21745376600006, 33.28033977100006], [73.22105376600007, 33.280239771000026], [73.22335376600006, 33.27583977100005], [73.22725376600005, 33.27173977100006], [73.22975376600004, 33.269939771000054], [73.23365376600003, 33.268839771000046], [73.23945376600005, 33.268539771000064], [73.24455376600008, 33.26813977100005]]]}}, {"type": "Feature", "properties": {"uc": "KAUNTRILA", "tehsil": "Gujar Khan Tehsil", "town": "", "expected_cases": 0.0, "historical_cases": 0, "alert": "Green"}, "geometry": {"type": "Polygon", "coordinates": [[[73.23585376600005, 33.143839771000046], [73.23545376600003, 33.14163977100003], [73.23585376600005, 33.137539771000036], [73.23635376600004, 33.13263977100007], [73.23515376600005, 33.130139771000074], [73.23295376600004, 33.12703977100006], [73.22985376600008, 33.126139771000055], [73.23095376600008, 33.12163977100005], [73.23285376600006, 33.11723977100007], [73.23455376600003, 33.11363977100007], [73.23625376600006, 33.11163977100006], [73.23735376600007, 33.10963977100005], [73.23835376600005, 33.107239771000025], [73.23895376600007, 33.10333977100004], [73.23915376600007, 33.10083977100004], [73.23915376600007, 33.09803977100006], [73.23965376600006, 33.09453977100003], [73.23975376600004, 33.090139771000054], [73.23685376600008, 33.09053977100007], [73.23295376600004, 33.090439771000035], [73.22885376600004, 33.08973977100004], [73.22625376600007, 33.08923977100005], [73.22345376600003, 33.08863977100003], [73.22015376600007, 33.087639771000056], [73.21735376600003, 33.08663977100008], [73.21515376600007, 33.08653977100005], [73.21315376600006, 33.08853977100006], [73.21145376600003, 33.09113977100003], [73.20915376600004, 33.094439771000054], [73.20565376600007, 33.097839771000054], [73.20265376600008, 33.097339771000065], [73.20035376600003, 33.09543977100003], [73.19675376600003, 33.09943977100005], [73.19585376600008, 33.10283977100005], [73.19425376600003, 33.10863977100007], [73.19255376600006, 33.113539771000035], [73.19145376600005, 33.11623977100004], [73.19105376600004, 33.12083977100008], [73.19035376600004, 33.12543977100006], [73.18775376600007, 33.12563977100007], [73.18445376600005, 33.12633977100006], [73.17945376600005, 33.12713977100003], [73.17575376600007, 33.12773977100005], [73.17555376600006, 33.13083977100007], [73.17565376600004, 33.13493977100006], [73.17755376600007, 33.13603977100007], [73.18095376600007, 33.139239771000064], [73.18385376600008, 33.143539771000064], [73.18545376600008, 33.14803977100007], [73.18595376600007, 33.15163977100008], [73.18685376600007, 33.15483977100007], [73.18725376600008, 33.158439771000076], [73.18715376600005, 33.16133977100003], [73.19115376600007, 33.161839771000075], [73.19605376600003, 33.16303977100006], [73.19855376600003, 33.16423977100004], [73.20065376600007, 33.16563977100003], [73.20305376600004, 33.164039771000034], [73.20285376600003, 33.160639771000035], [73.20205376600006, 33.157839771000056], [73.20075376600005, 33.15233977100007], [73.20015376600003, 33.149239771000055], [73.19985376600005, 33.14623977100007], [73.19605376600003, 33.14473977100005], [73.19385376600007, 33.14253977100003], [73.19565376600008, 33.139539771000045], [73.19775376600006, 33.13503977100004], [73.19975376600007, 33.13173977100007], [73.20245376600008, 33.132439771000065], [73.20665376600004, 33.13313977100006], [73.21095376600005, 33.13393977100003], [73.21485376600003, 33.13423977100007], [73.22105376600007, 33.133839771000055], [73.22655376600005, 33.133239771000035], [73.22735376600008, 33.137239771000054], [73.22835376600005, 33.14003977100003], [73.22935376600003, 33.143039771000076], [73.23255376600008, 33.14343977100003], [73.23585376600005, 33.143839771000046]]]}}, {"type": "Feature", "properties": {"uc": "KURI DULAL", "tehsil": "Gujar Khan Tehsil", "town": "", "expected_cases": 0.0, "historical_cases": 10, "alert": "Green"}, "geometry": {"type": "Polygon", "coordinates": [[[73.31535376600004, 33.40193977100006], [73.31865376600007, 33.39163977100003], [73.32105376600003, 33.385839771000065], [73.32495376600008, 33.38373977100008], [73.31425376600004, 33.37143977100004], [73.31365376600007, 33.366139771000064], [73.31275376600007, 33.36083977100003], [73.31065376600003, 33.35693977100004], [73.30545376600008, 33.357039771000075], [73.30145376600007, 33.35833977100003], [73.29855376600005, 33.35883977100008], [73.29445376600006, 33.35953977100007], [73.29225376600004, 33.36243977100003], [73.29065376600005, 33.36653977100008], [73.29105376600006, 33.37013977100003], [73.29105376600006, 33.373539771000026], [73.29125376600007, 33.37973977100006], [73.28775376600004, 33.37663977100004], [73.28435376600004, 33.37373977100003], [73.28065376600006, 33.370439771000065], [73.27765376600007, 33.36733977100005], [73.27455376600005, 33.36533977100004], [73.27175376600007, 33.36743977100008], [73.26995376600007, 33.36913977100005], [73.26725376600007, 33.37233977100004], [73.26545376600006, 33.37573977100004], [73.26425376600008, 33.377539771000045], [73.26155376600008, 33.375539771000035], [73.25835376600008, 33.373539771000026], [73.25485376600005, 33.37063977100007], [73.25265376600004, 33.37403977100007], [73.24915376600006, 33.37743977100007], [73.24645376600006, 33.380939771000044], [73.24665376600007, 33.38433977100004], [73.24915376600006, 33.386739771000066], [73.25165376600006, 33.38833977100006], [73.25465376600005, 33.39033977100007], [73.25705376600007, 33.392939771000044], [73.25895376600005, 33.394339771000034], [73.26175376600008, 33.39413977100003], [73.26615376600006, 33.39563977100005], [73.26735376600004, 33.40173977100005], [73.27035376600008, 33.40403977100004], [73.27385376600006, 33.40593977100008], [73.27495376600007, 33.407839771000056], [73.27765376600007, 33.40663977100007], [73.27705376600005, 33.41053977100006], [73.27555376600003, 33.41363977100008], [73.27395376600003, 33.41763977100004], [73.27365376600005, 33.421239771000046], [73.27395376600003, 33.423739771000044], [73.27515376600007, 33.428139771000076], [73.27845376600004, 33.42933977100006], [73.28265376600007, 33.436039771000026], [73.28975376600005, 33.43593977100005], [73.29555376600007, 33.43423977100008], [73.30265376600005, 33.43313977100007], [73.30845376600007, 33.43273977100006], [73.31725376600008, 33.43363977100006], [73.32015376600003, 33.43303977100004], [73.32305376600004, 33.430939771000055], [73.32465376600004, 33.42533977100004], [73.32555376600004, 33.421839771000066], [73.32385376600007, 33.41803977100005], [73.32175376600003, 33.41483977100006], [73.31855376600004, 33.40813977100004], [73.31535376600004, 33.40193977100006]]]}}, {"type": "Feature", "properties": {"uc": "MANDRA", "tehsil": "Gujar Khan Tehsil", "town": "", "expected_cases": 0.0, "historical_cases": 7, "alert": "Green"}, "geometry": {"type": "MultiPolygon", "coordinates": [[[[73.24915376600006, 33.386739771000066], [73.24665376600007, 33.38433977100004], [73.24645376600006, 33.380939771000044], [73.24915376600006, 33.37743977100007], [73.25265376600004, 33.37403977100007], [73.25485376600005, 33.37063977100007], [73.25835376600008, 33.373539771000026], [73.26155376600008, 33.375539771000035], [73.26425376600008, 33.377539771000045], [73.26545376600006, 33.37573977100004], [73.26725376600007, 33.37233977100004], [73.26565376600007, 33.36913977100005], [73.26295376600007, 33.36573977100005], [73.26235376600005, 33.36233977100005], [73.26155376600008, 33.35963977100005], [73.25955376600007, 33.355039771000065], [73.25715376600004, 33.353639771000076], [73.25575376600005, 33.35113977100008], [73.25425376600003, 33.346439771000064], [73.25305376600005, 33.341839771000025], [73.24915376600006, 33.34123977100006], [73.24795376600008, 33.343839771000034], [73.24565376600003, 33.34493977100004], [73.24305376600006, 33.345939771000076], [73.24085376600004, 33.34823977100007], [73.23915376600007, 33.35053977100006], [73.23625376600006, 33.35083977100004], [73.23755376600008, 33.347239771000034], [73.23975376600004, 33.34313977100004], [73.24085376600004, 33.340439771000035], [73.24235376600006, 33.33713977100007], [73.23875376600006, 33.33253977100003], [73.23605376600005, 33.33003977100003], [73.23335376600005, 33.32793977100005], [73.23115376600003, 33.32603977100007], [73.22585376600006, 33.32323977100003], [73.22935376600003, 33.32833977100006], [73.23125376600007, 33.331339771000046], [73.22895376600007, 33.33483977100008], [73.22775376600003, 33.33743977100005], [73.22575376600008, 33.34133977100004], [73.22375376600007, 33.344739771000036], [73.22215376600008, 33.347839771000054], [73.22095376600004, 33.34983977100006], [73.21975376600005, 33.35143977100006], [73.21635376600005, 33.34973977100003], [73.21325376600004, 33.34863977100002], [73.21195376600008, 33.35133977100003], [73.21005376600004, 33.35333977100004], [73.20705376600006, 33.35553977100005], [73.20315376600007, 33.35903977100003], [73.20045376600007, 33.36163977100006], [73.19915376600005, 33.36373977100004], [73.19815376600008, 33.366439771000046], [73.19725376600007, 33.369239771000025], [73.19725376600007, 33.371839771000054], [73.19845376600006, 33.375239771000054], [73.18575376600006, 33.39693977100006], [73.21015376600008, 33.38163977100004], [73.21355376600008, 33.38133977100006], [73.21535376600008, 33.38433977100004], [73.21655376600006, 33.388039771000024], [73.21835376600006, 33.39083977100006], [73.22095376600004, 33.39503977100003], [73.22275376600004, 33.397839771000065], [73.22535376600007, 33.39733977100008], [73.22875376600007, 33.39673977100006], [73.23295376600004, 33.395839771000055], [73.23595376600008, 33.39793977100004], [73.23725376600004, 33.40083977100005], [73.23645376600007, 33.40793977100003], [73.23905376600004, 33.415239771000074], [73.24315376600003, 33.41383977100003], [73.24605376600005, 33.41393977100006], [73.24975376600008, 33.41423977100004], [73.25545376600007, 33.41383977100003], [73.25985376600005, 33.41283977100005], [73.25965376600004, 33.40903977100004], [73.25885376600007, 33.404139771000075], [73.25495376600003, 33.405239771000026], [73.25245376600003, 33.407239771000036], [73.24995376600003, 33.40573977100007], [73.24825376600006, 33.40393977100007], [73.24905376600003, 33.400939771000026], [73.25225376600008, 33.400139771000056], [73.25265376600004, 33.39693977100006], [73.24975376600008, 33.39693977100006], [73.24615376600008, 33.39703977100004], [73.24125376600006, 33.39603977100006], [73.24125376600006, 33.392439771000056], [73.24445376600005, 33.39033977100007], [73.24715376600005, 33.38853977100007], [73.24915376600006, 33.386739771000066]]], [[[73.22585376600006, 33.32323977100003], [73.22765376600006, 33.32013977100007], [73.22965376600007, 33.316539771000066], [73.23035376600006, 33.313339771000074], [73.22855376600006, 33.313039771000035], [73.22615376600004, 33.313639771000055], [73.22385376600005, 33.317339771000036], [73.22055376600008, 33.31963977100003], [73.21705376600005, 33.320739771000035], [73.21525376600005, 33.32233977100003], [73.21495376600006, 33.326139771000044], [73.21545376600005, 33.32853977100007], [73.21925376600007, 33.32663977100003], [73.22215376600008, 33.32543977100005], [73.22585376600006, 33.32323977100003]]]]}}, {"type": "Feature", "properties": {"uc": "MANGOT", "tehsil": "Gujar Khan Tehsil", "town": "", "expected_cases": 0.0, "historical_cases": 0, "alert": "Green"}, "geometry": {"type": "Polygon", "coordinates": [[[73.17015376600006, 33.29523977100007], [73.16965376600007, 33.291339771000025], [73.16955376600004, 33.28693977100005], [73.16945376600006, 33.28453977100003], [73.16635376600004, 33.28523977100008], [73.16325376600008, 33.28453977100003], [73.16335376600006, 33.280839771000046], [73.16435376600003, 33.27583977100005], [73.16485376600008, 33.272839771000065], [73.16545376600004, 33.26983977100008], [73.16795376600004, 33.26843977100003], [73.16755376600008, 33.263139771000056], [73.16755376600008, 33.26013977100007], [73.16905376600005, 33.25793977100005], [73.17145376600007, 33.256039771000076], [73.17425376600005, 33.25363977100005], [73.17175376600005, 33.25183977100005], [73.17165376600008, 33.24813977100007], [73.17125376600006, 33.244039771000075], [73.17085376600005, 33.24013977100003], [73.16785376600006, 33.241439771000046], [73.16545376600004, 33.24353977100003], [73.16385376600005, 33.24533977100003], [73.16275376600004, 33.24813977100007], [73.16255376600003, 33.25103977100002], [73.16255376600003, 33.253939771000034], [73.16045376600005, 33.25693977100008], [73.15885376600005, 33.25983977100003], [73.15785376600007, 33.26293977100005], [73.15485376600003, 33.265939771000035], [73.14945376600008, 33.26543977100005], [73.14535376600008, 33.26503977100003], [73.14225376600007, 33.26533977100007], [73.14145376600004, 33.267339771000024], [73.14185376600005, 33.27043977100004], [73.14205376600006, 33.274539771000036], [73.14205376600006, 33.27753977100008], [73.14115376600006, 33.280239771000026], [73.14025376600006, 33.283639771000026], [73.13755376600005, 33.282539771000074], [73.13525376600006, 33.283439771000076], [73.13275376600006, 33.28233977100007], [73.12945376600004, 33.28033977100006], [73.12695376600004, 33.281339771000034], [73.12435376600007, 33.28353977100005], [73.12135376600008, 33.28743977100004], [73.11945376600005, 33.29173977100004], [73.12115376600008, 33.295339771000044], [73.12275376600007, 33.29893977100005], [73.12215376600005, 33.30073977100005], [73.12165376600007, 33.30283977100004], [73.12335376600004, 33.305339771000035], [73.12595376600007, 33.30853977100003], [73.12445376600004, 33.31293977100006], [73.12265376600004, 33.31603977100008], [73.12015376600004, 33.31143977100004], [73.11865376600008, 33.30703977100006], [73.11325376600007, 33.30183977100006], [73.10665376600008, 33.30263977100003], [73.10565376600005, 33.30043977100007], [73.10525376600003, 33.29753977100006], [73.10755376600008, 33.29293977100008], [73.10995376600005, 33.28983977100006], [73.11065376600004, 33.28693977100005], [73.10815376600004, 33.283339771000044], [73.10575376600008, 33.28073977100007], [73.10215376600007, 33.27873977100006], [73.09615376600004, 33.285339771000054], [73.09195376600007, 33.29063977100003], [73.08865376600005, 33.296239771000046], [73.08745376600007, 33.30033977100004], [73.08705376600005, 33.30433977100006], [73.08825376600004, 33.307939771000065], [73.09175376600007, 33.31293977100006], [73.08855376600008, 33.316539771000066], [73.08435376600005, 33.32093977100004], [73.08025376600006, 33.32243977100006], [73.07585376600008, 33.32383977100005], [73.07435376600006, 33.32683977100004], [73.08265376600008, 33.32583977100006], [73.08775376600005, 33.32373977100008], [73.09085376600007, 33.32153977100006], [73.09475376600005, 33.31883977100006], [73.09815376600005, 33.31673977100007], [73.10415376600008, 33.312139771000034], [73.10765376600006, 33.310739771000044], [73.10975376600004, 33.308239771000046], [73.11265376600005, 33.30723977100007], [73.11375376600006, 33.31233977100004], [73.11065376600004, 33.32153977100006], [73.10355376600006, 33.32783977100007], [73.10655376600005, 33.33033977100007], [73.11195376600006, 33.33063977100005], [73.11825376600007, 33.33093977100003], [73.12525376600007, 33.32853977100007], [73.13365376600007, 33.32573977100003], [73.13445376600004, 33.32923977100006], [73.13445376600004, 33.33233977100008], [73.13485376600005, 33.33493977100005], [73.13615376600006, 33.34283977100006], [73.13625376600004, 33.34603977100005], [73.14695376600008, 33.34703977100003], [73.15835376600006, 33.34803977100006], [73.15915376600003, 33.351539771000034], [73.16735376600008, 33.34913977100007], [73.17015376600006, 33.34893977100006], [73.17055376600007, 33.34553977100006], [73.16925376600005, 33.33933977100003], [73.16765376600006, 33.33543977100004], [73.16665376600008, 33.330739771000026], [73.16705376600004, 33.32633977100005], [73.16625376600007, 33.32323977100003], [73.16395376600008, 33.31883977100006], [73.16085376600006, 33.31313977100007], [73.15955376600004, 33.31043977100006], [73.16035376600007, 33.30753977100005], [73.16215376600007, 33.30513977100003], [73.16425376600006, 33.302239771000075], [73.16765376600006, 33.29923977100003], [73.17015376600006, 33.29523977100007]]]}}, {"type": "Feature", "properties": {"uc": "MANKIALA BRAHMNA", "tehsil": "Gujar Khan Tehsil", "town": "", "expected_cases": 0.0, "historical_cases": 0, "alert": "Green"}, "geometry": {"type": "Polygon", "coordinates": [[[73.27045376600006, 33.24443977100003], [73.27235376600004, 33.24513977100003], [73.27665376600004, 33.24363977100006], [73.27805376600008, 33.239139771000055], [73.28205376600005, 33.234339771000066], [73.28515376600006, 33.23533977100004], [73.28825376600008, 33.237739771000065], [73.28755376600003, 33.24043977100007], [73.28605376600007, 33.24303977100004], [73.28465376600008, 33.24663977100005], [73.28525376600004, 33.24873977100003], [73.28705376600004, 33.24993977100007], [73.29045376600004, 33.24863977100006], [73.29375376600007, 33.24923977100008], [73.29605376600006, 33.24873977100003], [73.29935376600008, 33.249139771000046], [73.30215376600006, 33.24923977100008], [73.30025376600008, 33.246339771000066], [73.29825376600007, 33.241939771000034], [73.29705376600003, 33.23883977100007], [73.29605376600006, 33.235739771000055], [73.29485376600007, 33.232339771000056], [73.29215376600007, 33.22753977100007], [73.28885376600005, 33.223739771000055], [73.28525376600004, 33.22013977100005], [73.28285376600007, 33.21673977100005], [73.28085376600006, 33.21393977100007], [73.27865376600005, 33.21093977100003], [73.27595376600004, 33.207739771000035], [73.27375376600008, 33.20533977100007], [73.27155376600007, 33.204939771000056], [73.26725376600007, 33.20733977100008], [73.26365376600006, 33.20923977100006], [73.25975376600007, 33.21133977100004], [73.25785376600004, 33.21223977100004], [73.25435376600007, 33.21193977100006], [73.25135376600008, 33.212339771000075], [73.24885376600008, 33.21423977100005], [73.24685376600007, 33.21733977100007], [73.24615376600008, 33.21963977100006], [73.24415376600007, 33.222339771000065], [73.24075376600007, 33.22413977100007], [73.23805376600006, 33.22443977100005], [73.23525376600003, 33.225139771000045], [73.23495376600005, 33.22733977100006], [73.23485376600007, 33.23103977100004], [73.23405376600005, 33.23663977100006], [73.23335376600005, 33.24103977100003], [73.23325376600008, 33.244239771000025], [73.23465376600006, 33.247139771000036], [73.23625376600006, 33.24953977100006], [73.24015376600005, 33.25223977100006], [73.24335376600004, 33.255339771000024], [73.24635376600008, 33.252839771000026], [73.24975376600008, 33.25013977100008], [73.25295376600008, 33.247439771000074], [73.25655376600008, 33.24843977100005], [73.26015376600003, 33.24663977100005], [73.26295376600007, 33.24463977100004], [73.26555376600004, 33.242839771000035], [73.26825376600004, 33.24363977100006], [73.27045376600006, 33.24443977100003]]]}}, {"type": "Feature", "properties": {"uc": "MATWA", "tehsil": "Gujar Khan Tehsil", "town": "", "expected_cases": 0.0, "historical_cases": 1, "alert": "Green"}, "geometry": {"type": "Polygon", "coordinates": [[[73.28885376600005, 33.30743977100008], [73.28885376600005, 33.303639771000064], [73.28875376600007, 33.298239771000055], [73.28925376600006, 33.29413977100006], [73.28985376600008, 33.29173977100004], [73.29845376600008, 33.290439771000024], [73.29895376600007, 33.28813977100003], [73.29985376600007, 33.28583977100004], [73.30125376600006, 33.284239771000045], [73.30475376600003, 33.283439771000076], [73.30995376600004, 33.281939771000054], [73.31165376600006, 33.27953977100003], [73.31395376600005, 33.27603977100006], [73.31765376600003, 33.274539771000036], [73.31935376600006, 33.27243977100005], [73.31975376600008, 33.269939771000054], [73.32085376600008, 33.26663977100003], [73.32315376600008, 33.264239771000064], [73.32515376600003, 33.263139771000056], [73.33035376600003, 33.26123977100008], [73.33265376600008, 33.25983977100003], [73.33215376600003, 33.256239771000025], [73.33125376600003, 33.250239771000054], [73.30885376600008, 33.24943977100003], [73.30215376600006, 33.24923977100008], [73.29935376600008, 33.249139771000046], [73.29605376600006, 33.24873977100003], [73.29375376600007, 33.24923977100008], [73.29045376600004, 33.24863977100006], [73.28705376600004, 33.24993977100007], [73.28545376600005, 33.25503977100004], [73.28385376600005, 33.259639771000025], [73.28405376600006, 33.26433977100004], [73.28465376600008, 33.270539771000074], [73.28175376600007, 33.27213977100007], [73.27955376600005, 33.27303977100007], [73.27685376600004, 33.26953977100004], [73.26935376600005, 33.271439771000075], [73.26415376600005, 33.27313977100005], [73.25965376600004, 33.26893977100008], [73.25975376600007, 33.26563977100005], [73.26255376600005, 33.26263977100007], [73.26795376600006, 33.26073977100003], [73.26905376600007, 33.256539771000064], [73.26915376600004, 33.253139771000065], [73.26965376600003, 33.249139771000046], [73.27045376600006, 33.24443977100003], [73.26825376600004, 33.24363977100006], [73.26555376600004, 33.242839771000035], [73.26295376600007, 33.24463977100004], [73.26015376600003, 33.24663977100005], [73.25655376600008, 33.24843977100005], [73.25295376600008, 33.247439771000074], [73.24975376600008, 33.25013977100008], [73.24635376600008, 33.252839771000026], [73.24335376600004, 33.255339771000024], [73.24375376600005, 33.258839771000055], [73.24465376600006, 33.26413977100003], [73.24455376600008, 33.26813977100005], [73.24645376600006, 33.273639771000035], [73.24695376600005, 33.27773977100003], [73.24725376600003, 33.282539771000074], [73.24655376600003, 33.28743977100004], [73.24585376600004, 33.290239771000074], [73.24615376600008, 33.294839771000056], [73.24675376600004, 33.29913977100006], [73.24815376600003, 33.30293977100007], [73.24985376600006, 33.305339771000035], [73.25265376600004, 33.30763977100003], [73.25625376600004, 33.308839771000066], [73.25845376600006, 33.30783977100003], [73.26065376600008, 33.30753977100005], [73.26675376600008, 33.30863977100006], [73.27015376600008, 33.308739771000035], [73.27425376600007, 33.30853977100003], [73.27745376600006, 33.30843977100005], [73.28055376600008, 33.30853977100003], [73.28345376600004, 33.30863977100006], [73.28635376600005, 33.307939771000065], [73.28885376600005, 33.30743977100008]]]}}, {"type": "Feature", "properties": {"uc": "MOHRA NOORI", "tehsil": "Gujar Khan Tehsil", "town": "", "expected_cases": 0.0, "historical_cases": 0, "alert": "Green"}, "geometry": {"type": "Polygon", "coordinates": [[[73.18715376600005, 33.16133977100003], [73.18725376600008, 33.158439771000076], [73.18685376600007, 33.15483977100007], [73.18595376600007, 33.15163977100008], [73.18545376600008, 33.14803977100007], [73.18385376600008, 33.143539771000064], [73.18095376600007, 33.139239771000064], [73.17755376600007, 33.13603977100007], [73.17565376600004, 33.13493977100006], [73.17555376600006, 33.13083977100007], [73.17575376600007, 33.12773977100005], [73.17945376600005, 33.12713977100003], [73.18445376600005, 33.12633977100006], [73.18775376600007, 33.12563977100007], [73.19035376600004, 33.12543977100006], [73.19105376600004, 33.12083977100008], [73.19145376600005, 33.11623977100004], [73.19255376600006, 33.113539771000035], [73.19425376600003, 33.10863977100007], [73.19585376600008, 33.10283977100005], [73.19675376600003, 33.09943977100005], [73.20035376600003, 33.09543977100003], [73.19825376600005, 33.09483977100007], [73.19625376600004, 33.09663977100007], [73.19295376600007, 33.09803977100006], [73.18785376600005, 33.09773977100008], [73.18475376600003, 33.09843977100007], [73.18195376600005, 33.09823977100007], [73.17835376600004, 33.09753977100007], [73.17435376600008, 33.09683977100008], [73.17115376600003, 33.09633977100003], [73.16865376600003, 33.09603977100005], [73.16615376600004, 33.095839771000044], [73.16275376600004, 33.09553977100006], [73.15925376600006, 33.09543977100003], [73.15575376600003, 33.095239771000024], [73.15235376600003, 33.095239771000024], [73.14815376600006, 33.09513977100005], [73.15015376600007, 33.103039771000056], [73.15015376600007, 33.108739771000046], [73.14915376600004, 33.11243977100003], [73.14755376600004, 33.11533977100004], [73.14505376600005, 33.12083977100008], [73.14235376600004, 33.12543977100006], [73.14045376600006, 33.12803977100003], [73.13785376600003, 33.130939771000044], [73.13715376600004, 33.12633977100006], [73.13585376600008, 33.123539771000026], [73.13535376600004, 33.11963977100004], [73.13125376600004, 33.12173977100008], [73.12875376600005, 33.12433977100005], [73.12735376600006, 33.12713977100003], [73.12595376600007, 33.130339771000024], [73.12325376600006, 33.13133977100006], [73.12055376600006, 33.13193977100008], [73.12175376600004, 33.13573977100003], [73.12325376600006, 33.14083977100006], [73.12435376600007, 33.144939771000054], [73.12635376600008, 33.150739771000076], [73.12765376600004, 33.15483977100007], [73.12735376600006, 33.15933977100008], [73.12595376600007, 33.16153977100004], [73.12545376600008, 33.16583977100004], [73.12535376600005, 33.16913977100006], [73.12595376600007, 33.17143977100005], [73.12965376600005, 33.172939771000074], [73.13245376600008, 33.176039771000035], [73.13365376600007, 33.178339771000026], [73.13595376600006, 33.17773977100006], [73.13745376600008, 33.17493977100003], [73.14125376600003, 33.17443977100004], [73.14425376600008, 33.17853977100003], [73.14665376600004, 33.18223977100007], [73.14865376600005, 33.18423977100008], [73.15105376600008, 33.17913977100005], [73.15285376600008, 33.17493977100003], [73.15375376600008, 33.16963977100005], [73.15355376600007, 33.16083977100004], [73.15375376600008, 33.156439771000066], [73.15625376600008, 33.15423977100005], [73.15915376600003, 33.15163977100008], [73.16145376600008, 33.15373977100006], [73.16405376600005, 33.15653977100004], [73.16695376600006, 33.158639771000026], [73.17005376600008, 33.16043977100003], [73.17315376600004, 33.161839771000075], [73.17665376600007, 33.16333977100004], [73.18015376600005, 33.164139771000066], [73.18325376600006, 33.164639771000054], [73.18685376600007, 33.164939771000036], [73.18715376600005, 33.16133977100003]]]}}, {"type": "Feature", "properties": {"uc": "NARALI", "tehsil": "Gujar Khan Tehsil", "town": "", "expected_cases": 0.0, "historical_cases": 0, "alert": "Green"}, "geometry": {"type": "Polygon", "coordinates": [[[73.12595376600007, 33.16153977100004], [73.12735376600006, 33.15933977100008], [73.12765376600004, 33.15483977100007], [73.12635376600008, 33.150739771000076], [73.12435376600007, 33.144939771000054], [73.12325376600006, 33.14083977100006], [73.12175376600004, 33.13573977100003], [73.12055376600006, 33.13193977100008], [73.12325376600006, 33.13133977100006], [73.12595376600007, 33.130339771000024], [73.12735376600006, 33.12713977100003], [73.12875376600005, 33.12433977100005], [73.13125376600004, 33.12173977100008], [73.13535376600004, 33.11963977100004], [73.13585376600008, 33.123539771000026], [73.13715376600004, 33.12633977100006], [73.13785376600003, 33.130939771000044], [73.14045376600006, 33.12803977100003], [73.14235376600004, 33.12543977100006], [73.14505376600005, 33.12083977100008], [73.14755376600004, 33.11533977100004], [73.14915376600004, 33.11243977100003], [73.15015376600007, 33.108739771000046], [73.15015376600007, 33.103039771000056], [73.14815376600006, 33.09513977100005], [73.14415376600004, 33.09453977100003], [73.14205376600006, 33.09253977100008], [73.13975376600007, 33.091839771000025], [73.13755376600005, 33.09223977100004], [73.13595376600006, 33.09413977100007], [73.13305376600005, 33.09563977100004], [73.13065376600008, 33.09173977100005], [73.13005376600006, 33.08793977100004], [73.12935376600007, 33.08443977100006], [73.12815376600008, 33.080439771000044], [73.12675376600004, 33.077039771000045], [73.12435376600007, 33.075039771000036], [73.12105376600005, 33.07443977100007], [73.11755376600007, 33.074139771000034], [73.11385376600003, 33.07513977100007], [73.11165376600007, 33.07683977100004], [73.10975376600004, 33.07923977100006], [73.10695376600006, 33.08203977100004], [73.10395376600007, 33.085339771000065], [73.10355376600006, 33.08883977100004], [73.10365376600004, 33.09203977100003], [73.10365376600004, 33.095339771000056], [73.10375376600007, 33.09863977100002], [73.10385376600004, 33.10203977100008], [73.10415376600008, 33.10393977100006], [73.10355376600006, 33.10573977100006], [73.10105376600006, 33.10633977100008], [73.09825376600008, 33.10613977100007], [73.09535376600007, 33.10573977100006], [73.09225376600006, 33.10533977100005], [73.08975376600006, 33.105039771000065], [73.08615376600005, 33.10493977100003], [73.08985376600003, 33.11243977100003], [73.09205376600005, 33.11453977100007], [73.09435376600004, 33.11773977100006], [73.09675376600006, 33.12203977100006], [73.09825376600008, 33.12533977100003], [73.09895376600008, 33.12763977100008], [73.09935376600004, 33.13163977100004], [73.10055376600008, 33.13573977100003], [73.10305376600007, 33.14193977100007], [73.10565376600005, 33.14763977100006], [73.10815376600004, 33.15233977100007], [73.11015376600005, 33.15623977100006], [73.11205376600003, 33.15993977100004], [73.11515376600005, 33.16093977100007], [73.11875376600005, 33.16163977100007], [73.12345376600007, 33.16113977100002], [73.12595376600007, 33.16153977100004]]]}}, {"type": "Feature", "properties": {"uc": "PANJGRAN KALAN", "tehsil": "Gujar Khan Tehsil", "town": "", "expected_cases": 0.0, "historical_cases": 0, "alert": "Green"}, "geometry": {"type": "Polygon", "coordinates": [[[73.04375376600007, 33.23733977100005], [73.04545376600004, 33.23383977100008], [73.04725376600004, 33.23033977100005], [73.04885376600004, 33.227439771000036], [73.04515376600006, 33.225439771000026], [73.04195376600006, 33.22263977100005], [73.04425376600005, 33.21853977100005], [73.04625376600006, 33.21243977100005], [73.04675376600005, 33.20733977100008], [73.04905376600004, 33.201139771000044], [73.05145376600007, 33.19763977100007], [73.05445376600005, 33.19523977100005], [73.05815376600003, 33.19613977100005], [73.06065376600003, 33.19683977100004], [73.06305376600005, 33.19763977100007], [73.06695376600004, 33.19583977100007], [73.06985376600005, 33.19413977100004], [73.06915376600006, 33.19023977100005], [73.06775376600007, 33.18693977100003], [73.06315376600008, 33.18623977100003], [73.05945376600005, 33.18533977100003], [73.05545376600008, 33.18443977100003], [73.05685376600007, 33.18073977100005], [73.05875376600005, 33.177239771000075], [73.05585376600004, 33.176939771000036], [73.05075376600007, 33.17613977100007], [73.04695376600006, 33.17473977100008], [73.04215376600007, 33.17283977100004], [73.03895376600008, 33.17153977100003], [73.03605376600007, 33.169739771000025], [73.03355376600007, 33.16643977100006], [73.02825376600003, 33.162739771000076], [73.02445376600008, 33.16083977100004], [73.02235376600004, 33.158939771000064], [73.02415376600004, 33.155539771000065], [73.02485376600004, 33.15333977100005], [73.01215376600004, 33.14003977100003], [72.98575376600007, 33.11243977100003], [72.98065376600005, 33.11163977100006], [72.97625376600007, 33.109339771000066], [72.97285376600007, 33.11003977100006], [72.96895376600008, 33.11223977100008], [72.96585376600007, 33.11423977100003], [72.96315376600006, 33.115539771000044], [72.95795376600006, 33.114939771000024], [72.95365376600006, 33.11363977100007], [72.94955376600007, 33.11453977100007], [72.94685376600006, 33.11763977100003], [72.94425376600003, 33.123539771000026], [72.94205376600007, 33.12633977100006], [72.93785376600005, 33.12833977100007], [72.93535376600005, 33.13083977100007], [72.93255376600007, 33.134739771000056], [72.93015376600005, 33.13983977100003], [72.93105376600005, 33.144439771000066], [72.93085376600004, 33.14773977100003], [72.93025376600008, 33.15103977100006], [72.93665376600006, 33.15083977100005], [72.94405376600008, 33.15133977100004], [72.94725376600007, 33.15383977100004], [72.95125376600004, 33.15673977100005], [72.95195376600003, 33.162739771000076], [72.95205376600006, 33.17203977100007], [72.95205376600006, 33.18113977100006], [72.95075376600005, 33.186639771000046], [72.96085376600007, 33.19053977100003], [72.96615376600005, 33.19173977100007], [72.97295376600005, 33.19683977100004], [72.96975376600005, 33.200039771000036], [72.96655376600006, 33.20503977100003], [72.96545376600005, 33.21013977100006], [72.97365376600004, 33.212339771000075], [72.97835376600005, 33.21353977100006], [72.97895376600007, 33.21843977100008], [72.97815376600005, 33.22383977100003], [72.97465376600007, 33.22483977100006], [72.96905376600006, 33.22493977100004], [72.96175376600007, 33.22613977100008], [72.95825376600004, 33.23033977100005], [72.95275376600006, 33.234839771000054], [72.95665376600004, 33.24023977100006], [72.95755376600005, 33.24293977100007], [72.95695376600008, 33.24813977100007], [72.95265376600008, 33.25333977100007], [72.95085376600008, 33.25793977100005], [72.95265376600008, 33.26293977100005], [73.03455376600004, 33.24753977100005], [73.03815376600005, 33.24393977100004], [73.04375376600007, 33.23733977100005]]]}}, {"type": "Feature", "properties": {"uc": "QAZIAN", "tehsil": "Gujar Khan Tehsil", "town": "", "expected_cases": 0.0, "historical_cases": 0, "alert": "Green"}, "geometry": {"type": "Polygon", "coordinates": [[[73.39565376600007, 33.31033977100003], [73.39875376600008, 33.30783977100003], [73.40305376600008, 33.305339771000035], [73.40685376600004, 33.303339771000026], [73.41085376600006, 33.30133977100007], [73.41375376600007, 33.30403977100008], [73.41805376600007, 33.308739771000035], [73.42075376600008, 33.310239771000056], [73.42385376600004, 33.30943977100003], [73.42645376600007, 33.308839771000066], [73.42875376600006, 33.31033977100003], [73.43015376600005, 33.308239771000046], [73.43235376600006, 33.30623977100004], [73.43495376600004, 33.304539771000066], [73.44125376600005, 33.30233977100005], [73.44595376600006, 33.30003977100006], [73.44915376600005, 33.29723977100008], [73.45045376600007, 33.294239771000036], [73.45245376600008, 33.291139771000076], [73.45545376600006, 33.28673977100004], [73.45665376600004, 33.28443977100005], [73.45705376600006, 33.281339771000034], [73.45695376600008, 33.27773977100003], [73.45595376600005, 33.272839771000065], [73.45385376600007, 33.267439771000056], [73.45145376600004, 33.264539771000045], [73.44785376600004, 33.26263977100007], [73.44575376600005, 33.259639771000025], [73.44505376600006, 33.25523977100005], [73.44475376600008, 33.251739771000075], [73.44395376600005, 33.247439771000074], [73.44205376600007, 33.24363977100006], [73.43995376600003, 33.240639771000076], [73.43795376600008, 33.24293977100007], [73.43515376600004, 33.24263977100003], [73.43175376600004, 33.24133977100007], [73.42795376600003, 33.239939771000024], [73.42505376600008, 33.23893977100005], [73.42205376600003, 33.23793977100007], [73.41855376600006, 33.23703977100007], [73.41535376600007, 33.23613977100007], [73.41455376600004, 33.23333977100003], [73.41395376600008, 33.23023977100007], [73.41365376600004, 33.22693977100005], [73.41205376600004, 33.22403977100004], [73.39965376600003, 33.22613977100008], [73.39635376600006, 33.228639771000076], [73.39265376600008, 33.231439771000055], [73.38945376600003, 33.23493977100003], [73.38695376600003, 33.239139771000055], [73.38405376600008, 33.242539771000054], [73.38025376600007, 33.248239771000044], [73.37805376600005, 33.25093977100005], [73.37645376600005, 33.25463977100003], [73.37585376600003, 33.25903977100006], [73.37555376600005, 33.26353977100007], [73.37655376600003, 33.26693977100007], [73.37285376600005, 33.267939771000044], [73.36895376600006, 33.26963977100007], [73.36595376600008, 33.273639771000035], [73.36285376600006, 33.27693977100006], [73.36025376600003, 33.27633977100004], [73.35725376600004, 33.27553977100007], [73.35445376600006, 33.275639771000044], [73.35525376600003, 33.27863977100003], [73.35545376600004, 33.282239771000036], [73.35595376600008, 33.288239771000065], [73.35485376600008, 33.29313977100003], [73.35745376600005, 33.29743977100003], [73.35955376600003, 33.30153977100008], [73.36175376600005, 33.30643977100004], [73.36265376600005, 33.308739771000035], [73.36645376600006, 33.30743977100008], [73.37105376600005, 33.30803977100004], [73.37415376600006, 33.30973977100007], [73.37625376600005, 33.310739771000044], [73.38135376600007, 33.31323977100004], [73.38555376600004, 33.30763977100003], [73.39165376600005, 33.30953977100006], [73.39565376600007, 33.31033977100003]]]}}, {"type": "Feature", "properties": {"uc": "RAMAN", "tehsil": "Gujar Khan Tehsil", "town": "", "expected_cases": 0.0, "historical_cases": 0, "alert": "Green"}, "geometry": {"type": "Polygon", "coordinates": [[[73.09265376600007, 33.201239771000076], [73.09555376600008, 33.19883977100005], [73.09815376600005, 33.19553977100003], [73.10095376600003, 33.19183977100005], [73.10245376600005, 33.189239771000075], [73.10405376600005, 33.18613977100006], [73.10885376600004, 33.18533977100003], [73.11255376600008, 33.184339771000054], [73.11645376600006, 33.18363977100006], [73.12055376600006, 33.181539771000075], [73.11775376600008, 33.177439771000024], [73.11675376600004, 33.17153977100003], [73.11715376600006, 33.16653977100003], [73.11875376600005, 33.16163977100007], [73.11515376600005, 33.16093977100007], [73.11205376600003, 33.15993977100004], [73.11015376600005, 33.15623977100006], [73.10815376600004, 33.15233977100007], [73.10565376600005, 33.14763977100006], [73.10305376600007, 33.14193977100007], [73.10055376600008, 33.13573977100003], [73.09935376600004, 33.13163977100004], [73.09895376600008, 33.12763977100008], [73.09825376600008, 33.12533977100003], [73.09675376600006, 33.12203977100006], [73.09435376600004, 33.11773977100006], [73.09205376600005, 33.11453977100007], [73.08985376600003, 33.11243977100003], [73.08615376600005, 33.10493977100003], [73.08525376600005, 33.101039771000046], [73.08335376600007, 33.09653977100004], [73.07475376600007, 33.11343977100006], [73.07315376600008, 33.116939771000034], [73.07165376600005, 33.121339771000066], [73.07125376600004, 33.12343977100005], [73.07025376600006, 33.12653977100007], [73.06835376600003, 33.13113977100005], [73.06745376600003, 33.13363977100005], [73.07025376600006, 33.13623977100008], [73.07295376600007, 33.139539771000045], [73.07485376600005, 33.14193977100007], [73.07345376600006, 33.144939771000054], [73.07195376600004, 33.14803977100007], [73.06985376600005, 33.15163977100008], [73.06745376600003, 33.15453977100003], [73.06405376600003, 33.157839771000056], [73.06155376600003, 33.16093977100007], [73.06095376600007, 33.165239771000074], [73.06075376600006, 33.16873977100005], [73.06025376600007, 33.171839771000066], [73.05945376600005, 33.17503977100006], [73.05875376600005, 33.177239771000075], [73.05685376600007, 33.18073977100005], [73.05545376600008, 33.18443977100003], [73.05945376600005, 33.18533977100003], [73.06315376600008, 33.18623977100003], [73.06775376600007, 33.18693977100003], [73.06915376600006, 33.19023977100005], [73.06985376600005, 33.19413977100004], [73.06695376600004, 33.19583977100007], [73.06305376600005, 33.19763977100007], [73.06065376600003, 33.19683977100004], [73.05815376600003, 33.19613977100005], [73.05445376600005, 33.19523977100005], [73.05145376600007, 33.19763977100007], [73.04905376600004, 33.201139771000044], [73.04675376600005, 33.20733977100008], [73.04625376600006, 33.21243977100005], [73.04425376600005, 33.21853977100005], [73.04195376600006, 33.22263977100005], [73.04515376600006, 33.225439771000026], [73.04885376600004, 33.227439771000036], [73.04725376600004, 33.23033977100005], [73.04545376600004, 33.23383977100008], [73.04375376600007, 33.23733977100005], [73.04545376600004, 33.241139771000064], [73.04585376600005, 33.24433977100006], [73.04645376600007, 33.24603977100003], [73.04835376600005, 33.24793977100006], [73.05225376600004, 33.24553977100004], [73.05615376600008, 33.24453977100006], [73.06215376600005, 33.247439771000074], [73.06615376600007, 33.248839771000064], [73.06765376600003, 33.242539771000054], [73.06935376600006, 33.236339771000075], [73.07115376600007, 33.232239771000025], [73.07155376600008, 33.22983977100006], [73.07195376600004, 33.22723977100003], [73.07225376600007, 33.22193977100005], [73.07255376600006, 33.216039771000055], [73.07255376600006, 33.211739771000055], [73.07255376600006, 33.208339771000055], [73.07535376600003, 33.20943977100006], [73.08025376600006, 33.209739771000045], [73.08345376600005, 33.20723977100005], [73.08465376600003, 33.20323977100003], [73.08665376600004, 33.20153977100006], [73.09025376600005, 33.201239771000076], [73.09265376600007, 33.201239771000076]]]}}, {"type": "Feature", "properties": {"uc": "SAHANG", "tehsil": "Gujar Khan Tehsil", "town": "", "expected_cases": 0.0, "historical_cases": 6, "alert": "Green"}, "geometry": {"type": "Polygon", "coordinates": [[[73.22585376600006, 33.32323977100003], [73.22215376600008, 33.32543977100005], [73.21925376600007, 33.32663977100003], [73.21545376600005, 33.32853977100007], [73.21495376600006, 33.326139771000044], [73.21525376600005, 33.32233977100003], [73.21705376600005, 33.320739771000035], [73.22055376600008, 33.31963977100003], [73.22385376600005, 33.317339771000036], [73.22615376600004, 33.313639771000055], [73.22855376600006, 33.313039771000035], [73.23035376600006, 33.313339771000074], [73.23275376600003, 33.31293977100006], [73.23655376600004, 33.312239771000066], [73.23905376600004, 33.30783977100003], [73.23915376600007, 33.303339771000026], [73.23945376600005, 33.30013977100003], [73.23955376600003, 33.29663977100006], [73.23975376600004, 33.29373977100005], [73.24035376600006, 33.29063977100003], [73.24325376600007, 33.289639771000054], [73.24585376600004, 33.290239771000074], [73.24655376600003, 33.28743977100004], [73.24725376600003, 33.282539771000074], [73.24695376600005, 33.27773977100003], [73.24645376600006, 33.273639771000035], [73.24455376600008, 33.26813977100005], [73.23945376600005, 33.268539771000064], [73.23365376600003, 33.268839771000046], [73.22975376600004, 33.269939771000054], [73.22725376600005, 33.27173977100006], [73.22335376600006, 33.27583977100005], [73.22105376600007, 33.280239771000026], [73.21745376600006, 33.28033977100006], [73.21355376600008, 33.28113977100003], [73.21145376600003, 33.28523977100008], [73.20745376600007, 33.28513977100005], [73.20555376600004, 33.283339771000044], [73.20285376600003, 33.27963977100006], [73.19975376600007, 33.276539771000046], [73.19425376600003, 33.27443977100006], [73.19115376600007, 33.274239771000055], [73.18875376600005, 33.275139771000056], [73.18765376600004, 33.277939771000035], [73.19005376600006, 33.28003977100008], [73.19255376600006, 33.28443977100005], [73.19265376600003, 33.28753977100007], [73.19185376600007, 33.290239771000074], [73.18915376600006, 33.29513977100004], [73.18855376600004, 33.299039771000025], [73.18545376600008, 33.30283977100004], [73.18275376600008, 33.30213977100004], [73.18115376600008, 33.30033977100004], [73.18025376600008, 33.302439771000024], [73.17845376600008, 33.30813977100007], [73.17745376600004, 33.312239771000066], [73.17405376600004, 33.31193977100003], [73.17325376600007, 33.30903977100007], [73.17195376600006, 33.30633977100007], [73.17075376600008, 33.302539771000056], [73.17055376600007, 33.29943977100004], [73.17015376600006, 33.29523977100007], [73.16765376600006, 33.29923977100003], [73.16425376600006, 33.302239771000075], [73.16215376600007, 33.30513977100003], [73.16035376600007, 33.30753977100005], [73.15955376600004, 33.31043977100006], [73.16085376600006, 33.31313977100007], [73.16395376600008, 33.31883977100006], [73.16625376600007, 33.32323977100003], [73.16705376600004, 33.32633977100005], [73.16665376600008, 33.330739771000026], [73.16765376600006, 33.33543977100004], [73.16925376600005, 33.33933977100003], [73.17055376600007, 33.34553977100006], [73.17015376600006, 33.34893977100006], [73.16735376600008, 33.34913977100007], [73.15915376600003, 33.351539771000034], [73.16295376600004, 33.35533977100005], [73.16585376600005, 33.36023977100007], [73.17015376600006, 33.36233977100005], [73.17245376600005, 33.367839771000035], [73.17765376600005, 33.368339771000024], [73.18095376600007, 33.372139771000036], [73.19015376600004, 33.37773977100005], [73.18815376600008, 33.38403977100006], [73.18405376600003, 33.39273977100004], [73.18575376600006, 33.39693977100006], [73.19845376600006, 33.375239771000054], [73.19725376600007, 33.371839771000054], [73.19725376600007, 33.369239771000025], [73.19815376600008, 33.366439771000046], [73.19915376600005, 33.36373977100004], [73.20045376600007, 33.36163977100006], [73.20315376600007, 33.35903977100003], [73.20705376600006, 33.35553977100005], [73.21005376600004, 33.35333977100004], [73.21195376600008, 33.35133977100003], [73.21325376600004, 33.34863977100002], [73.21635376600005, 33.34973977100003], [73.21975376600005, 33.35143977100006], [73.22095376600004, 33.34983977100006], [73.22215376600008, 33.347839771000054], [73.22375376600007, 33.344739771000036], [73.22575376600008, 33.34133977100004], [73.22775376600003, 33.33743977100005], [73.22895376600007, 33.33483977100008], [73.23125376600007, 33.331339771000046], [73.22935376600003, 33.32833977100006], [73.22585376600006, 33.32323977100003]]]}}, {"type": "Feature", "properties": {"uc": "SAYYAD", "tehsil": "Gujar Khan Tehsil", "town": "", "expected_cases": 0.0, "historical_cases": 0, "alert": "Green"}, "geometry": {"type": "Polygon", "coordinates": [[[73.08335376600007, 33.09653977100004], [73.08095376600005, 33.093839771000034], [73.07915376600005, 33.09153977100004], [73.07735376600004, 33.08893977100007], [73.07615376600006, 33.08713977100007], [73.07495376600008, 33.085339771000065], [73.07355376600003, 33.083039771000074], [73.07165376600005, 33.08063977100005], [73.06905376600008, 33.078439771000035], [73.06605376600004, 33.07693977100007], [73.06395376600005, 33.076139771000044], [73.06185376600007, 33.07513977100007], [73.05915376600007, 33.07353977100007], [73.05515376600005, 33.07123977100002], [73.05105376600005, 33.069339771000045], [73.04815376600004, 33.067939771000056], [73.04515376600006, 33.06683977100005], [73.04225376600004, 33.06583977100007], [73.03825376600008, 33.06483977100004], [73.03345376600004, 33.064439771000025], [73.02965376600008, 33.06483977100004], [73.02635376600006, 33.06613977100005], [73.02475376600006, 33.068439771000044], [73.02415376600004, 33.07123977100002], [73.02465376600003, 33.073639771000046], [73.02535376600008, 33.07573977100003], [73.02605376600008, 33.07883977100005], [73.02625376600008, 33.082739771000035], [73.02585376600007, 33.08663977100008], [73.02395376600003, 33.09003977100008], [73.02055376600003, 33.09263977100005], [73.01805376600004, 33.09373977100006], [73.01495376600008, 33.095039771000074], [73.01595376600005, 33.09693977100005], [73.01855376600008, 33.098739771000055], [73.01925376600008, 33.101039771000046], [73.01765376600008, 33.102939771000024], [73.01565376600007, 33.104439771000045], [73.01315376600007, 33.10633977100008], [73.01095376600006, 33.107839771000044], [73.00835376600008, 33.10883977100008], [73.00455376600007, 33.10863977100007], [73.00125376600005, 33.106739771000036], [72.99745376600004, 33.10633977100008], [72.99205376600008, 33.108439771000064], [72.98575376600007, 33.11243977100003], [73.01215376600004, 33.14003977100003], [73.02485376600004, 33.15333977100005], [73.02415376600004, 33.155539771000065], [73.02235376600004, 33.158939771000064], [73.02445376600008, 33.16083977100004], [73.02825376600003, 33.162739771000076], [73.03355376600007, 33.16643977100006], [73.03605376600007, 33.169739771000025], [73.03895376600008, 33.17153977100003], [73.04215376600007, 33.17283977100004], [73.04695376600006, 33.17473977100008], [73.05075376600007, 33.17613977100007], [73.05585376600004, 33.176939771000036], [73.05875376600005, 33.177239771000075], [73.05945376600005, 33.17503977100006], [73.06025376600007, 33.171839771000066], [73.06075376600006, 33.16873977100005], [73.06095376600007, 33.165239771000074], [73.06155376600003, 33.16093977100007], [73.06405376600003, 33.157839771000056], [73.06745376600003, 33.15453977100003], [73.06985376600005, 33.15163977100008], [73.07195376600004, 33.14803977100007], [73.07345376600006, 33.144939771000054], [73.07485376600005, 33.14193977100007], [73.07295376600007, 33.139539771000045], [73.07025376600006, 33.13623977100008], [73.06745376600003, 33.13363977100005], [73.06835376600003, 33.13113977100005], [73.07025376600006, 33.12653977100007], [73.07125376600004, 33.12343977100005], [73.07165376600005, 33.121339771000066], [73.07315376600008, 33.116939771000034], [73.07475376600007, 33.11343977100006], [73.08335376600007, 33.09653977100004]]]}}, {"type": "Feature", "properties": {"uc": "SUI CHEEMIAN", "tehsil": "Gujar Khan Tehsil", "town": "", "expected_cases": 0.0, "historical_cases": 5, "alert": "Green"}, "geometry": {"type": "Polygon", "coordinates": [[[73.43685376600007, 33.38713977100008], [73.44225376600008, 33.39023977100004], [73.44685376600006, 33.39163977100003], [73.45115376600006, 33.39513977100006], [73.45695376600008, 33.39163977100003], [73.46525376600005, 33.389239771000064], [73.46725376600006, 33.38593977100004], [73.46515376600007, 33.37923977100007], [73.46135376600006, 33.37513977100008], [73.45715376600003, 33.372639771000024], [73.44105376600004, 33.372439771000074], [73.43565376600003, 33.37373977100003], [73.42775376600008, 33.37513977100008], [73.42145376600007, 33.37573977100004], [73.41775376600003, 33.37723977100006], [73.41285376600007, 33.37833977100007], [73.40765376600007, 33.379839771000036], [73.40495376600006, 33.37763977100008], [73.40245376600006, 33.37483977100004], [73.39995376600007, 33.37143977100004], [73.39755376600004, 33.36993977100008], [73.39535376600008, 33.367039771000066], [73.39405376600007, 33.36253977100006], [73.39225376600007, 33.35603977100004], [73.39015376600008, 33.35123977100005], [73.38715376600004, 33.34803977100006], [73.38625376600004, 33.34543977100003], [73.38625376600004, 33.34253977100008], [73.38565376600008, 33.34003977100008], [73.38155376600008, 33.34293977100003], [73.37875376600005, 33.345339771000056], [73.37655376600003, 33.348139771000035], [73.37475376600008, 33.351639771000066], [73.37265376600004, 33.35613977100007], [73.37045376600008, 33.36173977100003], [73.36915376600007, 33.36623977100004], [73.36825376600007, 33.37013977100003], [73.37355376600004, 33.37593977100005], [73.37185376600007, 33.38143977100003], [73.36825376600007, 33.38193977100008], [73.36975376600003, 33.38773977100004], [73.36465376600006, 33.39033977100007], [73.35785376600006, 33.392339771000024], [73.35685376600003, 33.38743977100006], [73.35625376600007, 33.38263977100007], [73.35985376600007, 33.38193977100008], [73.36425376600005, 33.38063977100006], [73.36635376600003, 33.37933977100005], [73.36075376600007, 33.36573977100005], [73.35935376600008, 33.36193977100004], [73.35315376600005, 33.357039771000075], [73.35095376600003, 33.359239771000034], [73.34815376600005, 33.36113977100007], [73.34455376600005, 33.361239771000044], [73.34085376600007, 33.35613977100007], [73.33805376600003, 33.35183977100007], [73.33345376600005, 33.35093977100007], [73.32975376600007, 33.35183977100007], [73.32915376600005, 33.355039771000065], [73.32965376600004, 33.35853977100004], [73.32995376600007, 33.36163977100006], [73.33155376600007, 33.364139771000055], [73.33295376600006, 33.36573977100005], [73.33555376600003, 33.36863977100006], [73.33255376600005, 33.37053977100004], [73.32825376600005, 33.36793977100007], [73.32505376600005, 33.36973977100007], [73.32245376600008, 33.371239771000035], [73.33025376600006, 33.378439771000046], [73.33435376600005, 33.378439771000046], [73.33965376600008, 33.37923977100007], [73.34185376600004, 33.37633977100006], [73.34855376600007, 33.373539771000026], [73.35315376600005, 33.375239771000054], [73.35375376600007, 33.38073977100004], [73.35485376600008, 33.39053977100008], [73.35705376600004, 33.39533977100007], [73.37165376600007, 33.39373977100007], [73.37875376600005, 33.39473977100005], [73.38335376600008, 33.39333977100006], [73.38705376600007, 33.38943977100007], [73.39245376600007, 33.388739771000076], [73.39915376600004, 33.38973977100005], [73.40345376600004, 33.39883977100004], [73.40595376600004, 33.40303977100007], [73.40805376600008, 33.40543977100003], [73.41095376600003, 33.40683977100008], [73.41765376600006, 33.40713977100006], [73.41885376600004, 33.39973977100004], [73.42095376600008, 33.39693977100006], [73.42505376600008, 33.39483977100008], [73.42585376600005, 33.38993977100006], [73.42885376600003, 33.38643977100003], [73.43685376600007, 33.38713977100008]]]}}, {"type": "Feature", "properties": {"uc": "THATHI", "tehsil": "Gujar Khan Tehsil", "town": "", "expected_cases": 0.0, "historical_cases": 0, "alert": "Green"}, "geometry": {"type": "Polygon", "coordinates": [[[73.44395376600005, 33.247439771000074], [73.44475376600008, 33.251739771000075], [73.44505376600006, 33.25523977100005], [73.44575376600005, 33.259639771000025], [73.44785376600004, 33.26263977100007], [73.45145376600004, 33.264539771000045], [73.45385376600007, 33.267439771000056], [73.45595376600005, 33.272839771000065], [73.45695376600008, 33.27773977100003], [73.45705376600006, 33.281339771000034], [73.45665376600004, 33.28443977100005], [73.45545376600006, 33.28673977100004], [73.45245376600008, 33.291139771000076], [73.45045376600007, 33.294239771000036], [73.44915376600005, 33.29723977100008], [73.44595376600006, 33.30003977100006], [73.45155376600007, 33.303039771000044], [73.45435376600005, 33.30423977100003], [73.45705376600006, 33.30513977100003], [73.45865376600005, 33.30663977100005], [73.46195376600008, 33.310239771000056], [73.46525376600005, 33.31323977100004], [73.46775376600004, 33.31513977100008], [73.47105376600007, 33.315639771000065], [73.47475376600005, 33.315939771000046], [73.47895376600007, 33.31673977100007], [73.48125376600007, 33.31683977100005], [73.48365376600003, 33.31543977100006], [73.48545376600003, 33.31383977100006], [73.48715376600006, 33.312239771000066], [73.49105376600005, 33.31463977100003], [73.49455376600008, 33.317039771000054], [73.49405376600004, 33.32043977100005], [73.49415376600007, 33.32293977100005], [73.49515376600004, 33.325639771000056], [73.50345376600006, 33.33173977100006], [73.50855376600003, 33.33173977100006], [73.51015376600003, 33.32923977100006], [73.51475376600007, 33.32853977100007], [73.51745376600007, 33.32823977100003], [73.51675376600008, 33.324239771000066], [73.51835376600008, 33.31973977100006], [73.51895376600004, 33.316439771000034], [73.52275376600005, 33.31233977100004], [73.53255376600004, 33.31343977100005], [73.54165376600008, 33.31473977100006], [73.54715376600006, 33.31473977100006], [73.55255376600007, 33.31393977100004], [73.55795376600008, 33.313639771000055], [73.56175376600004, 33.315339771000026], [73.56385376600008, 33.31883977100006], [73.56885376600007, 33.32053977100003], [73.57305376600004, 33.32153977100006], [73.57975376600007, 33.32393977100003], [73.58265376600008, 33.32713977100008], [73.60135376600005, 33.338239771000076], [73.60725376600004, 33.333339771000055], [73.60075376600008, 33.32443977100007], [73.59865376600004, 33.31803977100003], [73.60805376600007, 33.310839771000076], [73.60915376600008, 33.30743977100008], [73.60705376600004, 33.302539771000056], [73.60775376600003, 33.29843977100006], [73.61555376600006, 33.29083977100004], [73.61225376600004, 33.28323977100007], [73.61185376600008, 33.27843977100002], [73.61775376600008, 33.266839771000036], [73.62355376600004, 33.253939771000034], [73.60885376600004, 33.249739771000066], [73.60405376600005, 33.249139771000046], [73.59945376600007, 33.24903977100007], [73.59665376600003, 33.24793977100006], [73.59555376600008, 33.24583977100008], [73.59375376600008, 33.24363977100006], [73.59195376600007, 33.24033977100004], [73.59185376600004, 33.23663977100006], [73.59235376600003, 33.23263977100004], [73.59035376600008, 33.22993977100003], [73.58745376600007, 33.23033977100005], [73.58435376600005, 33.23183977100007], [73.58015376600008, 33.23323977100006], [73.57595376600005, 33.23263977100004], [73.57315376600008, 33.23323977100006], [73.57025376600006, 33.23473977100008], [73.56795376600007, 33.23453977100007], [73.56575376600006, 33.233739771000046], [73.56345376600007, 33.23323977100006], [73.56105376600004, 33.233139771000026], [73.55785376600005, 33.23383977100008], [73.55615376600008, 33.23243977100003], [73.55655376600004, 33.228539771000044], [73.55875376600005, 33.22483977100006], [73.55755376600007, 33.222339771000065], [73.55525376600008, 33.220839771000044], [73.55295376600003, 33.21813977100004], [73.55215376600006, 33.21483977100007], [73.55215376600006, 33.21193977100006], [73.55215376600006, 33.20843977100003], [73.55165376600007, 33.20443977100007], [73.55035376600006, 33.201439771000025], [73.54865376600003, 33.19993977100006], [73.54615376600003, 33.199739771000054], [73.54385376600004, 33.20193977100007], [73.54265376600006, 33.20453977100004], [73.54165376600008, 33.20703977100004], [73.54145376600007, 33.21013977100006], [73.54175376600006, 33.213239771000076], [73.54205376600004, 33.21703977100003], [73.54135376600004, 33.220939771000076], [73.53925376600006, 33.22403977100004], [73.53635376600005, 33.226039771000046], [73.53435376600004, 33.22813977100003], [73.53325376600003, 33.23063977100003], [73.53255376600004, 33.233139771000026], [73.53175376600007, 33.23583977100003], [73.53105376600007, 33.23873977100004], [73.52965376600008, 33.24263977100003], [73.52615376600005, 33.244239771000025], [73.52355376600008, 33.24223977100007], [73.52295376600006, 33.23873977100004], [73.52275376600005, 33.236339771000075], [73.52265376600008, 33.23413977100006], [73.52175376600007, 33.23153977100003], [73.51935376600005, 33.23023977100007], [73.51665376600005, 33.22953977100008], [73.51405376600007, 33.228839771000025], [73.51085376600008, 33.22783977100005], [73.50765376600003, 33.22683977100007], [73.50535376600004, 33.22613977100008], [73.50275376600007, 33.225739771000065], [73.49975376600008, 33.225439771000026], [73.49715376600005, 33.22563977100003], [73.49375376600005, 33.22633977100003], [73.49025376600008, 33.227139771000054], [73.48715376600006, 33.22763977100004], [73.48425376600005, 33.22783977100005], [73.48085376600005, 33.227739771000074], [73.47635376600005, 33.22693977100005], [73.47345376600003, 33.22473977100003], [73.47135376600005, 33.22163977100007], [73.46845376600004, 33.21993977100004], [73.46615376600005, 33.220039771000074], [73.46365376600005, 33.22043977100003], [73.46055376600003, 33.22163977100007], [73.46045376600006, 33.22503977100007], [73.46275376600005, 33.226539771000034], [73.46515376600007, 33.22783977100005], [73.46595376600004, 33.23033977100005], [73.46405376600006, 33.232239771000025], [73.46185376600005, 33.23353977100004], [73.45945376600008, 33.23603977100004], [73.45885376600006, 33.239439771000036], [73.46195376600008, 33.24223977100007], [73.46485376600003, 33.24463977100004], [73.46405376600006, 33.24793977100006], [73.46125376600008, 33.25003977100005], [73.45815376600007, 33.250839771000074], [73.45355376600008, 33.25133977100006], [73.44895376600005, 33.25073977100004], [73.44645376600005, 33.24953977100006], [73.44395376600005, 33.247439771000074]]]}}, {"type": "Feature", "properties": {"uc": "BEOR", "tehsil": "Kahuta Tehsil", "town": "", "expected_cases": 0.0, "historical_cases": 8, "alert": "Green"}, "geometry": {"type": "Polygon", "coordinates": [[[73.62275376600007, 33.522839771000065], [73.61475376600004, 33.52543977100004], [73.60515376600006, 33.52813977100004], [73.60205376600004, 33.52493977100005], [73.59925376600006, 33.52193977100006], [73.59675376600006, 33.51903977100005], [73.59415376600003, 33.51553977100008], [73.59295376600005, 33.51703977100004], [73.59185376600004, 33.520239771000035], [73.59115376600005, 33.52303977100007], [73.58985376600003, 33.52553977100007], [73.58705376600005, 33.52773977100003], [73.58225376600006, 33.52963977100006], [73.57875376600003, 33.52973977100004], [73.57585376600008, 33.529139771000075], [73.57285376600004, 33.52873977100006], [73.57045376600007, 33.527039771000034], [73.56875376600004, 33.52603977100006], [73.56685376600007, 33.52613977100003], [73.56515376600004, 33.52863977100003], [73.56405376600003, 33.531439771000066], [73.56415376600006, 33.53453977100003], [73.56415376600006, 33.539939771000036], [73.56405376600003, 33.54303977100005], [73.56155376600003, 33.54553977100005], [73.55835376600004, 33.548739771000044], [73.55435376600008, 33.552239771000075], [73.55215376600006, 33.554439771000034], [73.55285376600006, 33.556739771000025], [73.55345376600008, 33.55893977100004], [73.55075376600007, 33.561039771000026], [73.54795376600003, 33.56253977100005], [73.54565376600004, 33.56413977100004], [73.54265376600006, 33.56553977100003], [73.53985376600008, 33.56623977100003], [73.53685376600004, 33.567039771000054], [73.53255376600004, 33.568539771000076], [73.52965376600008, 33.56963977100003], [73.52525376600005, 33.57203977100005], [73.52195376600008, 33.57523977100004], [73.52145376600004, 33.57873977100007], [73.52145376600004, 33.583039771000074], [73.51965376600003, 33.585339771000065], [73.51755376600005, 33.586739771000055], [73.51545376600006, 33.588739771000064], [73.51335376600008, 33.59083977100005], [73.51015376600003, 33.593939771000066], [73.50835376600008, 33.596739771000045], [73.50755376600006, 33.59943977100005], [73.50595376600006, 33.60223977100003], [73.50445376600004, 33.60533977100005], [73.50325376600006, 33.60853977100004], [73.50395376600005, 33.61173977100003], [73.50545376600007, 33.61623977100004], [73.50765376600003, 33.61913977100005], [73.50975376600007, 33.622439771000074], [73.50665376600006, 33.62453977100006], [73.50945376600004, 33.62823977100004], [73.51195376600003, 33.63213977100003], [73.51325376600005, 33.636139771000046], [73.51235376600005, 33.64063977100005], [73.51255376600005, 33.643239771000026], [73.51415376600005, 33.64473977100005], [73.51695376600003, 33.64453977100004], [73.51985376600004, 33.64373977100007], [73.52185376600005, 33.64313977100005], [73.52325376600004, 33.64123977100007], [73.52565376600006, 33.63883977100005], [73.52835376600007, 33.63683977100004], [73.53125376600008, 33.63643977100003], [73.53555376600008, 33.63763977100007], [73.53995376600005, 33.639539771000045], [73.54265376600006, 33.642439771000056], [73.54285376600006, 33.64623977100007], [73.53915376600008, 33.64603977100006], [73.53865376600004, 33.64813977100005], [73.53845376600003, 33.65173977100005], [73.54045376600004, 33.65443977100006], [73.54525376600003, 33.65623977100006], [73.54915376600007, 33.657239771000036], [73.55225376600004, 33.658439771000076], [73.55635376600003, 33.65943977100005], [73.56035376600005, 33.66023977100008], [73.56775376600007, 33.66213977100006], [73.57365376600006, 33.66213977100006], [73.57345376600006, 33.66003977100007], [73.57275376600006, 33.65383977100004], [73.57605376600003, 33.64333977100006], [73.57165376600005, 33.63453977100005], [73.56885376600007, 33.624139771000046], [73.58945376600008, 33.614739771000075], [73.59855376600007, 33.60693977100004], [73.60245376600005, 33.595039771000074], [73.60645376600007, 33.59053977100007], [73.61055376600007, 33.58583977100005], [73.61975376600003, 33.57883977100005], [73.62695376600004, 33.56883977100006], [73.62335376600004, 33.55913977100005], [73.62315376600003, 33.55323977100005], [73.62305376600006, 33.54803977100005], [73.62615376600007, 33.54293977100008], [73.62945376600004, 33.53753977100007], [73.63065376600008, 33.531339771000034], [73.63035376600004, 33.525139771000056], [73.62275376600007, 33.522839771000065]]]}}, {"type": "Feature", "properties": {"uc": "BISHANDOT", "tehsil": "Kahuta Tehsil", "town": "", "expected_cases": 0.0, "historical_cases": 17, "alert": "Green"}, "geometry": {"type": "Polygon", "coordinates": [[[73.32485376600005, 33.46413977100008], [73.33455376600006, 33.46423977100005], [73.33745376600007, 33.46213977100007], [73.33485376600004, 33.458339771000055], [73.33245376600007, 33.45423977100006], [73.32995376600007, 33.449739771000054], [73.33095376600005, 33.445739771000035], [73.33475376600006, 33.44453977100005], [73.33995376600006, 33.44313977100006], [73.34715376600008, 33.44823977100003], [73.35205376600004, 33.45293977100005], [73.35455376600004, 33.456939771000066], [73.35645376600007, 33.45383977100005], [73.35825376600008, 33.45073977100003], [73.35965376600006, 33.447739771000045], [73.36365376600008, 33.43873977100003], [73.36205376600003, 33.43563977100007], [73.36005376600008, 33.432339771000045], [73.35785376600006, 33.428939771000046], [73.35445376600006, 33.42883977100007], [73.35135376600005, 33.42993977100008], [73.34885376600005, 33.43133977100007], [73.34685376600004, 33.42923977100003], [73.34555376600008, 33.42533977100004], [73.34735376600008, 33.42073977100006], [73.34865376600004, 33.41743977100003], [73.34495376600006, 33.416639771000064], [73.34105376600007, 33.41593977100007], [73.33605376600008, 33.41483977100006], [73.31965376600004, 33.40463977100006], [73.31535376600004, 33.40193977100006], [73.31855376600004, 33.40813977100004], [73.32175376600003, 33.41483977100006], [73.32385376600007, 33.41803977100005], [73.32555376600004, 33.421839771000066], [73.32465376600004, 33.42533977100004], [73.32305376600004, 33.430939771000055], [73.32015376600003, 33.43303977100004], [73.31725376600008, 33.43363977100006], [73.30845376600007, 33.43273977100006], [73.30265376600005, 33.43313977100007], [73.29555376600007, 33.43423977100008], [73.28975376600005, 33.43593977100005], [73.28265376600007, 33.436039771000026], [73.27845376600004, 33.42933977100006], [73.27515376600007, 33.428139771000076], [73.27295376600006, 33.42733977100005], [73.27005376600005, 33.428039771000044], [73.26375376600004, 33.428339771000026], [73.25885376600007, 33.43363977100006], [73.25485376600005, 33.438639771000055], [73.25935376600006, 33.44553977100003], [73.26175376600008, 33.449139771000034], [73.26675376600008, 33.45503977100003], [73.26935376600005, 33.458339771000055], [73.27055376600003, 33.46153977100005], [73.27235376600004, 33.46433977100003], [73.27385376600006, 33.466639771000075], [73.27595376600004, 33.470339771000056], [73.27685376600004, 33.47343977100007], [73.27815376600006, 33.47693977100005], [73.28575376600008, 33.476039771000046], [73.29255376600008, 33.474539771000025], [73.30385376600003, 33.473739771000055], [73.30915376600007, 33.47253977100007], [73.31095376600007, 33.46903977100004], [73.31285376600005, 33.46643977100007], [73.31455376600007, 33.46303977100007], [73.31545376600008, 33.461239771000066], [73.31755376600006, 33.462339771000075], [73.32485376600005, 33.46413977100008]]]}}, {"type": "Feature", "properties": {"uc": "CHOHA KHALSA", "tehsil": "Kahuta Tehsil", "town": "", "expected_cases": 0.0, "historical_cases": 5, "alert": "Green"}, "geometry": {"type": "Polygon", "coordinates": [[[73.49405376600004, 33.422339771000054], [73.49495376600004, 33.41963977100005], [73.49875376600005, 33.421739771000034], [73.50675376600003, 33.42793977100007], [73.51305376600004, 33.43163977100005], [73.51255376600005, 33.42763977100003], [73.51085376600008, 33.42333977100003], [73.50965376600004, 33.42113977100007], [73.50735376600005, 33.41573977100006], [73.50635376600007, 33.41193977100005], [73.50525376600007, 33.408439771000076], [73.50445376600004, 33.40513977100005], [73.50285376600004, 33.400739771000076], [73.50135376600008, 33.39703977100004], [73.50015376600004, 33.394439771000066], [73.49785376600005, 33.390139771000065], [73.49945376600004, 33.38703977100005], [73.50245376600003, 33.38483977100003], [73.50645376600005, 33.38363977100005], [73.50905376600008, 33.38313977100006], [73.51175376600008, 33.38273977100005], [73.51395376600004, 33.38223977100006], [73.51825376600004, 33.381839771000045], [73.51785376600003, 33.378439771000046], [73.51505376600005, 33.37803977100003], [73.51075376600005, 33.377539771000045], [73.50685376600006, 33.37703977100006], [73.50415376600006, 33.37603977100002], [73.50175376600004, 33.374639771000034], [73.50085376600003, 33.370739771000046], [73.49815376600003, 33.36733977100005], [73.49725376600003, 33.36393977100005], [73.49345376600007, 33.36263977100003], [73.48955376600003, 33.361839771000064], [73.48205376600004, 33.36243977100003], [73.48125376600007, 33.36523977100006], [73.47545376600004, 33.36453977100007], [73.46915376600003, 33.363539771000035], [73.46455376600005, 33.362139771000045], [73.45955376600006, 33.36003977100006], [73.45495376600007, 33.361839771000064], [73.45375376600003, 33.368139771000074], [73.45715376600003, 33.372639771000024], [73.46135376600006, 33.37513977100008], [73.46515376600007, 33.37923977100007], [73.47605376600006, 33.37943977100008], [73.47945376600006, 33.381839771000045], [73.48235376600007, 33.38493977100006], [73.48235376600007, 33.387539771000036], [73.48275376600003, 33.39003977100003], [73.48355376600006, 33.39403977100005], [73.48465376600006, 33.397839771000065], [73.48695376600006, 33.40363977100003], [73.48815376600004, 33.40713977100006], [73.48835376600005, 33.41083977100004], [73.48795376600003, 33.415239771000074], [73.48685376600008, 33.418939771000055], [73.48335376600005, 33.423139771000024], [73.48095376600008, 33.42593977100006], [73.47935376600003, 33.42853977100003], [73.47815376600005, 33.43133977100007], [73.47965376600007, 33.43393977100004], [73.48135376600004, 33.436639771000046], [73.48345376600008, 33.43333977100008], [73.48555376600007, 33.43183977100006], [73.48815376600004, 33.42973977100007], [73.49115376600008, 33.42643977100005], [73.49405376600004, 33.422339771000054]]]}}, {"type": "Feature", "properties": {"uc": "DAKHALI", "tehsil": "Kahuta Tehsil", "town": "", "expected_cases": 0.0, "historical_cases": 7, "alert": "Green"}, "geometry": {"type": "Polygon", "coordinates": [[[73.39065376600007, 33.57833977100006], [73.38945376600003, 33.57263977100007], [73.39215376600004, 33.57023977100005], [73.39435376600005, 33.569839771000034], [73.39725376600006, 33.57003977100004], [73.40075376600004, 33.57093977100004], [73.40405376600006, 33.57153977100006], [73.40865376600004, 33.57123977100008], [73.41145376600008, 33.57103977100007], [73.41265376600006, 33.56963977100003], [73.41315376600005, 33.56713977100003], [73.41325376600008, 33.56403977100007], [73.41345376600003, 33.561339771000064], [73.40865376600004, 33.55943977100003], [73.40395376600003, 33.55803977100004], [73.39965376600003, 33.556739771000025], [73.39985376600004, 33.554439771000034], [73.40125376600008, 33.55233977100005], [73.40205376600005, 33.54973977100008], [73.39965376600003, 33.54853977100004], [73.39445376600008, 33.548239771000055], [73.39085376600008, 33.55173977100003], [73.38735376600005, 33.55273977100006], [73.38445376600004, 33.55113977100007], [73.38255376600006, 33.549639771000045], [73.38175376600003, 33.54663977100006], [73.38325376600005, 33.54233977100006], [73.38495376600008, 33.53923977100004], [73.38785376600003, 33.53583977100004], [73.38665376600005, 33.532539771000074], [73.38345376600006, 33.52903977100004], [73.38085376600003, 33.52723977100004], [73.37895376600005, 33.525939771000026], [73.37705376600007, 33.52473977100004], [73.37545376600008, 33.527639771000054], [73.37395376600006, 33.52943977100006], [73.37095376600007, 33.52723977100004], [73.36925376600004, 33.52433977100003], [73.36825376600007, 33.52193977100006], [73.36715376600006, 33.51903977100005], [73.36555376600006, 33.51583977100006], [73.36335376600005, 33.513639771000044], [73.36095376600008, 33.51153977100006], [73.35775376600003, 33.50863977100005], [73.35525376600003, 33.50573977100004], [73.35285376600007, 33.50183977100005], [73.35105376600006, 33.49993977100007], [73.34785376600007, 33.49943977100003], [73.34445376600007, 33.499639771000034], [73.33955376600005, 33.499739771000066], [73.33655376600007, 33.50073977100004], [73.33375376600003, 33.502539771000045], [73.33005376600005, 33.50333977100007], [73.32605376600003, 33.50333977100007], [73.32685376600006, 33.50643977100003], [73.32725376600007, 33.51133977100005], [73.32745376600008, 33.51693977100007], [73.32735376600004, 33.52323977100008], [73.32685376600006, 33.52643977100007], [73.32395376600005, 33.52723977100004], [73.32095376600006, 33.52773977100003], [73.31885376600007, 33.527039771000034], [73.31105376600004, 33.52333977100005], [73.30355376600005, 33.518839771000046], [73.29855376600005, 33.51613977100004], [73.29565376600004, 33.51403977100006], [73.29145376600007, 33.51763977100006], [73.29275376600003, 33.519939771000054], [73.29295376600004, 33.52203977100004], [73.29225376600004, 33.52493977100005], [73.29145376600007, 33.52813977100004], [73.29325376600008, 33.53013977100005], [73.29515376600006, 33.53173977100005], [73.31255376600006, 33.53783977100005], [73.31455376600007, 33.54183977100007], [73.31695376600004, 33.544839771000056], [73.31945376600004, 33.546839771000066], [73.32415376600005, 33.54833977100003], [73.32715376600004, 33.54863977100007], [73.33055376600004, 33.549339771000064], [73.33445376600008, 33.54853977100004], [73.33805376600003, 33.54713977100005], [73.34065376600006, 33.54573977100006], [73.34565376600005, 33.54303977100005], [73.34875376600007, 33.54083977100004], [73.35145376600008, 33.53953977100008], [73.35455376600004, 33.54273977100007], [73.35655376600005, 33.545339771000044], [73.35805376600007, 33.54723977100008], [73.36125376600006, 33.55053977100005], [73.36345376600008, 33.553639771000064], [73.36355376600005, 33.55623977100004], [73.36315376600004, 33.558839771000066], [73.36305376600006, 33.56233977100004], [73.36305376600006, 33.56543977100006], [73.36175376600005, 33.56773977100005], [73.36205376600003, 33.57233977100003], [73.36345376600008, 33.57753977100003], [73.36625376600006, 33.58163977100003], [73.36985376600006, 33.58503977100003], [73.37215376600005, 33.587339771000075], [73.37425376600004, 33.58883977100004], [73.37575376600006, 33.58553977100007], [73.37895376600005, 33.58123977100007], [73.38315376600008, 33.58003977100003], [73.38605376600003, 33.57913977100003], [73.39065376600007, 33.57833977100006]]]}}, {"type": "Feature", "properties": {"uc": "DARKLI MAMOORI", "tehsil": "Kahuta Tehsil", "town": "", "expected_cases": 0.0, "historical_cases": 33, "alert": "Green"}, "geometry": {"type": "Polygon", "coordinates": [[[73.40955376600004, 33.43273977100006], [73.40975376600005, 33.42933977100006], [73.40955376600004, 33.42473977100008], [73.40965376600008, 33.41803977100005], [73.40495376600006, 33.41703977100008], [73.39875376600008, 33.416139771000076], [73.39515376600008, 33.415439771000024], [73.39505376600005, 33.41083977100004], [73.39395376600004, 33.40663977100007], [73.39255376600005, 33.40373977100006], [73.39025376600006, 33.39913977100008], [73.38845376600005, 33.39453977100004], [73.38105376600004, 33.39833977100005], [73.37845376600006, 33.399239771000055], [73.37625376600005, 33.40163977100008], [73.37405376600003, 33.40593977100008], [73.37245376600004, 33.40903977100004], [73.37005376600007, 33.41253977100007], [73.36565376600004, 33.41363977100008], [73.36185376600008, 33.414639771000054], [73.35755376600008, 33.415539771000056], [73.35405376600005, 33.41593977100007], [73.35115376600004, 33.41733977100006], [73.34865376600004, 33.41743977100003], [73.34735376600008, 33.42073977100006], [73.34555376600008, 33.42533977100004], [73.34685376600004, 33.42923977100003], [73.34885376600005, 33.43133977100007], [73.35135376600005, 33.42993977100008], [73.35445376600006, 33.42883977100007], [73.35785376600006, 33.428939771000046], [73.36005376600008, 33.432339771000045], [73.36205376600003, 33.43563977100007], [73.36365376600008, 33.43873977100003], [73.36615376600008, 33.43963977100003], [73.37225376600003, 33.44013977100008], [73.37705376600007, 33.440039771000045], [73.37835376600003, 33.43693977100003], [73.38085376600003, 33.436039771000026], [73.38405376600008, 33.435139771000024], [73.38585376600008, 33.43363977100006], [73.39005376600005, 33.434339771000054], [73.39555376600003, 33.435139771000024], [73.39765376600008, 33.43473977100007], [73.40145376600003, 33.43313977100007], [73.40595376600004, 33.43283977100003], [73.40955376600004, 33.43273977100006]]]}}, {"type": "Feature", "properties": {"uc": "DOBERAN KHURD", "tehsil": "Kahuta Tehsil", "town": "", "expected_cases": 0.0, "historical_cases": 4, "alert": "Green"}, "geometry": {"type": "Polygon", "coordinates": [[[73.50835376600008, 33.596739771000045], [73.50395376600005, 33.59623977100006], [73.50215376600005, 33.59283977100006], [73.50125376600005, 33.58933977100003], [73.50065376600008, 33.58603977100006], [73.50015376600004, 33.58203977100004], [73.49875376600005, 33.57853977100007], [73.49775376600007, 33.57573977100003], [73.49795376600008, 33.572839771000076], [73.49865376600007, 33.56863977100005], [73.49825376600006, 33.56433977100005], [73.49855376600004, 33.560239771000056], [73.49805376600006, 33.55633977100007], [73.49735376600006, 33.55403977100008], [73.49765376600004, 33.55133977100007], [73.50005376600006, 33.549039771000025], [73.50355376600004, 33.546739771000034], [73.50685376600006, 33.544839771000056], [73.50615376600007, 33.54063977100003], [73.50435376600007, 33.53743977100004], [73.50355376600004, 33.53493977100004], [73.50105376600004, 33.53573977100007], [73.49845376600007, 33.53653977100004], [73.49565376600003, 33.53843977100007], [73.49275376600008, 33.53543977100003], [73.49035376600006, 33.532839771000056], [73.48635376600004, 33.53323977100007], [73.48525376600008, 33.53893977100006], [73.48505376600008, 33.542539771000065], [73.48555376600007, 33.54703977100007], [73.48615376600003, 33.55263977100003], [73.48605376600005, 33.557339771000045], [73.48515376600005, 33.562139771000034], [73.48445376600006, 33.56813977100006], [73.48385376600004, 33.57093977100004], [73.48245376600005, 33.57453977100005], [73.48045376600004, 33.57313977100006], [73.47815376600005, 33.57053977100003], [73.47555376600008, 33.56953977100005], [73.47215376600008, 33.56833977100007], [73.46815376600006, 33.566539771000066], [73.46565376600006, 33.56413977100004], [73.46235376600004, 33.56093977100005], [73.46025376600005, 33.55983977100004], [73.45755376600005, 33.564239771000075], [73.45475376600007, 33.566539771000066], [73.45055376600004, 33.565039771000045], [73.44655376600008, 33.563639771000055], [73.44145376600005, 33.56183977100005], [73.43655376600003, 33.562239771000066], [73.43655376600003, 33.56553977100003], [73.43805376600005, 33.567939771000056], [73.43965376600005, 33.569939771000065], [73.44225376600008, 33.57243977100006], [73.44515376600003, 33.575639771000056], [73.44435376600006, 33.579039771000055], [73.44345376600006, 33.584739771000045], [73.43985376600006, 33.58543977100004], [73.43715376600005, 33.58583977100005], [73.43505376600007, 33.583839771000044], [73.43165376600007, 33.581839771000034], [73.42785376600006, 33.57953977100004], [73.42675376600005, 33.576439771000025], [73.42325376600007, 33.57733977100003], [73.41805376600007, 33.57513977100007], [73.41145376600008, 33.57103977100007], [73.40865376600004, 33.57123977100008], [73.40405376600006, 33.57153977100006], [73.40075376600004, 33.57093977100004], [73.39725376600006, 33.57003977100004], [73.39435376600005, 33.569839771000034], [73.39215376600004, 33.57023977100005], [73.38945376600003, 33.57263977100007], [73.39065376600007, 33.57833977100006], [73.39455376600006, 33.57893977100008], [73.39895376600003, 33.58093977100003], [73.40125376600008, 33.58223977100005], [73.40325376600003, 33.58373977100007], [73.40665376600003, 33.58563977100005], [73.41095376600003, 33.58793977100004], [73.41485376600008, 33.59153977100004], [73.41635376600004, 33.595339771000056], [73.41765376600006, 33.59973977100003], [73.42035376600006, 33.602439771000036], [73.42375376600006, 33.60373977100005], [73.42715376600006, 33.60473977100003], [73.42855376600005, 33.60183977100007], [73.42955376600008, 33.59923977100004], [73.43205376600008, 33.597339771000065], [73.43575376600006, 33.59463977100006], [73.43875376600005, 33.59463977100006], [73.44535376600004, 33.59753977100007], [73.45055376600004, 33.59903977100004], [73.45535376600003, 33.60053977100006], [73.46065376600006, 33.60193977100005], [73.46295376600006, 33.601639771000066], [73.46555376600008, 33.60143977100006], [73.46805376600008, 33.60393977100006], [73.47305376600008, 33.60593977100007], [73.47625376600007, 33.60713977100005], [73.48095376600008, 33.60883977100008], [73.48255376600008, 33.61173977100003], [73.48365376600003, 33.614739771000075], [73.48525376600008, 33.61743977100008], [73.48735376600007, 33.61953977100006], [73.49055376600006, 33.62143977100004], [73.49415376600007, 33.62223977100007], [73.49995376600003, 33.62253977100005], [73.50365376600007, 33.62373977100003], [73.50665376600006, 33.62453977100006], [73.50975376600007, 33.622439771000074], [73.50765376600003, 33.61913977100005], [73.50545376600007, 33.61623977100004], [73.50395376600005, 33.61173977100003], [73.50325376600006, 33.60853977100004], [73.50445376600004, 33.60533977100005], [73.50595376600006, 33.60223977100003], [73.50755376600006, 33.59943977100005], [73.50835376600008, 33.596739771000045]]]}}, {"type": "Feature", "properties": {"uc": "GHAZAN ABAD", "tehsil": "Kahuta Tehsil", "town": "", "expected_cases": 0.0, "historical_cases": 11, "alert": "Green"}, "geometry": {"type": "Polygon", "coordinates": [[[73.37705376600007, 33.52473977100004], [73.37645376600005, 33.520739771000024], [73.37595376600007, 33.51843977100003], [73.37575376600006, 33.51353977100007], [73.37735376600006, 33.510839771000065], [73.37885376600008, 33.50773977100005], [73.37845376600006, 33.50433977100005], [73.37815376600008, 33.50063977100007], [73.37785376600004, 33.49453977100006], [73.37765376600004, 33.490639771000076], [73.37425376600004, 33.49133977100007], [73.37215376600005, 33.490639771000076], [73.36825376600007, 33.49093977100006], [73.36565376600004, 33.48893977100005], [73.36325376600007, 33.487739771000065], [73.36115376600003, 33.490539771000044], [73.35815376600004, 33.492539771000054], [73.35625376600007, 33.48693977100004], [73.35605376600006, 33.48213977100005], [73.35515376600006, 33.47993977100003], [73.35305376600007, 33.48113977100007], [73.34985376600008, 33.48363977100007], [73.34715376600008, 33.48743977100003], [73.34475376600005, 33.490539771000044], [73.34255376600004, 33.49243977100008], [73.33735376600004, 33.49243977100008], [73.33365376600005, 33.49243977100008], [73.32975376600007, 33.49243977100008], [73.32415376600005, 33.49233977100005], [73.32055376600005, 33.49213977100004], [73.31865376600007, 33.490539771000044], [73.32285376600004, 33.48093977100007], [73.32285376600004, 33.477739771000074], [73.32395376600005, 33.47333977100004], [73.32445376600003, 33.46863977100003], [73.32485376600005, 33.46413977100008], [73.31755376600006, 33.462339771000075], [73.31545376600008, 33.461239771000066], [73.31455376600007, 33.46303977100007], [73.31285376600005, 33.46643977100007], [73.31095376600007, 33.46903977100004], [73.30915376600007, 33.47253977100007], [73.30385376600003, 33.473739771000055], [73.29255376600008, 33.474539771000025], [73.28575376600008, 33.476039771000046], [73.27815376600006, 33.47693977100005], [73.27795376600005, 33.48023977100007], [73.27855376600007, 33.48493977100003], [73.27915376600004, 33.48843977100006], [73.27785376600008, 33.49263977100003], [73.27705376600005, 33.495439771000065], [73.27695376600008, 33.49783977100003], [73.27785376600008, 33.50063977100007], [73.27945376600007, 33.503139771000065], [73.28125376600008, 33.50573977100004], [73.28265376600007, 33.50923977100007], [73.28455376600004, 33.51333977100006], [73.28835376600006, 33.515939771000035], [73.29145376600007, 33.51763977100006], [73.29565376600004, 33.51403977100006], [73.29855376600005, 33.51613977100004], [73.30355376600005, 33.518839771000046], [73.31105376600004, 33.52333977100005], [73.31885376600007, 33.527039771000034], [73.32095376600006, 33.52773977100003], [73.32395376600005, 33.52723977100004], [73.32685376600006, 33.52643977100007], [73.32735376600004, 33.52323977100008], [73.32745376600008, 33.51693977100007], [73.32725376600007, 33.51133977100005], [73.32685376600006, 33.50643977100003], [73.32605376600003, 33.50333977100007], [73.33005376600005, 33.50333977100007], [73.33375376600003, 33.502539771000045], [73.33655376600007, 33.50073977100004], [73.33955376600005, 33.499739771000066], [73.34445376600007, 33.499639771000034], [73.34785376600007, 33.49943977100003], [73.35105376600006, 33.49993977100007], [73.35285376600007, 33.50183977100005], [73.35525376600003, 33.50573977100004], [73.35775376600003, 33.50863977100005], [73.36095376600008, 33.51153977100006], [73.36335376600005, 33.513639771000044], [73.36555376600006, 33.51583977100006], [73.36715376600006, 33.51903977100005], [73.36825376600007, 33.52193977100006], [73.36925376600004, 33.52433977100003], [73.37095376600007, 33.52723977100004], [73.37395376600006, 33.52943977100006], [73.37545376600008, 33.527639771000054], [73.37705376600007, 33.52473977100004]]]}}, {"type": "Feature", "properties": {"uc": "GUF", "tehsil": "Kahuta Tehsil", "town": "", "expected_cases": 0.0, "historical_cases": 15, "alert": "Green"}, "geometry": {"type": "Polygon", "coordinates": [[[73.39445376600008, 33.548239771000055], [73.39475376600006, 33.54463977100005], [73.39705376600006, 33.53973977100003], [73.39935376600005, 33.53643977100006], [73.40025376600005, 33.53163977100007], [73.40325376600003, 33.52693977100006], [73.40605376600007, 33.53033977100006], [73.40935376600004, 33.533439771000076], [73.41365376600004, 33.53383977100003], [73.41735376600008, 33.529939771000045], [73.41805376600007, 33.52673977100005], [73.41915376600008, 33.52293977100004], [73.41875376600007, 33.51963977100007], [73.41885376600004, 33.51663977100003], [73.41815376600005, 33.51333977100006], [73.42015376600006, 33.50893977100003], [73.42155376600005, 33.504539771000054], [73.42195376600006, 33.50143977100004], [73.42155376600005, 33.496339771000066], [73.42095376600008, 33.49353977100003], [73.41975376600004, 33.49013977100003], [73.41835376600005, 33.48823977100005], [73.41665376600008, 33.485739771000055], [73.41595376600003, 33.48253977100006], [73.41575376600008, 33.478639771000076], [73.41625376600007, 33.47623977100005], [73.41615376600004, 33.47393977100006], [73.41545376600004, 33.47153977100004], [73.41375376600007, 33.46643977100007], [73.41265376600006, 33.45963977100007], [73.41255376600003, 33.45413977100003], [73.41165376600003, 33.450339771000074], [73.41055376600008, 33.44543977100005], [73.40955376600004, 33.44113977100005], [73.40965376600008, 33.43683977100005], [73.40955376600004, 33.43273977100006], [73.40595376600004, 33.43283977100003], [73.40145376600003, 33.43313977100007], [73.39765376600008, 33.43473977100007], [73.39555376600003, 33.435139771000024], [73.39005376600005, 33.434339771000054], [73.38585376600008, 33.43363977100006], [73.38405376600008, 33.435139771000024], [73.38085376600003, 33.436039771000026], [73.37835376600003, 33.43693977100003], [73.37705376600007, 33.440039771000045], [73.37225376600003, 33.44013977100008], [73.36615376600008, 33.43963977100003], [73.36365376600008, 33.43873977100003], [73.35965376600006, 33.447739771000045], [73.35825376600008, 33.45073977100003], [73.35645376600007, 33.45383977100005], [73.35455376600004, 33.456939771000066], [73.35205376600004, 33.45293977100005], [73.34715376600008, 33.44823977100003], [73.33995376600006, 33.44313977100006], [73.33475376600006, 33.44453977100005], [73.33095376600005, 33.445739771000035], [73.32995376600007, 33.449739771000054], [73.33245376600007, 33.45423977100006], [73.33485376600004, 33.458339771000055], [73.33745376600007, 33.46213977100007], [73.33455376600006, 33.46423977100005], [73.32485376600005, 33.46413977100008], [73.32445376600003, 33.46863977100003], [73.32395376600005, 33.47333977100004], [73.32285376600004, 33.477739771000074], [73.32285376600004, 33.48093977100007], [73.31865376600007, 33.490539771000044], [73.32055376600005, 33.49213977100004], [73.32415376600005, 33.49233977100005], [73.32975376600007, 33.49243977100008], [73.33365376600005, 33.49243977100008], [73.33735376600004, 33.49243977100008], [73.34255376600004, 33.49243977100008], [73.34475376600005, 33.490539771000044], [73.34715376600008, 33.48743977100003], [73.34985376600008, 33.48363977100007], [73.35305376600007, 33.48113977100007], [73.35515376600006, 33.47993977100003], [73.35605376600006, 33.48213977100005], [73.35625376600007, 33.48693977100004], [73.35815376600004, 33.492539771000054], [73.36115376600003, 33.490539771000044], [73.36325376600007, 33.487739771000065], [73.36565376600004, 33.48893977100005], [73.36825376600007, 33.49093977100006], [73.37215376600005, 33.490639771000076], [73.37425376600004, 33.49133977100007], [73.37765376600004, 33.490639771000076], [73.37785376600004, 33.49453977100006], [73.37815376600008, 33.50063977100007], [73.37845376600006, 33.50433977100005], [73.37885376600008, 33.50773977100005], [73.37735376600006, 33.510839771000065], [73.37575376600006, 33.51353977100007], [73.37595376600007, 33.51843977100003], [73.37645376600005, 33.520739771000024], [73.37705376600007, 33.52473977100004], [73.37895376600005, 33.525939771000026], [73.38085376600003, 33.52723977100004], [73.38345376600006, 33.52903977100004], [73.38665376600005, 33.532539771000074], [73.38785376600003, 33.53583977100004], [73.38495376600008, 33.53923977100004], [73.38325376600005, 33.54233977100006], [73.38175376600003, 33.54663977100006], [73.38255376600006, 33.549639771000045], [73.38445376600004, 33.55113977100007], [73.38735376600005, 33.55273977100006], [73.39085376600008, 33.55173977100003], [73.39445376600008, 33.548239771000055]]]}}, {"type": "Feature", "properties": {"uc": "HOTHLA", "tehsil": "Kahuta Tehsil", "town": "", "expected_cases": 0.0, "historical_cases": 6, "alert": "Green"}, "geometry": {"type": "Polygon", "coordinates": [[[73.37425376600004, 33.58883977100004], [73.37215376600005, 33.587339771000075], [73.36985376600006, 33.58503977100003], [73.36625376600006, 33.58163977100003], [73.36345376600008, 33.57753977100003], [73.36205376600003, 33.57233977100003], [73.36175376600005, 33.56773977100005], [73.36305376600006, 33.56543977100006], [73.36305376600006, 33.56233977100004], [73.36315376600004, 33.558839771000066], [73.36355376600005, 33.55623977100004], [73.36345376600008, 33.553639771000064], [73.36125376600006, 33.55053977100005], [73.35805376600007, 33.54723977100008], [73.35655376600005, 33.545339771000044], [73.35455376600004, 33.54273977100007], [73.35145376600008, 33.53953977100008], [73.34875376600007, 33.54083977100004], [73.34565376600005, 33.54303977100005], [73.34065376600006, 33.54573977100006], [73.33805376600003, 33.54713977100005], [73.33445376600008, 33.54853977100004], [73.33055376600004, 33.549339771000064], [73.32715376600004, 33.54863977100007], [73.32415376600005, 33.54833977100003], [73.31945376600004, 33.546839771000066], [73.31695376600004, 33.544839771000056], [73.31455376600007, 33.54183977100007], [73.31255376600006, 33.53783977100005], [73.29515376600006, 33.53173977100005], [73.29345376600008, 33.535639771000035], [73.29205376600004, 33.539139771000066], [73.29185376600003, 33.54243977100003], [73.29145376600007, 33.545439771000076], [73.29245376600005, 33.549339771000064], [73.29485376600007, 33.55383977100007], [73.29585376600005, 33.556739771000025], [73.29535376600006, 33.55983977100004], [73.29325376600008, 33.560239771000056], [73.29125376600007, 33.56183977100005], [73.29035376600007, 33.56623977100003], [73.28735376600008, 33.56803977100003], [73.28595376600003, 33.569839771000034], [73.28395376600008, 33.571339771000055], [73.28225376600005, 33.573339771000065], [73.28365376600004, 33.575039771000036], [73.28665376600003, 33.578439771000035], [73.28935376600003, 33.581039771000064], [73.29395376600007, 33.58583977100005], [73.29665376600008, 33.588739771000064], [73.29895376600007, 33.59133977100004], [73.29585376600005, 33.59143977100007], [73.29315376600005, 33.59233977100007], [73.29295376600004, 33.59543977100003], [73.29325376600008, 33.59833977100004], [73.29425376600005, 33.601039771000046], [73.29575376600008, 33.60433977100007], [73.29715376600006, 33.60653977100003], [73.29885376600004, 33.607839771000044], [73.30085376600005, 33.60913977100006], [73.30245376600004, 33.610739771000055], [73.30185376600008, 33.61363977100007], [73.30185376600008, 33.61713977100004], [73.30115376600008, 33.62033977100003], [73.30095376600008, 33.62253977100005], [73.30045376600003, 33.62573977100004], [73.30005376600008, 33.63003977100004], [73.30075376600007, 33.63273977100005], [73.30145376600007, 33.635839771000065], [73.29945376600006, 33.63883977100005], [73.29825376600007, 33.642139771000075], [73.29995376600004, 33.64613977100004], [73.30245376600004, 33.647839771000065], [73.30395376600006, 33.64893977100007], [73.30275376600008, 33.651539771000046], [73.30205376600003, 33.65453977100003], [73.30565376600003, 33.655539771000065], [73.30745376600004, 33.65623977100006], [73.30975376600003, 33.65853977100005], [73.37095376600007, 33.61433977100006], [73.36995376600004, 33.61243977100003], [73.37015376600004, 33.60943977100004], [73.37105376600005, 33.60693977100004], [73.37205376600008, 33.60493977100003], [73.37425376600004, 33.60053977100006], [73.37625376600005, 33.597339771000065], [73.37545376600008, 33.59363977100003], [73.37425376600004, 33.58883977100004]]]}}, {"type": "Feature", "properties": {"uc": "KALLAR SAYADDAN", "tehsil": "Kahuta Tehsil", "town": "", "expected_cases": 0.0, "historical_cases": 13, "alert": "Green"}, "geometry": {"type": "Polygon", "coordinates": [[[73.44085376600003, 33.44323977100004], [73.43985376600006, 33.43893977100004], [73.43915376600006, 33.43333977100008], [73.43895376600005, 33.43013977100003], [73.43885376600008, 33.42703977100007], [73.43815376600008, 33.42333977100003], [73.43745376600003, 33.419739771000025], [73.43585376600004, 33.41713977100005], [73.43455376600008, 33.41133977100003], [73.43265376600004, 33.40103977100006], [73.43175376600004, 33.39603977100006], [73.43685376600007, 33.38713977100008], [73.42885376600003, 33.38643977100003], [73.42585376600005, 33.38993977100006], [73.42505376600008, 33.39483977100008], [73.42095376600008, 33.39693977100006], [73.41885376600004, 33.39973977100004], [73.41765376600006, 33.40713977100006], [73.41095376600003, 33.40683977100008], [73.40805376600008, 33.40543977100003], [73.40595376600004, 33.40303977100007], [73.40345376600004, 33.39883977100004], [73.39915376600004, 33.38973977100005], [73.39245376600007, 33.388739771000076], [73.38705376600007, 33.38943977100007], [73.38335376600008, 33.39333977100006], [73.37875376600005, 33.39473977100005], [73.37165376600007, 33.39373977100007], [73.35705376600004, 33.39533977100007], [73.35485376600008, 33.39053977100008], [73.35375376600007, 33.38073977100004], [73.35315376600005, 33.375239771000054], [73.34855376600007, 33.373539771000026], [73.34185376600004, 33.37633977100006], [73.33965376600008, 33.37923977100007], [73.33435376600005, 33.378439771000046], [73.33025376600006, 33.378439771000046], [73.32495376600008, 33.38373977100008], [73.32105376600003, 33.385839771000065], [73.31865376600007, 33.39163977100003], [73.31535376600004, 33.40193977100006], [73.31965376600004, 33.40463977100006], [73.33605376600008, 33.41483977100006], [73.34105376600007, 33.41593977100007], [73.34495376600006, 33.416639771000064], [73.34865376600004, 33.41743977100003], [73.35115376600004, 33.41733977100006], [73.35405376600005, 33.41593977100007], [73.35755376600008, 33.415539771000056], [73.36185376600008, 33.414639771000054], [73.36565376600004, 33.41363977100008], [73.37005376600007, 33.41253977100007], [73.37245376600004, 33.40903977100004], [73.37405376600003, 33.40593977100008], [73.37625376600005, 33.40163977100008], [73.37845376600006, 33.399239771000055], [73.38105376600004, 33.39833977100005], [73.38845376600005, 33.39453977100004], [73.39025376600006, 33.39913977100008], [73.39255376600005, 33.40373977100006], [73.39395376600004, 33.40663977100007], [73.39505376600005, 33.41083977100004], [73.39515376600008, 33.415439771000024], [73.39875376600008, 33.416139771000076], [73.40495376600006, 33.41703977100008], [73.40965376600008, 33.41803977100005], [73.40955376600004, 33.42473977100008], [73.40975376600005, 33.42933977100006], [73.40955376600004, 33.43273977100006], [73.40965376600008, 33.43683977100005], [73.40955376600004, 33.44113977100005], [73.41055376600008, 33.44543977100005], [73.41165376600003, 33.450339771000074], [73.41255376600003, 33.45413977100003], [73.41435376600003, 33.454639771000075], [73.41675376600006, 33.45533977100007], [73.41735376600008, 33.45253977100003], [73.41765376600006, 33.44813977100006], [73.41805376600007, 33.444339771000045], [73.41945376600006, 33.44023977100005], [73.42025376600003, 33.43733977100004], [73.42145376600007, 33.43413977100005], [73.42295376600003, 33.43183977100006], [73.42455376600003, 33.430039771000054], [73.42775376600008, 33.43453977100006], [73.43105376600005, 33.438639771000055], [73.43365376600008, 33.44013977100008], [73.43695376600004, 33.44173977100007], [73.44085376600003, 33.44323977100004]]]}}, {"type": "Feature", "properties": {"uc": "KANOHA", "tehsil": "Kahuta Tehsil", "town": "", "expected_cases": 0.0, "historical_cases": 10, "alert": "Green"}, "geometry": {"type": "Polygon", "coordinates": [[[73.48135376600004, 33.436639771000046], [73.47965376600007, 33.43393977100004], [73.47815376600005, 33.43133977100007], [73.47935376600003, 33.42853977100003], [73.48095376600008, 33.42593977100006], [73.48335376600005, 33.423139771000024], [73.48685376600008, 33.418939771000055], [73.48795376600003, 33.415239771000074], [73.48835376600005, 33.41083977100004], [73.48815376600004, 33.40713977100006], [73.48695376600006, 33.40363977100003], [73.48465376600006, 33.397839771000065], [73.48355376600006, 33.39403977100005], [73.48275376600003, 33.39003977100003], [73.48235376600007, 33.387539771000036], [73.48235376600007, 33.38493977100006], [73.47945376600006, 33.381839771000045], [73.47605376600006, 33.37943977100008], [73.46515376600007, 33.37923977100007], [73.46725376600006, 33.38593977100004], [73.46525376600005, 33.389239771000064], [73.45695376600008, 33.39163977100003], [73.45115376600006, 33.39513977100006], [73.44685376600006, 33.39163977100003], [73.44225376600008, 33.39023977100004], [73.43685376600007, 33.38713977100008], [73.43175376600004, 33.39603977100006], [73.43265376600004, 33.40103977100006], [73.43455376600008, 33.41133977100003], [73.43585376600004, 33.41713977100005], [73.43745376600003, 33.419739771000025], [73.43815376600008, 33.42333977100003], [73.43885376600008, 33.42703977100007], [73.43895376600005, 33.43013977100003], [73.43915376600006, 33.43333977100008], [73.43985376600006, 33.43893977100004], [73.44085376600003, 33.44323977100004], [73.44275376600007, 33.44443977100008], [73.44595376600006, 33.44553977100003], [73.44895376600005, 33.44673977100007], [73.45285376600003, 33.44813977100006], [73.45475376600007, 33.451139771000044], [73.45525376600006, 33.45503977100003], [73.45665376600004, 33.45723977100005], [73.46005376600004, 33.45923977100006], [73.46515376600007, 33.461739771000055], [73.46705376600005, 33.46433977100003], [73.46825376600003, 33.46733977100007], [73.46935376600004, 33.47013977100005], [73.47075376600003, 33.472239771000034], [73.47405376600005, 33.472839771000054], [73.47535376600007, 33.471439771000064], [73.47555376600008, 33.46913977100007], [73.47585376600006, 33.465439771000035], [73.47635376600005, 33.462039771000036], [73.47645376600008, 33.45753977100003], [73.47665376600008, 33.45353977100007], [73.47575376600008, 33.451739771000064], [73.47395376600008, 33.44993977100006], [73.47605376600006, 33.44743977100006], [73.47805376600007, 33.44513977100007], [73.48035376600006, 33.44273977100005], [73.48125376600007, 33.440039771000045], [73.48135376600004, 33.436639771000046]]]}}, {"type": "Feature", "properties": {"uc": "KHADYOT", "tehsil": "Kahuta Tehsil", "town": "", "expected_cases": 0.0, "historical_cases": 4, "alert": "Green"}, "geometry": {"type": "Polygon", "coordinates": [[[73.37795376600008, 33.62403977100007], [73.37445376600004, 33.62623977100003], [73.36615376600008, 33.63493977100006], [73.35925376600005, 33.64283977100007], [73.36265376600005, 33.64393977100008], [73.36735376600006, 33.64423977100006], [73.37175376600004, 33.64393977100008], [73.37585376600003, 33.64453977100004], [73.37985376600005, 33.64593977100003], [73.38215376600004, 33.64703977100004], [73.38325376600005, 33.650039771000024], [73.38175376600003, 33.651239771000064], [73.37935376600007, 33.65383977100004], [73.37975376600008, 33.65743977100004], [73.38185376600006, 33.659839771000065], [73.38555376600004, 33.66143977100006], [73.38295376600007, 33.66453977100008], [73.37855376600004, 33.66583977100004], [73.37485376600006, 33.66813977100003], [73.37195376600005, 33.66883977100008], [73.36895376600006, 33.668939771000055], [73.36605376600005, 33.66913977100006], [73.35815376600004, 33.671239771000046], [73.36115376600003, 33.67443977100004], [73.36445376600005, 33.67733977100005], [73.36705376600008, 33.67913977100005], [73.37085376600004, 33.68123977100004], [73.37565376600008, 33.68443977100003], [73.37805376600005, 33.68643977100004], [73.38015376600003, 33.68813977100007], [73.38345376600006, 33.69123977100003], [73.38505376600006, 33.69443977100008], [73.38715376600004, 33.69873977100008], [73.38935376600006, 33.70313977100005], [73.39315376600007, 33.70103977100007], [73.39975376600006, 33.69933977100004], [73.40425376600007, 33.697739771000045], [73.40835376600006, 33.69743977100006], [73.41185376600004, 33.69813977100006], [73.41505376600003, 33.699239771000066], [73.41825376600008, 33.70103977100007], [73.42155376600005, 33.70253977100003], [73.42455376600003, 33.70193977100007], [73.42425376600005, 33.69843977100004], [73.42275376600008, 33.69553977100003], [73.42195376600006, 33.69333977100007], [73.42145376600007, 33.690339771000026], [73.42265376600005, 33.686639771000046], [73.42535376600006, 33.68643977100004], [73.42855376600005, 33.68743977100007], [73.43145376600006, 33.688039771000035], [73.43445376600005, 33.68893977100004], [73.43705376600008, 33.69023977100005], [73.43815376600008, 33.69213977100003], [73.43915376600006, 33.69553977100003], [73.43965376600005, 33.699239771000066], [73.43965376600005, 33.70443977100007], [73.43875376600005, 33.70723977100005], [73.43775376600007, 33.71073977100008], [73.43835376600003, 33.71473977100004], [73.44085376600003, 33.71673977100005], [73.44505376600006, 33.716039771000055], [73.44955376600007, 33.715439771000035], [73.45305376600004, 33.71593977100002], [73.45675376600008, 33.71703977100003], [73.45925376600007, 33.71473977100004], [73.46115376600005, 33.71093977100003], [73.46305376600003, 33.70863977100004], [73.46445376600008, 33.70643977100008], [73.46505376600004, 33.70373977100007], [73.46075376600004, 33.700639771000056], [73.45675376600008, 33.697239771000056], [73.45325376600005, 33.69413977100004], [73.44705376600007, 33.69393977100003], [73.44325376600005, 33.69323977100004], [73.44025376600007, 33.69053977100003], [73.43735376600006, 33.687739771000054], [73.43715376600005, 33.68453977100006], [73.43615376600007, 33.68183977100006], [73.43375376600005, 33.67873977100004], [73.43265376600004, 33.676639771000055], [73.42975376600003, 33.67273977100007], [73.42755376600007, 33.670939771000064], [73.42295376600003, 33.666139771000076], [73.41875376600007, 33.662939771000026], [73.41425376600006, 33.660639771000035], [73.41015376600006, 33.65943977100005], [73.40645376600008, 33.658639771000026], [73.40405376600006, 33.65733977100007], [73.40235376600003, 33.65143977100007], [73.40175376600007, 33.64753977100003], [73.40105376600008, 33.64473977100005], [73.39825376600004, 33.64123977100007], [73.39395376600004, 33.638739771000076], [73.39155376600007, 33.637239771000054], [73.38835376600008, 33.634439771000075], [73.38225376600008, 33.62973977100006], [73.37975376600008, 33.62723977100006], [73.37795376600008, 33.62403977100007]]]}}, {"type": "Feature", "properties": {"uc": "MANYANDAH", "tehsil": "Kahuta Tehsil", "town": "", "expected_cases": 0.0, "historical_cases": 3, "alert": "Green"}, "geometry": {"type": "Polygon", "coordinates": [[[73.62275376600007, 33.522839771000065], [73.61915376600007, 33.52113977100004], [73.61355376600005, 33.515139771000065], [73.61135376600004, 33.51273977100004], [73.60835376600005, 33.491939771000034], [73.61465376600006, 33.47993977100003], [73.62305376600006, 33.470839771000044], [73.62575376600006, 33.462539771000024], [73.62665376600006, 33.459739771000045], [73.62245376600004, 33.450539771000024], [73.61305376600006, 33.447139771000025], [73.60805376600007, 33.44523977100005], [73.60215376600007, 33.44193977100008], [73.59725376600005, 33.43913977100004], [73.59445376600007, 33.429439771000034], [73.59585376600006, 33.41773977100007], [73.58375376600003, 33.405239771000026], [73.58125376600003, 33.40543977100003], [73.56805376600005, 33.41443977100005], [73.56375376600005, 33.41533977100005], [73.56015376600004, 33.41513977100004], [73.55785376600005, 33.41423977100004], [73.55665376600007, 33.41153977100004], [73.55545376600008, 33.408439771000076], [73.55195376600005, 33.40763977100005], [73.55015376600005, 33.409239771000045], [73.54845376600008, 33.40763977100005], [73.54685376600008, 33.405239771000026], [73.54565376600004, 33.400939771000026], [73.54465376600007, 33.39593977100003], [73.54405376600005, 33.391839771000036], [73.54015376600006, 33.392339771000024], [73.53785376600007, 33.39103977100007], [73.53685376600004, 33.38883977100005], [73.53435376600004, 33.38823977100003], [73.53105376600007, 33.38933977100004], [73.52855376600007, 33.39033977100007], [73.52495376600007, 33.39263977100006], [73.52115376600005, 33.39403977100005], [73.51845376600005, 33.39173977100006], [73.51845376600005, 33.38823977100003], [73.51835376600008, 33.385239771000045], [73.51825376600004, 33.381839771000045], [73.51395376600004, 33.38223977100006], [73.51175376600008, 33.38273977100005], [73.50905376600008, 33.38313977100006], [73.50645376600005, 33.38363977100005], [73.50245376600003, 33.38483977100003], [73.49945376600004, 33.38703977100005], [73.49785376600005, 33.390139771000065], [73.50015376600004, 33.394439771000066], [73.50135376600008, 33.39703977100004], [73.50285376600004, 33.400739771000076], [73.50445376600004, 33.40513977100005], [73.50525376600007, 33.408439771000076], [73.50635376600007, 33.41193977100005], [73.50735376600005, 33.41573977100006], [73.50965376600004, 33.42113977100007], [73.51085376600008, 33.42333977100003], [73.51255376600005, 33.42763977100003], [73.51305376600004, 33.43163977100005], [73.50675376600003, 33.42793977100007], [73.49875376600005, 33.421739771000034], [73.49495376600004, 33.41963977100005], [73.49405376600004, 33.422339771000054], [73.49575376600006, 33.42563977100008], [73.49665376600007, 33.42853977100003], [73.49865376600007, 33.430339771000035], [73.50045376600008, 33.43203977100006], [73.50435376600007, 33.43453977100006], [73.50785376600004, 33.43683977100005], [73.51025376600006, 33.43853977100002], [73.51255376600005, 33.440639771000065], [73.51695376600003, 33.44383977100006], [73.52255376600004, 33.448339771000065], [73.52795376600005, 33.44823977100003], [73.53275376600004, 33.44873977100008], [73.53715376600007, 33.450039771000036], [73.54285376600006, 33.45353977100007], [73.54705376600003, 33.45563977100005], [73.55025376600008, 33.459739771000045], [73.55135376600003, 33.46363977100003], [73.55295376600003, 33.46633977100004], [73.55605376600005, 33.47073977100007], [73.55625376600005, 33.47553977100006], [73.55945376600005, 33.47783977100005], [73.56335376600003, 33.48193977100004], [73.56645376600005, 33.48533977100004], [73.56875376600004, 33.48703977100007], [73.57165376600005, 33.49013977100003], [73.57555376600004, 33.49363977100006], [73.58065376600007, 33.49863977100006], [73.58465376600003, 33.50223977100006], [73.58895376600003, 33.507339771000034], [73.59275376600004, 33.51293977100005], [73.59415376600003, 33.51553977100008], [73.59675376600006, 33.51903977100005], [73.59925376600006, 33.52193977100006], [73.60205376600004, 33.52493977100005], [73.60515376600006, 33.52813977100004], [73.61475376600004, 33.52543977100004], [73.62275376600007, 33.522839771000065]]]}}, {"type": "Feature", "properties": {"uc": "MATOR", "tehsil": "Kahuta Tehsil", "town": "", "expected_cases": 0.0, "historical_cases": 10, "alert": "Green"}, "geometry": {"type": "Polygon", "coordinates": [[[73.50685376600006, 33.544839771000056], [73.50895376600005, 33.543939771000055], [73.51055376600004, 33.54213977100005], [73.51195376600003, 33.537039771000025], [73.51265376600003, 33.533439771000076], [73.51325376600005, 33.52923977100005], [73.51105376600003, 33.52783977100006], [73.50845376600006, 33.525739771000076], [73.50615376600007, 33.523639771000035], [73.50355376600004, 33.52013977100006], [73.50105376600004, 33.51463977100008], [73.50005376600006, 33.511739771000066], [73.49915376600006, 33.50783977100008], [73.49865376600007, 33.50413977100004], [73.49845376600007, 33.500839771000074], [73.49705376600008, 33.49693977100003], [73.49545376600008, 33.49293977100007], [73.49425376600004, 33.48903977100008], [73.49095376600008, 33.48643977100005], [73.48705376600003, 33.48353977100004], [73.48365376600003, 33.48243977100003], [73.48395376600007, 33.48643977100005], [73.48415376600008, 33.489939771000024], [73.48445376600006, 33.49353977100003], [73.48475376600004, 33.49753977100005], [73.48525376600008, 33.50103977100002], [73.48355376600006, 33.50473977100006], [73.47955376600004, 33.504839771000036], [73.47605376600006, 33.50433977100005], [73.47305376600008, 33.50433977100005], [73.46995376600006, 33.50433977100005], [73.46645376600003, 33.50473977100006], [73.46275376600005, 33.50413977100004], [73.46235376600004, 33.50183977100005], [73.46175376600007, 33.498339771000076], [73.46135376600006, 33.49513977100003], [73.46065376600006, 33.492839771000035], [73.45915376600004, 33.489139771000055], [73.45785376600008, 33.48553977100005], [73.45625376600003, 33.481439771000055], [73.45395376600004, 33.47953977100008], [73.45835376600007, 33.47733977100006], [73.45955376600006, 33.47463977100006], [73.46195376600008, 33.47353977100005], [73.46405376600006, 33.47303977100006], [73.46735376600003, 33.47243977100004], [73.47075376600003, 33.472239771000034], [73.46935376600004, 33.47013977100005], [73.46825376600003, 33.46733977100007], [73.46705376600005, 33.46433977100003], [73.46515376600007, 33.461739771000055], [73.46005376600004, 33.45923977100006], [73.45665376600004, 33.45723977100005], [73.45525376600006, 33.45503977100003], [73.45475376600007, 33.451139771000044], [73.45285376600003, 33.44813977100006], [73.44895376600005, 33.44673977100007], [73.44595376600006, 33.44553977100003], [73.44275376600007, 33.44443977100008], [73.44085376600003, 33.44323977100004], [73.43695376600004, 33.44173977100007], [73.43365376600008, 33.44013977100008], [73.43105376600005, 33.438639771000055], [73.42775376600008, 33.43453977100006], [73.42455376600003, 33.430039771000054], [73.42295376600003, 33.43183977100006], [73.42145376600007, 33.43413977100005], [73.42025376600003, 33.43733977100004], [73.41945376600006, 33.44023977100005], [73.41805376600007, 33.444339771000045], [73.41765376600006, 33.44813977100006], [73.41735376600008, 33.45253977100003], [73.41675376600006, 33.45533977100007], [73.41435376600003, 33.454639771000075], [73.41255376600003, 33.45413977100003], [73.41265376600006, 33.45963977100007], [73.41375376600007, 33.46643977100007], [73.41545376600004, 33.47153977100004], [73.41615376600004, 33.47393977100006], [73.41625376600007, 33.47623977100005], [73.41575376600008, 33.478639771000076], [73.41595376600003, 33.48253977100006], [73.41665376600008, 33.485739771000055], [73.41835376600005, 33.48823977100005], [73.41975376600004, 33.49013977100003], [73.42095376600008, 33.49353977100003], [73.42155376600005, 33.496339771000066], [73.42195376600006, 33.50143977100004], [73.42155376600005, 33.504539771000054], [73.42015376600006, 33.50893977100003], [73.41815376600005, 33.51333977100006], [73.41885376600004, 33.51663977100003], [73.41875376600007, 33.51963977100007], [73.41915376600008, 33.52293977100004], [73.41805376600007, 33.52673977100005], [73.41735376600008, 33.529939771000045], [73.42245376600005, 33.53183977100008], [73.42715376600006, 33.53323977100007], [73.43045376600008, 33.53323977100007], [73.43425376600004, 33.53353977100005], [73.43765376600004, 33.53323977100007], [73.44455376600007, 33.53173977100005], [73.44865376600006, 33.53063977100004], [73.45135376600007, 33.52963977100006], [73.45395376600004, 33.52873977100006], [73.45815376600007, 33.52543977100004], [73.46165376600004, 33.52383977100004], [73.46665376600004, 33.52693977100006], [73.47005376600004, 33.52893977100007], [73.47355376600007, 33.53123977100006], [73.47525376600004, 33.53313977100004], [73.47515376600006, 33.53643977100006], [73.47375376600007, 33.539039771000034], [73.47135376600005, 33.54233977100006], [73.47145376600008, 33.546739771000034], [73.47215376600008, 33.55183977100006], [73.47255376600003, 33.555639771000074], [73.47275376600004, 33.56033977100003], [73.47245376600006, 33.56553977100003], [73.47215376600008, 33.56833977100007], [73.47555376600008, 33.56953977100005], [73.47815376600005, 33.57053977100003], [73.48045376600004, 33.57313977100006], [73.48245376600005, 33.57453977100005], [73.48385376600004, 33.57093977100004], [73.48445376600006, 33.56813977100006], [73.48515376600005, 33.562139771000034], [73.48605376600005, 33.557339771000045], [73.48615376600003, 33.55263977100003], [73.48555376600007, 33.54703977100007], [73.48505376600008, 33.542539771000065], [73.48525376600008, 33.53893977100006], [73.48635376600004, 33.53323977100007], [73.49035376600006, 33.532839771000056], [73.49275376600008, 33.53543977100003], [73.49565376600003, 33.53843977100007], [73.49845376600007, 33.53653977100004], [73.50105376600004, 33.53573977100007], [73.50355376600004, 33.53493977100004], [73.50435376600007, 33.53743977100004], [73.50615376600007, 33.54063977100003], [73.50685376600006, 33.544839771000056]]]}}, {"type": "Feature", "properties": {"uc": "MAWARA", "tehsil": "Kahuta Tehsil", "town": "", "expected_cases": 0.0, "historical_cases": 5, "alert": "Green"}, "geometry": {"type": "Polygon", "coordinates": [[[73.47215376600008, 33.56833977100007], [73.47245376600006, 33.56553977100003], [73.47275376600004, 33.56033977100003], [73.47255376600003, 33.555639771000074], [73.47215376600008, 33.55183977100006], [73.47145376600008, 33.546739771000034], [73.47135376600005, 33.54233977100006], [73.47375376600007, 33.539039771000034], [73.47515376600006, 33.53643977100006], [73.47525376600004, 33.53313977100004], [73.47355376600007, 33.53123977100006], [73.47005376600004, 33.52893977100007], [73.46665376600004, 33.52693977100006], [73.46165376600004, 33.52383977100004], [73.45815376600007, 33.52543977100004], [73.45395376600004, 33.52873977100006], [73.45135376600007, 33.52963977100006], [73.44865376600006, 33.53063977100004], [73.44455376600007, 33.53173977100005], [73.43765376600004, 33.53323977100007], [73.43425376600004, 33.53353977100005], [73.43045376600008, 33.53323977100007], [73.42715376600006, 33.53323977100007], [73.42245376600005, 33.53183977100008], [73.41735376600008, 33.529939771000045], [73.41365376600004, 33.53383977100003], [73.40935376600004, 33.533439771000076], [73.40605376600007, 33.53033977100006], [73.40325376600003, 33.52693977100006], [73.40025376600005, 33.53163977100007], [73.39935376600005, 33.53643977100006], [73.39705376600006, 33.53973977100003], [73.39475376600006, 33.54463977100005], [73.39445376600008, 33.548239771000055], [73.39965376600003, 33.54853977100004], [73.40205376600005, 33.54973977100008], [73.40125376600008, 33.55233977100005], [73.39985376600004, 33.554439771000034], [73.39965376600003, 33.556739771000025], [73.40395376600003, 33.55803977100004], [73.40865376600004, 33.55943977100003], [73.41345376600003, 33.561339771000064], [73.41325376600008, 33.56403977100007], [73.41315376600005, 33.56713977100003], [73.41265376600006, 33.56963977100003], [73.41145376600008, 33.57103977100007], [73.41805376600007, 33.57513977100007], [73.42325376600007, 33.57733977100003], [73.42675376600005, 33.576439771000025], [73.42785376600006, 33.57953977100004], [73.43165376600007, 33.581839771000034], [73.43505376600007, 33.583839771000044], [73.43715376600005, 33.58583977100005], [73.43985376600006, 33.58543977100004], [73.44345376600006, 33.584739771000045], [73.44435376600006, 33.579039771000055], [73.44515376600003, 33.575639771000056], [73.44225376600008, 33.57243977100006], [73.43965376600005, 33.569939771000065], [73.43805376600005, 33.567939771000056], [73.43655376600003, 33.56553977100003], [73.43655376600003, 33.562239771000066], [73.44145376600005, 33.56183977100005], [73.44655376600008, 33.563639771000055], [73.45055376600004, 33.565039771000045], [73.45475376600007, 33.566539771000066], [73.45755376600005, 33.564239771000075], [73.46025376600005, 33.55983977100004], [73.46235376600004, 33.56093977100005], [73.46565376600006, 33.56413977100004], [73.46815376600006, 33.566539771000066], [73.47215376600008, 33.56833977100007]]]}}, {"type": "Feature", "properties": {"uc": "NALA MUSALMANAN", "tehsil": "Kahuta Tehsil", "town": "", "expected_cases": 0.0, "historical_cases": 0, "alert": "Green"}, "geometry": {"type": "Polygon", "coordinates": [[[73.55625376600005, 33.47553977100006], [73.55605376600005, 33.47073977100007], [73.55295376600003, 33.46633977100004], [73.55135376600003, 33.46363977100003], [73.55025376600008, 33.459739771000045], [73.54705376600003, 33.45563977100005], [73.54285376600006, 33.45353977100007], [73.53715376600007, 33.450039771000036], [73.53275376600004, 33.44873977100008], [73.52795376600005, 33.44823977100003], [73.52255376600004, 33.448339771000065], [73.52055376600003, 33.45253977100003], [73.51905376600007, 33.45663977100003], [73.51655376600007, 33.46023977100003], [73.51235376600005, 33.464039771000046], [73.50885376600007, 33.466039771000055], [73.50665376600006, 33.46643977100007], [73.50445376600004, 33.466839771000025], [73.50185376600007, 33.468939771000066], [73.50375376600005, 33.473139771000035], [73.50605376600004, 33.47593977100007], [73.50815376600008, 33.47833977100004], [73.51045376600007, 33.48103977100004], [73.51125376600004, 33.48443977100004], [73.51175376600008, 33.48663977100006], [73.51285376600003, 33.48873977100004], [73.51465376600004, 33.489939771000024], [73.51615376600006, 33.49133977100007], [73.51705376600006, 33.49303977100004], [73.51855376600008, 33.49533977100003], [73.51995376600007, 33.49783977100003], [73.52195376600008, 33.50203977100006], [73.52525376600005, 33.50713977100003], [73.52655376600006, 33.503139771000065], [73.52735376600003, 33.50033977100003], [73.52645376600003, 33.49733977100004], [73.52445376600008, 33.49293977100007], [73.52245376600007, 33.48783977100004], [73.52035376600008, 33.481439771000055], [73.51875376600003, 33.47703977100008], [73.52195376600008, 33.47703977100008], [73.52545376600006, 33.47733977100006], [73.52875376600008, 33.47763977100004], [73.53245376600006, 33.478639771000076], [73.53675376600006, 33.48023977100007], [73.54055376600007, 33.48153977100003], [73.54365376600003, 33.48253977100006], [73.54685376600008, 33.482939771000076], [73.54845376600008, 33.48093977100007], [73.54995376600004, 33.47933977100007], [73.55245376600004, 33.477439771000036], [73.55625376600005, 33.47553977100006]]]}}, {"type": "Feature", "properties": {"uc": "NARA", "tehsil": "Kahuta Tehsil", "town": "", "expected_cases": 0.0, "historical_cases": 6, "alert": "Green"}, "geometry": {"type": "Polygon", "coordinates": [[[73.59415376600003, 33.51553977100008], [73.59275376600004, 33.51293977100005], [73.58895376600003, 33.507339771000034], [73.58465376600003, 33.50223977100006], [73.58065376600007, 33.49863977100006], [73.57555376600004, 33.49363977100006], [73.57165376600005, 33.49013977100003], [73.56875376600004, 33.48703977100007], [73.56645376600005, 33.48533977100004], [73.56335376600003, 33.48193977100004], [73.55945376600005, 33.47783977100005], [73.55625376600005, 33.47553977100006], [73.55245376600004, 33.477439771000036], [73.54995376600004, 33.47933977100007], [73.54845376600008, 33.48093977100007], [73.54685376600008, 33.482939771000076], [73.54365376600003, 33.48253977100006], [73.54055376600007, 33.48153977100003], [73.53675376600006, 33.48023977100007], [73.53245376600006, 33.478639771000076], [73.52875376600008, 33.47763977100004], [73.52545376600006, 33.47733977100006], [73.52195376600008, 33.47703977100008], [73.51875376600003, 33.47703977100008], [73.52035376600008, 33.481439771000055], [73.52245376600007, 33.48783977100004], [73.52445376600008, 33.49293977100007], [73.52645376600003, 33.49733977100004], [73.52735376600003, 33.50033977100003], [73.52655376600006, 33.503139771000065], [73.52525376600005, 33.50713977100003], [73.52735376600003, 33.51203977100005], [73.52845376600004, 33.51663977100003], [73.52935376600004, 33.520539771000074], [73.52915376600004, 33.525139771000056], [73.52695376600008, 33.52813977100004], [73.52375376600008, 33.53043977100003], [73.52135376600006, 33.53113977100003], [73.51895376600004, 33.53233977100007], [73.51715376600004, 33.53203977100003], [73.51555376600004, 33.53063977100004], [73.51325376600005, 33.52923977100005], [73.51265376600003, 33.533439771000076], [73.51195376600003, 33.537039771000025], [73.51055376600004, 33.54213977100005], [73.50895376600005, 33.543939771000055], [73.50685376600006, 33.544839771000056], [73.50355376600004, 33.546739771000034], [73.50005376600006, 33.549039771000025], [73.49765376600004, 33.55133977100007], [73.49735376600006, 33.55403977100008], [73.49805376600006, 33.55633977100007], [73.49855376600004, 33.560239771000056], [73.49825376600006, 33.56433977100005], [73.49865376600007, 33.56863977100005], [73.50245376600003, 33.56973977100006], [73.50555376600005, 33.57053977100003], [73.50945376600004, 33.57203977100005], [73.50955376600007, 33.575039771000036], [73.50685376600006, 33.576139771000044], [73.50275376600007, 33.57773977100004], [73.50595376600006, 33.583039771000074], [73.50065376600008, 33.58603977100006], [73.50125376600005, 33.58933977100003], [73.50215376600005, 33.59283977100006], [73.50395376600005, 33.59623977100006], [73.50835376600008, 33.596739771000045], [73.51015376600003, 33.593939771000066], [73.51335376600008, 33.59083977100005], [73.51545376600006, 33.588739771000064], [73.51755376600005, 33.586739771000055], [73.51965376600003, 33.585339771000065], [73.52145376600004, 33.583039771000074], [73.52145376600004, 33.57873977100007], [73.52195376600008, 33.57523977100004], [73.52525376600005, 33.57203977100005], [73.52965376600008, 33.56963977100003], [73.53255376600004, 33.568539771000076], [73.53685376600004, 33.567039771000054], [73.53985376600008, 33.56623977100003], [73.54265376600006, 33.56553977100003], [73.54565376600004, 33.56413977100004], [73.54795376600003, 33.56253977100005], [73.55075376600007, 33.561039771000026], [73.55345376600008, 33.55893977100004], [73.55285376600006, 33.556739771000025], [73.55215376600006, 33.554439771000034], [73.55435376600008, 33.552239771000075], [73.55835376600004, 33.548739771000044], [73.56155376600003, 33.54553977100005], [73.56405376600003, 33.54303977100005], [73.56415376600006, 33.539939771000036], [73.56415376600006, 33.53453977100003], [73.56405376600003, 33.531439771000066], [73.56515376600004, 33.52863977100003], [73.56685376600007, 33.52613977100003], [73.56875376600004, 33.52603977100006], [73.57045376600007, 33.527039771000034], [73.57285376600004, 33.52873977100006], [73.57585376600008, 33.529139771000075], [73.57875376600003, 33.52973977100004], [73.58225376600006, 33.52963977100006], [73.58705376600005, 33.52773977100003], [73.58985376600003, 33.52553977100007], [73.59115376600005, 33.52303977100007], [73.59185376600004, 33.520239771000035], [73.59295376600005, 33.51703977100004], [73.59415376600003, 33.51553977100008]]]}}, {"type": "Feature", "properties": {"uc": "NARAR", "tehsil": "Kahuta Tehsil", "town": "", "expected_cases": 0.0, "historical_cases": 0, "alert": "Green"}, "geometry": {"type": "Polygon", "coordinates": [[[73.49865376600007, 33.56863977100005], [73.49795376600008, 33.572839771000076], [73.49775376600007, 33.57573977100003], [73.49875376600005, 33.57853977100007], [73.50015376600004, 33.58203977100004], [73.50065376600008, 33.58603977100006], [73.50595376600006, 33.583039771000074], [73.50275376600007, 33.57773977100004], [73.50685376600006, 33.576139771000044], [73.50955376600007, 33.575039771000036], [73.50945376600004, 33.57203977100005], [73.50555376600005, 33.57053977100003], [73.50245376600003, 33.56973977100006], [73.49865376600007, 33.56863977100005]]]}}, {"type": "Feature", "properties": {"uc": "PANJAR", "tehsil": "Kahuta Tehsil", "town": "", "expected_cases": 0.0, "historical_cases": 5, "alert": "Green"}, "geometry": {"type": "Polygon", "coordinates": [[[73.57365376600006, 33.66213977100006], [73.56775376600007, 33.66213977100006], [73.56035376600005, 33.66023977100008], [73.55635376600003, 33.65943977100005], [73.55225376600004, 33.658439771000076], [73.54915376600007, 33.657239771000036], [73.54525376600003, 33.65623977100006], [73.54045376600004, 33.65443977100006], [73.53845376600003, 33.65173977100005], [73.53865376600004, 33.64813977100005], [73.53915376600008, 33.64603977100006], [73.54285376600006, 33.64623977100007], [73.54265376600006, 33.642439771000056], [73.53995376600005, 33.639539771000045], [73.53555376600008, 33.63763977100007], [73.53125376600008, 33.63643977100003], [73.52835376600007, 33.63683977100004], [73.52565376600006, 33.63883977100005], [73.52325376600004, 33.64123977100007], [73.52185376600005, 33.64313977100005], [73.51985376600004, 33.64373977100007], [73.51695376600003, 33.64453977100004], [73.51415376600005, 33.64473977100005], [73.51255376600005, 33.643239771000026], [73.51235376600005, 33.64063977100005], [73.51325376600005, 33.636139771000046], [73.51195376600003, 33.63213977100003], [73.50945376600004, 33.62823977100004], [73.50665376600006, 33.62453977100006], [73.50365376600007, 33.62373977100003], [73.49995376600003, 33.62253977100005], [73.49415376600007, 33.62223977100007], [73.49055376600006, 33.62143977100004], [73.48735376600007, 33.61953977100006], [73.48525376600008, 33.61743977100008], [73.48365376600003, 33.614739771000075], [73.48255376600008, 33.61173977100003], [73.48095376600008, 33.60883977100008], [73.47625376600007, 33.60713977100005], [73.47305376600008, 33.60593977100007], [73.46805376600008, 33.60393977100006], [73.46555376600008, 33.60143977100006], [73.46295376600006, 33.601639771000066], [73.46065376600006, 33.60193977100005], [73.45535376600003, 33.60053977100006], [73.45055376600004, 33.59903977100004], [73.44535376600004, 33.59753977100007], [73.43875376600005, 33.59463977100006], [73.43575376600006, 33.59463977100006], [73.43205376600008, 33.597339771000065], [73.42955376600008, 33.59923977100004], [73.42855376600005, 33.60183977100007], [73.42715376600006, 33.60473977100003], [73.42375376600006, 33.60373977100005], [73.42035376600006, 33.602439771000036], [73.41765376600006, 33.59973977100003], [73.41485376600008, 33.60743977100003], [73.41195376600007, 33.61363977100007], [73.40885376600005, 33.614939771000024], [73.40305376600008, 33.61573977100005], [73.39415376600004, 33.61143977100005], [73.38555376600004, 33.607039771000075], [73.38285376600004, 33.610639771000024], [73.38025376600007, 33.615639771000076], [73.37935376600007, 33.618439771000055], [73.37835376600003, 33.62193977100003], [73.37795376600008, 33.62403977100007], [73.37975376600008, 33.62723977100006], [73.38225376600008, 33.62973977100006], [73.38835376600008, 33.634439771000075], [73.39155376600007, 33.637239771000054], [73.39395376600004, 33.638739771000076], [73.39825376600004, 33.64123977100007], [73.40105376600008, 33.64473977100005], [73.40175376600007, 33.64753977100003], [73.40235376600003, 33.65143977100007], [73.40405376600006, 33.65733977100007], [73.40645376600008, 33.658639771000026], [73.41015376600006, 33.65943977100005], [73.41425376600006, 33.660639771000035], [73.41875376600007, 33.662939771000026], [73.42295376600003, 33.666139771000076], [73.42755376600007, 33.670939771000064], [73.42975376600003, 33.67273977100007], [73.43265376600004, 33.676639771000055], [73.43375376600005, 33.67873977100004], [73.43615376600007, 33.68183977100006], [73.43715376600005, 33.68453977100006], [73.43735376600006, 33.687739771000054], [73.44025376600007, 33.69053977100003], [73.44325376600005, 33.69323977100004], [73.44705376600007, 33.69393977100003], [73.45325376600005, 33.69413977100004], [73.45675376600008, 33.697239771000056], [73.46075376600004, 33.700639771000056], [73.46505376600004, 33.70373977100007], [73.46445376600008, 33.70643977100008], [73.46305376600003, 33.70863977100004], [73.46115376600005, 33.71093977100003], [73.45925376600007, 33.71473977100004], [73.45675376600008, 33.71703977100003], [73.45905376600007, 33.71853977100005], [73.46065376600006, 33.720939771000076], [73.46185376600005, 33.72413977100007], [73.46345376600004, 33.72563977100003], [73.46475376600006, 33.727439771000036], [73.46655376600006, 33.73043977100008], [73.46895376600008, 33.734839771000054], [73.46935376600004, 33.73983977100005], [73.47015376600007, 33.74383977100007], [73.47285376600007, 33.74563977100007], [73.47565376600005, 33.74513977100003], [73.47785376600007, 33.74173977100003], [73.47905376600005, 33.73883977100007], [73.47835376600005, 33.735739771000055], [73.47765376600006, 33.73333977100003], [73.47775376600003, 33.72563977100003], [73.47765376600006, 33.72013977100005], [73.47815376600005, 33.717439771000045], [73.47825376600008, 33.71503977100008], [73.48265376600006, 33.716639771000075], [73.48585376600005, 33.717439771000045], [73.49055376600006, 33.71653977100004], [73.49365376600008, 33.715739771000074], [73.49565376600003, 33.71353977100006], [73.49685376600007, 33.70323977100003], [73.50215376600005, 33.70583977100006], [73.50455376600007, 33.70753977100003], [73.50855376600003, 33.71093977100003], [73.51135376600007, 33.71363977100003], [73.51355376600003, 33.71653977100004], [73.51615376600006, 33.72053977100006], [73.51855376600008, 33.724539771000025], [73.52105376600008, 33.727439771000036], [73.52305376600003, 33.728639771000076], [73.52505376600004, 33.730039771000065], [73.52705376600005, 33.73103977100004], [73.52935376600004, 33.73153977100003], [73.53225376600005, 33.732239771000025], [73.53515376600006, 33.73333977100003], [73.53705376600004, 33.734839771000054], [73.53825376600008, 33.73803977100005], [73.53985376600008, 33.74243977100008], [73.54025376600003, 33.74643977100004], [73.54105376600006, 33.750539771000035], [73.54245376600005, 33.75233977100004], [73.54465376600007, 33.75383977100006], [73.54855376600005, 33.75553977100003], [73.55275376600008, 33.75643977100003], [73.55585376600004, 33.756839771000045], [73.55895376600006, 33.756839771000045], [73.56205376600008, 33.75773977100005], [73.56535376600004, 33.75933977100004], [73.56865376600007, 33.76153977100006], [73.57225376600007, 33.76573977100003], [73.57775376600006, 33.76843977100003], [73.58305376600003, 33.76063977100006], [73.59245376600006, 33.74693977100003], [73.59515376600007, 33.73953977100007], [73.59725376600005, 33.73363977100007], [73.59945376600007, 33.72163977100007], [73.59885376600005, 33.698639771000046], [73.59695376600007, 33.687739771000054], [73.59495376600006, 33.68443977100003], [73.59255376600004, 33.68043977100007], [73.58165376600004, 33.67193977100004], [73.57455376600007, 33.66513977100004], [73.57365376600006, 33.66213977100006]]]}}, {"type": "Feature", "properties": {"uc": "SAKOT", "tehsil": "Kahuta Tehsil", "town": "", "expected_cases": 0.0, "historical_cases": 7, "alert": "Green"}, "geometry": {"type": "Polygon", "coordinates": [[[73.52525376600005, 33.50713977100003], [73.52195376600008, 33.50203977100006], [73.51995376600007, 33.49783977100003], [73.51855376600008, 33.49533977100003], [73.51705376600006, 33.49303977100004], [73.51615376600006, 33.49133977100007], [73.51465376600004, 33.489939771000024], [73.51285376600003, 33.48873977100004], [73.51175376600008, 33.48663977100006], [73.51125376600004, 33.48443977100004], [73.51045376600007, 33.48103977100004], [73.50815376600008, 33.47833977100004], [73.50605376600004, 33.47593977100007], [73.50375376600005, 33.473139771000035], [73.50185376600007, 33.468939771000066], [73.50445376600004, 33.466839771000025], [73.50665376600006, 33.46643977100007], [73.50885376600007, 33.466039771000055], [73.51235376600005, 33.464039771000046], [73.51655376600007, 33.46023977100003], [73.51905376600007, 33.45663977100003], [73.52055376600003, 33.45253977100003], [73.52255376600004, 33.448339771000065], [73.51695376600003, 33.44383977100006], [73.51255376600005, 33.440639771000065], [73.51025376600006, 33.43853977100002], [73.50785376600004, 33.43683977100005], [73.50435376600007, 33.43453977100006], [73.50045376600008, 33.43203977100006], [73.49865376600007, 33.430339771000035], [73.49665376600007, 33.42853977100003], [73.49575376600006, 33.42563977100008], [73.49405376600004, 33.422339771000054], [73.49115376600008, 33.42643977100005], [73.48815376600004, 33.42973977100007], [73.48555376600007, 33.43183977100006], [73.48345376600008, 33.43333977100008], [73.48135376600004, 33.436639771000046], [73.48125376600007, 33.440039771000045], [73.48035376600006, 33.44273977100005], [73.47805376600007, 33.44513977100007], [73.47605376600006, 33.44743977100006], [73.47395376600008, 33.44993977100006], [73.47575376600008, 33.451739771000064], [73.47665376600008, 33.45353977100007], [73.47645376600008, 33.45753977100003], [73.47635376600005, 33.462039771000036], [73.47585376600006, 33.465439771000035], [73.47555376600008, 33.46913977100007], [73.47535376600007, 33.471439771000064], [73.47405376600005, 33.472839771000054], [73.47075376600003, 33.472239771000034], [73.46735376600003, 33.47243977100004], [73.46405376600006, 33.47303977100006], [73.46195376600008, 33.47353977100005], [73.45955376600006, 33.47463977100006], [73.45835376600007, 33.47733977100006], [73.45395376600004, 33.47953977100008], [73.45625376600003, 33.481439771000055], [73.45785376600008, 33.48553977100005], [73.45915376600004, 33.489139771000055], [73.46065376600006, 33.492839771000035], [73.46135376600006, 33.49513977100003], [73.46175376600007, 33.498339771000076], [73.46235376600004, 33.50183977100005], [73.46275376600005, 33.50413977100004], [73.46645376600003, 33.50473977100006], [73.46995376600006, 33.50433977100005], [73.47305376600008, 33.50433977100005], [73.47605376600006, 33.50433977100005], [73.47955376600004, 33.504839771000036], [73.48355376600006, 33.50473977100006], [73.48525376600008, 33.50103977100002], [73.48475376600004, 33.49753977100005], [73.48445376600006, 33.49353977100003], [73.48415376600008, 33.489939771000024], [73.48395376600007, 33.48643977100005], [73.48365376600003, 33.48243977100003], [73.48705376600003, 33.48353977100004], [73.49095376600008, 33.48643977100005], [73.49425376600004, 33.48903977100008], [73.49545376600008, 33.49293977100007], [73.49705376600008, 33.49693977100003], [73.49845376600007, 33.500839771000074], [73.49865376600007, 33.50413977100004], [73.49915376600006, 33.50783977100008], [73.50005376600006, 33.511739771000066], [73.50105376600004, 33.51463977100008], [73.50355376600004, 33.52013977100006], [73.50615376600007, 33.523639771000035], [73.50845376600006, 33.525739771000076], [73.51105376600003, 33.52783977100006], [73.51325376600005, 33.52923977100005], [73.51555376600004, 33.53063977100004], [73.51715376600004, 33.53203977100003], [73.51895376600004, 33.53233977100007], [73.52135376600006, 33.53113977100003], [73.52375376600008, 33.53043977100003], [73.52695376600008, 33.52813977100004], [73.52915376600004, 33.525139771000056], [73.52935376600004, 33.520539771000074], [73.52845376600004, 33.51663977100003], [73.52735376600003, 33.51203977100005], [73.52525376600005, 33.50713977100003]]]}}, {"type": "Feature", "properties": {"uc": "SMOTE", "tehsil": "Kahuta Tehsil", "town": "", "expected_cases": 0.0, "historical_cases": 3, "alert": "Green"}, "geometry": {"type": "Polygon", "coordinates": [[[73.58375376600003, 33.405239771000026], [73.58055376600004, 33.40193977100006], [73.57775376600006, 33.397239771000045], [73.57525376600006, 33.393039771000076], [73.57085376600008, 33.38333977100007], [73.57055376600005, 33.372639771000024], [73.57445376600003, 33.36323977100005], [73.57955376600006, 33.35123977100005], [73.58475376600006, 33.33913977100008], [73.59545376600005, 33.339539771000034], [73.59885376600005, 33.33973977100004], [73.60135376600005, 33.338239771000076], [73.58265376600008, 33.32713977100008], [73.57975376600007, 33.32393977100003], [73.57305376600004, 33.32153977100006], [73.56885376600007, 33.32053977100003], [73.56385376600008, 33.31883977100006], [73.56175376600004, 33.315339771000026], [73.55795376600008, 33.313639771000055], [73.55255376600007, 33.31393977100004], [73.54715376600006, 33.31473977100006], [73.54165376600008, 33.31473977100006], [73.53255376600004, 33.31343977100005], [73.52275376600005, 33.31233977100004], [73.51895376600004, 33.316439771000034], [73.51835376600008, 33.31973977100006], [73.51675376600008, 33.324239771000066], [73.51745376600007, 33.32823977100003], [73.51475376600007, 33.32853977100007], [73.51015376600003, 33.32923977100006], [73.50855376600003, 33.33173977100006], [73.50345376600006, 33.33173977100006], [73.49805376600006, 33.33283977100007], [73.49305376600006, 33.331039771000064], [73.48885376600003, 33.330739771000026], [73.48595376600008, 33.333039771000074], [73.48355376600006, 33.33543977100004], [73.47855376600006, 33.33553977100007], [73.47395376600008, 33.336239771000066], [73.46775376600004, 33.341839771000025], [73.46695376600007, 33.34573977100007], [73.46905376600006, 33.34913977100007], [73.47195376600007, 33.35193977100005], [73.47405376600005, 33.35513977100004], [73.47955376600004, 33.35993977100003], [73.48205376600004, 33.36243977100003], [73.48955376600003, 33.361839771000064], [73.49345376600007, 33.36263977100003], [73.49725376600003, 33.36393977100005], [73.49815376600003, 33.36733977100005], [73.50085376600003, 33.370739771000046], [73.50175376600004, 33.374639771000034], [73.50415376600006, 33.37603977100002], [73.50685376600006, 33.37703977100006], [73.51075376600005, 33.377539771000045], [73.51505376600005, 33.37803977100003], [73.51785376600003, 33.378439771000046], [73.51825376600004, 33.381839771000045], [73.51835376600008, 33.385239771000045], [73.51845376600005, 33.38823977100003], [73.51845376600005, 33.39173977100006], [73.52115376600005, 33.39403977100005], [73.52495376600007, 33.39263977100006], [73.52855376600007, 33.39033977100007], [73.53105376600007, 33.38933977100004], [73.53435376600004, 33.38823977100003], [73.53685376600004, 33.38883977100005], [73.53785376600007, 33.39103977100007], [73.54015376600006, 33.392339771000024], [73.54405376600005, 33.391839771000036], [73.54465376600007, 33.39593977100003], [73.54565376600004, 33.400939771000026], [73.54685376600008, 33.405239771000026], [73.54845376600008, 33.40763977100005], [73.55015376600005, 33.409239771000045], [73.55195376600005, 33.40763977100005], [73.55545376600008, 33.408439771000076], [73.55665376600007, 33.41153977100004], [73.55785376600005, 33.41423977100004], [73.56015376600004, 33.41513977100004], [73.56375376600005, 33.41533977100005], [73.56805376600005, 33.41443977100005], [73.58125376600003, 33.40543977100003], [73.58375376600003, 33.405239771000026]]]}}, {"type": "Feature", "properties": {"uc": "BHATIAN", "tehsil": "Kotli Sattian Tehsil", "town": "", "expected_cases": 0.0, "historical_cases": 1, "alert": "Green"}, "geometry": {"type": "Polygon", "coordinates": [[[73.56795376600007, 33.81323977100004], [73.56725376600008, 33.81113977100006], [73.56605376600004, 33.80003977100006], [73.56665376600006, 33.78883977100003], [73.57165376600005, 33.77723977100004], [73.57775376600006, 33.76843977100003], [73.57225376600007, 33.76573977100003], [73.56865376600007, 33.76153977100006], [73.56535376600004, 33.75933977100004], [73.56205376600008, 33.75773977100005], [73.55895376600006, 33.756839771000045], [73.55585376600004, 33.756839771000045], [73.55275376600008, 33.75643977100003], [73.54855376600005, 33.75553977100003], [73.54465376600007, 33.75383977100006], [73.54245376600005, 33.75233977100004], [73.54105376600006, 33.750539771000035], [73.54025376600003, 33.74643977100004], [73.53985376600008, 33.74243977100008], [73.53825376600008, 33.73803977100005], [73.53705376600004, 33.734839771000054], [73.53515376600006, 33.73333977100003], [73.53225376600005, 33.732239771000025], [73.52935376600004, 33.73153977100003], [73.52705376600005, 33.73103977100004], [73.52505376600004, 33.730039771000065], [73.52305376600003, 33.728639771000076], [73.52105376600008, 33.727439771000036], [73.51855376600008, 33.724539771000025], [73.51615376600006, 33.72053977100006], [73.51355376600003, 33.71653977100004], [73.51135376600007, 33.71363977100003], [73.50855376600003, 33.71093977100003], [73.50455376600007, 33.70753977100003], [73.50215376600005, 33.70583977100006], [73.49685376600007, 33.70323977100003], [73.49565376600003, 33.71353977100006], [73.49365376600008, 33.715739771000074], [73.49055376600006, 33.71653977100004], [73.48585376600005, 33.717439771000045], [73.48265376600006, 33.716639771000075], [73.47825376600008, 33.71503977100008], [73.47815376600005, 33.717439771000045], [73.47765376600006, 33.72013977100005], [73.47775376600003, 33.72563977100003], [73.47765376600006, 33.73333977100003], [73.47835376600005, 33.735739771000055], [73.47905376600005, 33.73883977100007], [73.47785376600007, 33.74173977100003], [73.47565376600005, 33.74513977100003], [73.47285376600007, 33.74563977100007], [73.47775376600003, 33.762839771000074], [73.47985376600008, 33.76103977100007], [73.48245376600005, 33.75933977100004], [73.48495376600005, 33.75903977100006], [73.48795376600003, 33.75853977100007], [73.49195376600005, 33.75763977100007], [73.49725376600003, 33.75693977100008], [73.50155376600003, 33.757439771000065], [73.50585376600003, 33.76003977100004], [73.50895376600005, 33.76243977100006], [73.51265376600003, 33.76583977100006], [73.51525376600006, 33.76603977100007], [73.51655376600007, 33.768239771000026], [73.51845376600005, 33.77203977100004], [73.52255376600004, 33.77313977100005], [73.52525376600005, 33.77553977100007], [73.52665376600004, 33.77803977100007], [73.52685376600004, 33.78043977100003], [73.52945376600007, 33.781339771000034], [73.53265376600007, 33.78173977100005], [73.53305376600008, 33.78373977100006], [73.53205376600005, 33.78573977100007], [73.53175376600007, 33.78923977100004], [73.53455376600004, 33.791339771000025], [73.53705376600004, 33.79383977100008], [73.53805376600008, 33.796839771000066], [73.53985376600008, 33.80033977100004], [73.54165376600008, 33.803139771000076], [73.54345376600008, 33.80633977100007], [73.54465376600007, 33.80983977100004], [73.54455376600004, 33.81233977100004], [73.54515376600006, 33.81583977100007], [73.54855376600005, 33.818539771000076], [73.55325376600007, 33.81923977100007], [73.56795376600007, 33.81323977100004]]]}}, {"type": "Feature", "properties": {"uc": "DARNOHIAN", "tehsil": "Kotli Sattian Tehsil", "town": "", "expected_cases": 0.0, "historical_cases": 1, "alert": "Green"}, "geometry": {"type": "Polygon", "coordinates": [[[73.48415376600008, 33.818739771000025], [73.48365376600003, 33.809639771000036], [73.48255376600008, 33.80713977100004], [73.47995376600005, 33.80323977100005], [73.47735376600008, 33.79773977100007], [73.47815376600005, 33.79383977100008], [73.48165376600008, 33.787939771000026], [73.48275376600003, 33.78413977100007], [73.48095376600008, 33.781439771000066], [73.47755376600003, 33.77923977100005], [73.47645376600008, 33.775939771000026], [73.47615376600004, 33.77293977100004], [73.47625376600007, 33.76963977100007], [73.47695376600007, 33.76573977100003], [73.47775376600003, 33.762839771000074], [73.47285376600007, 33.74563977100007], [73.47015376600007, 33.74383977100007], [73.45735376600004, 33.76563977100005], [73.45575376600004, 33.76753977100003], [73.45455376600006, 33.76983977100008], [73.45255376600005, 33.77093977100003], [73.45015376600003, 33.769339771000034], [73.44845376600006, 33.768239771000026], [73.44555376600005, 33.76783977100007], [73.44285376600004, 33.76913977100003], [73.44265376600003, 33.772839771000065], [73.44535376600004, 33.77543977100004], [73.44745376600008, 33.77783977100006], [73.44955376600007, 33.78013977100005], [73.45195376600003, 33.781939771000054], [73.45525376600006, 33.78353977100005], [73.45805376600003, 33.78573977100007], [73.45965376600003, 33.787639771000045], [73.45755376600005, 33.78813977100003], [73.45355376600008, 33.787739771000076], [73.44995376600008, 33.78783977100005], [73.44655376600008, 33.78833977100004], [73.44285376600004, 33.78983977100006], [73.44615376600007, 33.794839771000056], [73.44895376600005, 33.79853977100004], [73.45205376600006, 33.80493977100008], [73.45415376600005, 33.80943977100003], [73.45485376600004, 33.81233977100004], [73.45555376600004, 33.81633977100006], [73.45865376600005, 33.82083977100007], [73.46255376600004, 33.82513977100007], [73.46605376600007, 33.827039771000045], [73.46945376600007, 33.82863977100004], [73.47285376600007, 33.82913977100003], [73.47485376600008, 33.82733977100003], [73.47645376600008, 33.82483977100003], [73.47845376600003, 33.82243977100006], [73.48075376600008, 33.819339771000045], [73.48415376600008, 33.818739771000025]]]}}, {"type": "Feature", "properties": {"uc": "DHIR KOT SATIAN", "tehsil": "Kotli Sattian Tehsil", "town": "", "expected_cases": 0.0, "historical_cases": 2, "alert": "Green"}, "geometry": {"type": "Polygon", "coordinates": [[[73.53335376600006, 33.88703977100005], [73.53335376600006, 33.884639771000025], [73.53075376600003, 33.880139771000074], [73.52895376600003, 33.875839771000074], [73.52735376600003, 33.87293977100006], [73.52575376600004, 33.87063977100007], [73.52335376600007, 33.86823977100005], [73.52135376600006, 33.865639771000076], [73.51875376600003, 33.86343977100006], [73.51515376600008, 33.86253977100006], [73.51125376600004, 33.861239771000044], [73.50815376600008, 33.85973977100008], [73.50495376600003, 33.85963977100005], [73.50155376600003, 33.85993977100003], [73.49485376600006, 33.85773977100007], [73.49295376600008, 33.856439771000055], [73.49095376600008, 33.85493977100003], [73.48795376600003, 33.85323977100006], [73.48545376600003, 33.852439771000036], [73.48315376600004, 33.85193977100005], [73.48245376600005, 33.84883977100003], [73.48315376600004, 33.84563977100004], [73.48365376600003, 33.84313977100004], [73.48385376600004, 33.84093977100002], [73.48455376600003, 33.83723977100004], [73.48695376600006, 33.83493977100005], [73.48805376600006, 33.831839771000034], [73.48955376600003, 33.830539771000076], [73.49245376600004, 33.833039771000074], [73.49495376600004, 33.83643977100007], [73.49805376600006, 33.83603977100006], [73.50105376600004, 33.83543977100004], [73.50365376600007, 33.834739771000045], [73.50545376600007, 33.83343977100003], [73.50235376600006, 33.83143977100008], [73.49755376600007, 33.83063977100005], [73.49445376600005, 33.82803977100008], [73.49195376600005, 33.82493977100006], [73.48985376600007, 33.822839771000076], [73.48645376600007, 33.82113977100005], [73.48715376600006, 33.82403977100006], [73.48645376600007, 33.82693977100007], [73.48375376600006, 33.831039771000064], [73.48025376600003, 33.83553977100007], [73.47645376600008, 33.84053977100007], [73.47325376600008, 33.84433977100008], [73.47055376600008, 33.849539771000025], [73.46795376600005, 33.85593977100007], [73.46675376600007, 33.86023977100007], [73.46535376600008, 33.86303977100005], [73.46355376600008, 33.86683977100006], [73.46135376600006, 33.87103977100003], [73.46025376600005, 33.87373977100003], [73.46005376600004, 33.87653977100007], [73.46185376600005, 33.87913977100004], [73.46485376600003, 33.88003977100004], [73.46835376600006, 33.88113977100005], [73.47235376600008, 33.88163977100004], [73.47515376600006, 33.88303977100003], [73.47765376600006, 33.88593977100004], [73.49315376600003, 33.887839771000074], [73.49635376600008, 33.88763977100007], [73.50025376600007, 33.88823977100003], [73.50325376600006, 33.88913977100003], [73.50645376600005, 33.889539771000045], [73.51005376600006, 33.889239771000064], [73.51345376600005, 33.888739771000076], [73.51735376600004, 33.887539771000036], [73.52285376600008, 33.88733977100003], [73.52625376600008, 33.88733977100003], [73.52965376600008, 33.88733977100003], [73.53335376600006, 33.88703977100005]]]}}, {"type": "Feature", "properties": {"uc": "KAROR", "tehsil": "Kotli Sattian Tehsil", "town": "", "expected_cases": 0.0, "historical_cases": 3, "alert": "Green"}, "geometry": {"type": "Polygon", "coordinates": [[[73.42825376600007, 33.797339771000054], [73.43035376600005, 33.794739771000025], [73.43055376600006, 33.79173977100004], [73.42995376600004, 33.78833977100004], [73.42595376600008, 33.78123977100006], [73.42485376600007, 33.77783977100006], [73.42165376600008, 33.77613977100003], [73.41715376600007, 33.77433977100003], [73.41585376600005, 33.77153977100005], [73.41495376600005, 33.76873977100007], [73.41265376600006, 33.76563977100005], [73.40905376600006, 33.76143977100003], [73.40635376600005, 33.75853977100007], [73.40305376600008, 33.75423977100007], [73.40075376600004, 33.75143977100004], [73.39745376600007, 33.74813977100007], [73.39395376600004, 33.74703977100006], [73.39175376600008, 33.74893977100004], [73.39105376600008, 33.751139771000055], [73.38765376600003, 33.75203977100006], [73.38435376600006, 33.749139771000046], [73.38125376600004, 33.74433977100006], [73.38085376600003, 33.74163977100005], [73.38345376600006, 33.74153977100008], [73.38875376600004, 33.741939771000034], [73.39265376600008, 33.741939771000034], [73.39565376600007, 33.741939771000034], [73.39785376600008, 33.740039771000056], [73.39585376600007, 33.73353977100004], [73.39435376600005, 33.72993977100003], [73.39105376600008, 33.72673977100004], [73.38875376600004, 33.72353977100005], [73.38505376600006, 33.72073977100007], [73.38055376600005, 33.71503977100008], [73.37585376600003, 33.70813977100005], [73.37285376600005, 33.703439771000035], [73.37105376600005, 33.70243977100006], [73.36825376600007, 33.70533977100007], [73.36565376600004, 33.70623977100007], [73.36245376600004, 33.70623977100007], [73.35885376600004, 33.70623977100007], [73.35625376600007, 33.70653977100005], [73.35175376600006, 33.707439771000054], [73.34795376600005, 33.70863977100004], [73.34555376600008, 33.71053977100007], [73.34235376600003, 33.714039771000046], [73.34135376600005, 33.71703977100003], [73.34045376600005, 33.72053977100006], [73.33775376600005, 33.727139771000054], [73.34205376600005, 33.72563977100003], [73.34535376600007, 33.72673977100004], [73.34735376600008, 33.728639771000076], [73.34805376600008, 33.732939771000076], [73.34805376600008, 33.737139771000045], [73.34725376600005, 33.739939771000024], [73.34195376600007, 33.75303977100003], [73.34675376600006, 33.75433977100005], [73.34935376600004, 33.75583977100007], [73.35165376600008, 33.75763977100007], [73.35325376600008, 33.76043977100005], [73.35275376600003, 33.76403977100006], [73.35185376600003, 33.76723977100005], [73.34875376600007, 33.768839771000046], [73.34565376600005, 33.769939771000054], [73.34245376600006, 33.77043977100004], [73.33995376600006, 33.770539771000074], [73.33725376600006, 33.77233977100008], [73.33755376600004, 33.77643977100007], [73.33775376600005, 33.77883977100004], [73.33695376600008, 33.78213977100006], [73.33675376600007, 33.78523977100008], [73.33935376600004, 33.78663977100007], [73.34275376600004, 33.787039771000025], [73.34605376600007, 33.787939771000026], [73.34865376600004, 33.78893977100006], [73.35065376600005, 33.79063977100003], [73.35445376600006, 33.79283977100005], [73.35705376600004, 33.794839771000056], [73.35875376600006, 33.79653977100003], [73.36155376600004, 33.79663977100006], [73.36555376600006, 33.79553977100005], [73.36895376600006, 33.79523977100007], [73.37215376600005, 33.795439771000076], [73.37535376600005, 33.79663977100006], [73.37865376600007, 33.798739771000044], [73.38185376600006, 33.80173977100003], [73.38365376600007, 33.80423977100003], [73.38625376600004, 33.80663977100005], [73.39045376600006, 33.81053977100004], [73.39375376600003, 33.81343977100005], [73.39665376600004, 33.81493977100007], [73.39995376600007, 33.81483977100004], [73.40225376600006, 33.814239771000075], [73.40575376600003, 33.81243977100007], [73.40915376600003, 33.81063977100007], [73.41315376600005, 33.808839771000066], [73.41655376600005, 33.80763977100003], [73.42245376600005, 33.80473977100007], [73.42635376600003, 33.80203977100007], [73.42745376600004, 33.79943977100004], [73.42825376600007, 33.797339771000054]]]}}, {"type": "Feature", "properties": {"uc": "KOTLI SATTIAN", "tehsil": "Kotli Sattian Tehsil", "town": "", "expected_cases": 0.0, "historical_cases": 10, "alert": "Green"}, "geometry": {"type": "Polygon", "coordinates": [[[73.53805376600008, 33.796839771000066], [73.53705376600004, 33.79383977100008], [73.53455376600004, 33.791339771000025], [73.53175376600007, 33.78923977100004], [73.53205376600005, 33.78573977100007], [73.53305376600008, 33.78373977100006], [73.53265376600007, 33.78173977100005], [73.52945376600007, 33.781339771000034], [73.52685376600004, 33.78043977100003], [73.52665376600004, 33.77803977100007], [73.52525376600005, 33.77553977100007], [73.52255376600004, 33.77313977100005], [73.51845376600005, 33.77203977100004], [73.51655376600007, 33.768239771000026], [73.51525376600006, 33.76603977100007], [73.51265376600003, 33.76583977100006], [73.50895376600005, 33.76243977100006], [73.50585376600003, 33.76003977100004], [73.50155376600003, 33.757439771000065], [73.49725376600003, 33.75693977100008], [73.49195376600005, 33.75763977100007], [73.48795376600003, 33.75853977100007], [73.48495376600005, 33.75903977100006], [73.48245376600005, 33.75933977100004], [73.47985376600008, 33.76103977100007], [73.47775376600003, 33.762839771000074], [73.47695376600007, 33.76573977100003], [73.47625376600007, 33.76963977100007], [73.47615376600004, 33.77293977100004], [73.47645376600008, 33.775939771000026], [73.47755376600003, 33.77923977100005], [73.48095376600008, 33.781439771000066], [73.48275376600003, 33.78413977100007], [73.48165376600008, 33.787939771000026], [73.47815376600005, 33.79383977100008], [73.47735376600008, 33.79773977100007], [73.47995376600005, 33.80323977100005], [73.48255376600008, 33.80713977100004], [73.48365376600003, 33.809639771000036], [73.48415376600008, 33.818739771000025], [73.48645376600007, 33.82113977100005], [73.48985376600007, 33.822839771000076], [73.49195376600005, 33.82493977100006], [73.49445376600005, 33.82803977100008], [73.49755376600007, 33.83063977100005], [73.50235376600006, 33.83143977100008], [73.50545376600007, 33.83343977100003], [73.50895376600005, 33.83353977100006], [73.51175376600008, 33.833039771000074], [73.51475376600007, 33.831939771000066], [73.51695376600003, 33.83153977100005], [73.51985376600004, 33.829939771000056], [73.52295376600006, 33.82793977100005], [73.52195376600008, 33.82353977100007], [73.51985376600004, 33.82103977100007], [73.52145376600004, 33.81833977100007], [73.52325376600004, 33.81613977100005], [73.52625376600008, 33.81353977100002], [73.53095376600004, 33.81053977100004], [73.53495376600006, 33.80783977100003], [73.53335376600006, 33.80553977100004], [73.52945376600007, 33.80463977100004], [73.52655376600006, 33.80493977100008], [73.52435376600005, 33.80573977100005], [73.52155376600007, 33.80753977100005], [73.51935376600005, 33.80893977100004], [73.51725376600007, 33.80893977100004], [73.51535376600003, 33.80763977100003], [73.51795376600006, 33.80493977100008], [73.52155376600007, 33.80293977100007], [73.52385376600006, 33.80173977100003], [73.52745376600006, 33.80083977100003], [73.53205376600005, 33.799039771000025], [73.53545376600005, 33.79783977100004], [73.53805376600008, 33.796839771000066]]]}}, {"type": "Feature", "properties": {"uc": "LEHTRAR BALA", "tehsil": "Kotli Sattian Tehsil", "town": "", "expected_cases": 0.0, "historical_cases": 2, "alert": "Green"}, "geometry": {"type": "Polygon", "coordinates": [[[73.47015376600007, 33.74383977100007], [73.46935376600004, 33.73983977100005], [73.46895376600008, 33.734839771000054], [73.46655376600006, 33.73043977100008], [73.46475376600006, 33.727439771000036], [73.46345376600004, 33.72563977100003], [73.46185376600005, 33.72413977100007], [73.46065376600006, 33.720939771000076], [73.45905376600007, 33.71853977100005], [73.45675376600008, 33.71703977100003], [73.45305376600004, 33.71593977100002], [73.44955376600007, 33.715439771000035], [73.44505376600006, 33.716039771000055], [73.44085376600003, 33.71673977100005], [73.43835376600003, 33.71473977100004], [73.43775376600007, 33.71073977100008], [73.43875376600005, 33.70723977100005], [73.43965376600005, 33.70443977100007], [73.43965376600005, 33.699239771000066], [73.43915376600006, 33.69553977100003], [73.43815376600008, 33.69213977100003], [73.43705376600008, 33.69023977100005], [73.43445376600005, 33.68893977100004], [73.43145376600006, 33.688039771000035], [73.42855376600005, 33.68743977100007], [73.42535376600006, 33.68643977100004], [73.42265376600005, 33.686639771000046], [73.42145376600007, 33.690339771000026], [73.42195376600006, 33.69333977100007], [73.42275376600008, 33.69553977100003], [73.42425376600005, 33.69843977100004], [73.42455376600003, 33.70193977100007], [73.42155376600005, 33.70253977100003], [73.41825376600008, 33.70103977100007], [73.41505376600003, 33.699239771000066], [73.41185376600004, 33.69813977100006], [73.40835376600006, 33.69743977100006], [73.40425376600007, 33.697739771000045], [73.39975376600006, 33.69933977100004], [73.39315376600007, 33.70103977100007], [73.38935376600006, 33.70313977100005], [73.38545376600007, 33.70423977100006], [73.38185376600006, 33.704339771000036], [73.37945376600004, 33.70453977100004], [73.37635376600008, 33.70453977100004], [73.37285376600005, 33.703439771000035], [73.37585376600003, 33.70813977100005], [73.38055376600005, 33.71503977100008], [73.38505376600006, 33.72073977100007], [73.38875376600004, 33.72353977100005], [73.39105376600008, 33.72673977100004], [73.39435376600005, 33.72993977100003], [73.39585376600007, 33.73353977100004], [73.39785376600008, 33.740039771000056], [73.39565376600007, 33.741939771000034], [73.39265376600008, 33.741939771000034], [73.38875376600004, 33.741939771000034], [73.38345376600006, 33.74153977100008], [73.38085376600003, 33.74163977100005], [73.38125376600004, 33.74433977100006], [73.38435376600006, 33.749139771000046], [73.38765376600003, 33.75203977100006], [73.39105376600008, 33.751139771000055], [73.39175376600008, 33.74893977100004], [73.39395376600004, 33.74703977100006], [73.39745376600007, 33.74813977100007], [73.40075376600004, 33.75143977100004], [73.40305376600008, 33.75423977100007], [73.40635376600005, 33.75853977100007], [73.40905376600006, 33.76143977100003], [73.41265376600006, 33.76563977100005], [73.41495376600005, 33.76873977100007], [73.41585376600005, 33.77153977100005], [73.41715376600007, 33.77433977100003], [73.42165376600008, 33.77613977100003], [73.42485376600007, 33.77783977100006], [73.42595376600008, 33.78123977100006], [73.42995376600004, 33.78833977100004], [73.43175376600004, 33.78633977100003], [73.43525376600007, 33.78663977100007], [73.44035376600004, 33.78933977100007], [73.44285376600004, 33.78983977100006], [73.44655376600008, 33.78833977100004], [73.44995376600008, 33.78783977100005], [73.45355376600008, 33.787739771000076], [73.45755376600005, 33.78813977100003], [73.45965376600003, 33.787639771000045], [73.45805376600003, 33.78573977100007], [73.45525376600006, 33.78353977100005], [73.45195376600003, 33.781939771000054], [73.44955376600007, 33.78013977100005], [73.44745376600008, 33.77783977100006], [73.44535376600004, 33.77543977100004], [73.44265376600003, 33.772839771000065], [73.44285376600004, 33.76913977100003], [73.44555376600005, 33.76783977100007], [73.44845376600006, 33.768239771000026], [73.45015376600003, 33.769339771000034], [73.45255376600005, 33.77093977100003], [73.45455376600006, 33.76983977100008], [73.45575376600004, 33.76753977100003], [73.45735376600004, 33.76563977100005], [73.47015376600007, 33.74383977100007]]]}}, {"type": "Feature", "properties": {"uc": "MALOT SATIAN", "tehsil": "Kotli Sattian Tehsil", "town": "", "expected_cases": 0.0, "historical_cases": 3, "alert": "Green"}, "geometry": {"type": "Polygon", "coordinates": [[[73.57365376600006, 33.834739771000045], [73.56295376600008, 33.84173977100005], [73.56025376600007, 33.842739771000026], [73.55695376600005, 33.84353977100005], [73.55405376600004, 33.84513977100005], [73.55185376600008, 33.84803977100006], [73.55085376600005, 33.85203977100008], [73.55115376600008, 33.85683977100007], [73.55085376600005, 33.859339771000066], [73.54855376600005, 33.861839771000064], [73.54675376600005, 33.864939771000024], [73.54505376600008, 33.869839771000045], [73.54265376600006, 33.872739771000056], [73.53985376600008, 33.87433977100005], [73.53775376600004, 33.87513977100008], [73.53575376600008, 33.87663977100004], [73.53445376600007, 33.88073977100004], [73.53335376600006, 33.884639771000025], [73.53335376600006, 33.88703977100005], [73.53405376600006, 33.88933977100004], [73.53345376600004, 33.89193977100007], [73.53375376600007, 33.895739771000024], [73.53515376600006, 33.89843977100003], [73.53695376600007, 33.90043977100004], [73.53905376600005, 33.90183977100003], [73.54085376600005, 33.90313977100004], [73.54265376600006, 33.90443977100006], [73.54485376600007, 33.906339771000034], [73.54755376600008, 33.90313977100004], [73.54795376600003, 33.89973977100004], [73.54785376600006, 33.89683977100003], [73.54855376600005, 33.891839771000036], [73.54935376600008, 33.88563977100006], [73.54975376600004, 33.88273977100005], [73.55005376600008, 33.87943977100008], [73.55015376600005, 33.87563977100007], [73.54925376600005, 33.87233977100004], [73.54895376600007, 33.87053977100004], [73.54935376600008, 33.86853977100003], [73.55035376600006, 33.86603977100003], [73.55315376600004, 33.866939771000034], [73.55995376600004, 33.87083977100008], [73.55955376600008, 33.87403977100007], [73.55885376600008, 33.87863977100005], [73.55785376600005, 33.881539771000064], [73.55695376600005, 33.88423977100007], [73.55655376600004, 33.88633977100005], [73.55565376600003, 33.890139771000065], [73.55495376600004, 33.89263977100006], [73.55455376600008, 33.89603977100006], [73.55415376600007, 33.900739771000076], [73.55415376600007, 33.90423977100005], [73.55435376600008, 33.90763977100005], [73.55675376600004, 33.90963977100006], [73.55605376600005, 33.91173977100004], [73.55385376600003, 33.915439771000024], [73.55265376600005, 33.92003977100006], [73.55285376600006, 33.92413977100006], [73.55355376600005, 33.928039771000044], [73.55255376600007, 33.931539771000075], [73.55285376600006, 33.935139771000024], [73.56245376600003, 33.92613977100007], [73.56975376600008, 33.91473977100003], [73.57385376600007, 33.91003977100007], [73.57775376600006, 33.905539771000065], [73.58355376600008, 33.894439771000066], [73.58555376600003, 33.88193977100008], [73.58475376600006, 33.871339771000066], [73.58285376600008, 33.86193977100004], [73.57555376600004, 33.84113977100003], [73.57365376600006, 33.834739771000045]]]}}, {"type": "Feature", "properties": {"uc": "SANTHA SAROOLA", "tehsil": "Kotli Sattian Tehsil", "town": "", "expected_cases": 0.0, "historical_cases": 7, "alert": "Green"}, "geometry": {"type": "Polygon", "coordinates": [[[73.57365376600006, 33.834739771000045], [73.57275376600006, 33.831339771000046], [73.57195376600004, 33.82663977100003], [73.57085376600008, 33.82083977100007], [73.56795376600007, 33.81323977100004], [73.55325376600007, 33.81923977100007], [73.54855376600005, 33.818539771000076], [73.54515376600006, 33.81583977100007], [73.54455376600004, 33.81233977100004], [73.54465376600007, 33.80983977100004], [73.54345376600008, 33.80633977100007], [73.54165376600008, 33.803139771000076], [73.53985376600008, 33.80033977100004], [73.53805376600008, 33.796839771000066], [73.53545376600005, 33.79783977100004], [73.53205376600005, 33.799039771000025], [73.52745376600006, 33.80083977100003], [73.52385376600006, 33.80173977100003], [73.52155376600007, 33.80293977100007], [73.51795376600006, 33.80493977100008], [73.51535376600003, 33.80763977100003], [73.51725376600007, 33.80893977100004], [73.51935376600005, 33.80893977100004], [73.52155376600007, 33.80753977100005], [73.52435376600005, 33.80573977100005], [73.52655376600006, 33.80493977100008], [73.52945376600007, 33.80463977100004], [73.53335376600006, 33.80553977100004], [73.53495376600006, 33.80783977100003], [73.53095376600004, 33.81053977100004], [73.52625376600008, 33.81353977100002], [73.52325376600004, 33.81613977100005], [73.52145376600004, 33.81833977100007], [73.51985376600004, 33.82103977100007], [73.52195376600008, 33.82353977100007], [73.52295376600006, 33.82793977100005], [73.51985376600004, 33.829939771000056], [73.51695376600003, 33.83153977100005], [73.51475376600007, 33.831939771000066], [73.51175376600008, 33.833039771000074], [73.50895376600005, 33.83353977100006], [73.50545376600007, 33.83343977100003], [73.50365376600007, 33.834739771000045], [73.50105376600004, 33.83543977100004], [73.49805376600006, 33.83603977100006], [73.49495376600004, 33.83643977100007], [73.49245376600004, 33.833039771000074], [73.48955376600003, 33.830539771000076], [73.48805376600006, 33.831839771000034], [73.48695376600006, 33.83493977100005], [73.48455376600003, 33.83723977100004], [73.48385376600004, 33.84093977100002], [73.48365376600003, 33.84313977100004], [73.48315376600004, 33.84563977100004], [73.48245376600005, 33.84883977100003], [73.48315376600004, 33.85193977100005], [73.48545376600003, 33.852439771000036], [73.48795376600003, 33.85323977100006], [73.49095376600008, 33.85493977100003], [73.49295376600008, 33.856439771000055], [73.49485376600006, 33.85773977100007], [73.50155376600003, 33.85993977100003], [73.50495376600003, 33.85963977100005], [73.50815376600008, 33.85973977100008], [73.51125376600004, 33.861239771000044], [73.51515376600008, 33.86253977100006], [73.51875376600003, 33.86343977100006], [73.52135376600006, 33.865639771000076], [73.52335376600007, 33.86823977100005], [73.52575376600004, 33.87063977100007], [73.52735376600003, 33.87293977100006], [73.52895376600003, 33.875839771000074], [73.53075376600003, 33.880139771000074], [73.53335376600006, 33.884639771000025], [73.53445376600007, 33.88073977100004], [73.53575376600008, 33.87663977100004], [73.53775376600004, 33.87513977100008], [73.53985376600008, 33.87433977100005], [73.54265376600006, 33.872739771000056], [73.54505376600008, 33.869839771000045], [73.54675376600005, 33.864939771000024], [73.54855376600005, 33.861839771000064], [73.55085376600005, 33.859339771000066], [73.55115376600008, 33.85683977100007], [73.55085376600005, 33.85203977100008], [73.55185376600008, 33.84803977100006], [73.55405376600004, 33.84513977100005], [73.55695376600005, 33.84353977100005], [73.56025376600007, 33.842739771000026], [73.56295376600008, 33.84173977100005], [73.57365376600006, 33.834739771000045]]]}}, {"type": "Feature", "properties": {"uc": "WAHGAL", "tehsil": "Kotli Sattian Tehsil", "town": "", "expected_cases": 0.0, "historical_cases": 5, "alert": "Green"}, "geometry": {"type": "Polygon", "coordinates": [[[73.55285376600006, 33.935139771000024], [73.55255376600007, 33.931539771000075], [73.55355376600005, 33.928039771000044], [73.55285376600006, 33.92413977100006], [73.55265376600005, 33.92003977100006], [73.55385376600003, 33.915439771000024], [73.55605376600005, 33.91173977100004], [73.55675376600004, 33.90963977100006], [73.55435376600008, 33.90763977100005], [73.55415376600007, 33.90423977100005], [73.55415376600007, 33.900739771000076], [73.55455376600008, 33.89603977100006], [73.55495376600004, 33.89263977100006], [73.55565376600003, 33.890139771000065], [73.55655376600004, 33.88633977100005], [73.55695376600005, 33.88423977100007], [73.55785376600005, 33.881539771000064], [73.55885376600008, 33.87863977100005], [73.55955376600008, 33.87403977100007], [73.55995376600004, 33.87083977100008], [73.55315376600004, 33.866939771000034], [73.55035376600006, 33.86603977100003], [73.54935376600008, 33.86853977100003], [73.54895376600007, 33.87053977100004], [73.54925376600005, 33.87233977100004], [73.55015376600005, 33.87563977100007], [73.55005376600008, 33.87943977100008], [73.54975376600004, 33.88273977100005], [73.54935376600008, 33.88563977100006], [73.54855376600005, 33.891839771000036], [73.54785376600006, 33.89683977100003], [73.54795376600003, 33.89973977100004], [73.54755376600008, 33.90313977100004], [73.54485376600007, 33.906339771000034], [73.54265376600006, 33.90443977100006], [73.54085376600005, 33.90313977100004], [73.53905376600005, 33.90183977100003], [73.53695376600007, 33.90043977100004], [73.53515376600006, 33.89843977100003], [73.53375376600007, 33.895739771000024], [73.53345376600004, 33.89193977100007], [73.53405376600006, 33.88933977100004], [73.53335376600006, 33.88703977100005], [73.52965376600008, 33.88733977100003], [73.52625376600008, 33.88733977100003], [73.52285376600008, 33.88733977100003], [73.51735376600004, 33.887539771000036], [73.51345376600005, 33.888739771000076], [73.51005376600006, 33.889239771000064], [73.50645376600005, 33.889539771000045], [73.50325376600006, 33.88913977100003], [73.50025376600007, 33.88823977100003], [73.49635376600008, 33.88763977100007], [73.49315376600003, 33.887839771000074], [73.47765376600006, 33.88593977100004], [73.48095376600008, 33.888939771000025], [73.48315376600004, 33.890939771000035], [73.48565376600004, 33.89393977100008], [73.48785376600006, 33.89683977100003], [73.49165376600007, 33.902139771000066], [73.49705376600008, 33.910339771000054], [73.49985376600006, 33.91483977100006], [73.50395376600005, 33.92073977100006], [73.50585376600003, 33.924339771000064], [73.50775376600006, 33.92713977100004], [73.51095376600006, 33.93123977100004], [73.51235376600005, 33.935239771000056], [73.51665376600005, 33.93673977100008], [73.52075376600004, 33.93903977100007], [73.52575376600004, 33.94163977100004], [73.52815376600006, 33.943439771000044], [73.53015376600007, 33.94553977100003], [73.53535376600007, 33.94903977100006], [73.53935376600003, 33.95133977100005], [73.55285376600006, 33.935139771000024]]]}}, {"type": "Feature", "properties": {"uc": "KAHUTA-I", "tehsil": "Kahuta Tehsil", "town": "", "expected_cases": 0.0, "historical_cases": 76, "alert": "Yellow"}, "geometry": {"type": "Polygon", "coordinates": [[[73.33105376600008, 33.66513977100004], [73.35925376600005, 33.64283977100007], [73.36615376600008, 33.63493977100006], [73.37445376600004, 33.62623977100003], [73.37795376600008, 33.62403977100007], [73.37835376600003, 33.62193977100003], [73.37935376600007, 33.618439771000055], [73.38025376600007, 33.615639771000076], [73.38285376600004, 33.610639771000024], [73.38555376600004, 33.607039771000075], [73.39415376600004, 33.61143977100005], [73.40305376600008, 33.61573977100005], [73.40885376600005, 33.614939771000024], [73.41195376600007, 33.61363977100007], [73.41485376600008, 33.60743977100003], [73.41765376600006, 33.59973977100003], [73.41635376600004, 33.595339771000056], [73.41485376600008, 33.59153977100004], [73.41095376600003, 33.58793977100004], [73.40665376600003, 33.58563977100005], [73.40325376600003, 33.58373977100007], [73.40125376600008, 33.58223977100005], [73.39895376600003, 33.58093977100003], [73.39455376600006, 33.57893977100008], [73.39065376600007, 33.57833977100006], [73.38605376600003, 33.57913977100003], [73.38315376600008, 33.58003977100003], [73.37895376600005, 33.58123977100007], [73.37575376600006, 33.58553977100007], [73.37425376600004, 33.58883977100004], [73.37545376600008, 33.59363977100003], [73.37625376600005, 33.597339771000065], [73.37425376600004, 33.60053977100006], [73.37205376600008, 33.60493977100003], [73.37105376600005, 33.60693977100004], [73.37015376600004, 33.60943977100004], [73.36995376600004, 33.61243977100003], [73.37095376600007, 33.61433977100006], [73.30975376600003, 33.65853977100005], [73.31365376600007, 33.66043977100003], [73.31645376600005, 33.662039771000025], [73.31855376600004, 33.66383977100003], [73.32105376600003, 33.66573977100006], [73.32475376600007, 33.666339771000025], [73.32795376600006, 33.66653977100003], [73.33105376600008, 33.66513977100004]]]}}, {"type": "Feature", "properties": {"uc": "KAHUTA-II", "tehsil": "Kahuta Tehsil", "town": "", "expected_cases": 0.0, "historical_cases": 1, "alert": "Green"}, "geometry": {"type": "Polygon", "coordinates": [[[73.35925376600005, 33.64283977100007], [73.33105376600008, 33.66513977100004], [73.33715376600003, 33.66383977100003], [73.34105376600007, 33.663539771000046], [73.34385376600005, 33.66393977100006], [73.34765376600006, 33.664139771000066], [73.34975376600005, 33.661839771000075], [73.35195376600007, 33.66143977100006], [73.35405376600005, 33.66233977100006], [73.35685376600003, 33.66443977100005], [73.35825376600008, 33.66733977100006], [73.35815376600004, 33.66943977100004], [73.35815376600004, 33.671239771000046], [73.36605376600005, 33.66913977100006], [73.36895376600006, 33.668939771000055], [73.37195376600005, 33.66883977100008], [73.37485376600006, 33.66813977100003], [73.37855376600004, 33.66583977100004], [73.38295376600007, 33.66453977100008], [73.38555376600004, 33.66143977100006], [73.38185376600006, 33.659839771000065], [73.37975376600008, 33.65743977100004], [73.37935376600007, 33.65383977100004], [73.38175376600003, 33.651239771000064], [73.38325376600005, 33.650039771000024], [73.38215376600004, 33.64703977100004], [73.37985376600005, 33.64593977100003], [73.37585376600003, 33.64453977100004], [73.37175376600004, 33.64393977100008], [73.36735376600006, 33.64423977100006], [73.36265376600005, 33.64393977100008], [73.35925376600005, 33.64283977100007]]]}}, {"type": "Feature", "properties": {"uc": "GUJAR KHAN-II", "tehsil": "Gujar Khan Tehsil", "town": "", "expected_cases": 0.0, "historical_cases": 0, "alert": "Green"}, "geometry": {"type": "Polygon", "coordinates": [[[73.28705376600004, 33.24993977100007], [73.28525376600004, 33.24873977100003], [73.28465376600008, 33.24663977100005], [73.27705376600005, 33.24903977100007], [73.26965376600003, 33.249139771000046], [73.26915376600004, 33.253139771000065], [73.26905376600007, 33.256539771000064], [73.27645376600003, 33.257339771000034], [73.27645376600003, 33.26463977100008], [73.27685376600004, 33.26953977100004], [73.27955376600005, 33.27303977100007], [73.28175376600007, 33.27213977100007], [73.28465376600008, 33.270539771000074], [73.28405376600006, 33.26433977100004], [73.28385376600005, 33.259639771000025], [73.28545376600005, 33.25503977100004], [73.28705376600004, 33.24993977100007]]]}}, {"type": "Feature", "properties": {"uc": "GUJAR KHAN-III", "tehsil": "Gujar Khan Tehsil", "town": "", "expected_cases": 0.0, "historical_cases": 0, "alert": "Green"}, "geometry": {"type": "Polygon", "coordinates": [[[73.27685376600004, 33.26953977100004], [73.27645376600003, 33.26463977100008], [73.27645376600003, 33.257339771000034], [73.26905376600007, 33.256539771000064], [73.26795376600006, 33.26073977100003], [73.26255376600005, 33.26263977100007], [73.25975376600007, 33.26563977100005], [73.25965376600004, 33.26893977100008], [73.26415376600005, 33.27313977100005], [73.26935376600005, 33.271439771000075], [73.27685376600004, 33.26953977100004]]]}}, {"type": "Feature", "properties": {"uc": "GUJAR KHAN-I", "tehsil": "Gujar Khan Tehsil", "town": "", "expected_cases": 0.0, "historical_cases": 0, "alert": "Green"}, "geometry": {"type": "Polygon", "coordinates": [[[73.28465376600008, 33.24663977100005], [73.28605376600007, 33.24303977100004], [73.28755376600003, 33.24043977100007], [73.28825376600008, 33.237739771000065], [73.28515376600006, 33.23533977100004], [73.28205376600005, 33.234339771000066], [73.27805376600008, 33.239139771000055], [73.27665376600004, 33.24363977100006], [73.27235376600004, 33.24513977100003], [73.27045376600006, 33.24443977100003], [73.26965376600003, 33.249139771000046], [73.27705376600005, 33.24903977100007], [73.28465376600008, 33.24663977100005]]]}}, {"type": "Feature", "properties": {"uc": "SUKHO", "tehsil": "Gujar Khan Tehsil", "town": "", "expected_cases": 0.0, "historical_cases": 0, "alert": "Green"}, "geometry": {"type": "Polygon", "coordinates": [[[73.19975376600007, 33.276539771000046], [73.20125376600004, 33.27413977100008], [73.20385376600007, 33.270739771000024], [73.20435376600005, 33.26623977100007], [73.20345376600005, 33.262839771000074], [73.20325376600005, 33.25873977100008], [73.20005376600005, 33.255939771000044], [73.19675376600003, 33.255139771000074], [73.19335376600003, 33.25503977100004], [73.19055376600005, 33.25443977100008], [73.18675376600004, 33.25323977100004], [73.18235376600006, 33.25223977100006], [73.17955376600008, 33.25213977100003], [73.18045376600008, 33.24873977100003], [73.18135376600003, 33.24443977100003], [73.18135376600003, 33.24223977100007], [73.18065376600003, 33.23983977100005], [73.17975376600003, 33.23673977100003], [73.17795376600003, 33.23383977100008], [73.17635376600003, 33.231739771000036], [73.17465376600006, 33.227939771000024], [73.17315376600004, 33.22363977100002], [73.17255376600008, 33.21793977100003], [73.17165376600008, 33.21393977100007], [73.16805376600007, 33.21333977100005], [73.16395376600008, 33.21293977100004], [73.15715376600008, 33.21303977100007], [73.15355376600007, 33.20943977100006], [73.15105376600008, 33.20643977100008], [73.14745376600007, 33.204039771000055], [73.14475376600006, 33.20303977100008], [73.14205376600006, 33.20163977100003], [73.14295376600006, 33.20663977100003], [73.14275376600006, 33.21063977100005], [73.14105376600008, 33.21523977100003], [73.13655376600008, 33.216039771000055], [73.13535376600004, 33.21863977100003], [73.13885376600007, 33.22243977100004], [73.14055376600004, 33.22473977100003], [73.14425376600008, 33.22893977100006], [73.14625376600003, 33.232039771000075], [73.14705376600006, 33.23413977100006], [73.14895376600003, 33.23783977100004], [73.15155376600006, 33.24173977100003], [73.15435376600004, 33.24533977100003], [73.15735376600003, 33.24903977100007], [73.15985376600008, 33.25093977100005], [73.16255376600003, 33.25103977100002], [73.16275376600004, 33.24813977100007], [73.16385376600005, 33.24533977100003], [73.16545376600004, 33.24353977100003], [73.16785376600006, 33.241439771000046], [73.17085376600005, 33.24013977100003], [73.17125376600006, 33.244039771000075], [73.17165376600008, 33.24813977100007], [73.17175376600005, 33.25183977100005], [73.17425376600005, 33.25363977100005], [73.17145376600007, 33.256039771000076], [73.16905376600005, 33.25793977100005], [73.16755376600008, 33.26013977100007], [73.16755376600008, 33.263139771000056], [73.16795376600004, 33.26843977100003], [73.16545376600004, 33.26983977100008], [73.16485376600008, 33.272839771000065], [73.16435376600003, 33.27583977100005], [73.16335376600006, 33.280839771000046], [73.16325376600008, 33.28453977100003], [73.16635376600004, 33.28523977100008], [73.16945376600006, 33.28453977100003], [73.16955376600004, 33.28693977100005], [73.16965376600007, 33.291339771000025], [73.17015376600006, 33.29523977100007], [73.17055376600007, 33.29943977100004], [73.17075376600008, 33.302539771000056], [73.17195376600006, 33.30633977100007], [73.17325376600007, 33.30903977100007], [73.17405376600004, 33.31193977100003], [73.17745376600004, 33.312239771000066], [73.17845376600008, 33.30813977100007], [73.18025376600008, 33.302439771000024], [73.18115376600008, 33.30033977100004], [73.18275376600008, 33.30213977100004], [73.18545376600008, 33.30283977100004], [73.18855376600004, 33.299039771000025], [73.18915376600006, 33.29513977100004], [73.19185376600007, 33.290239771000074], [73.19265376600003, 33.28753977100007], [73.19255376600006, 33.28443977100005], [73.19005376600006, 33.28003977100008], [73.18765376600004, 33.277939771000035], [73.18875376600005, 33.275139771000056], [73.19115376600007, 33.274239771000055], [73.19425376600003, 33.27443977100006], [73.19975376600007, 33.276539771000046]]]}}, {"type": "Feature", "properties": {"uc": "DEWAL", "tehsil": "Murree Tehsil", "town": "", "expected_cases": 0.0, "historical_cases": 0, "alert": "Green"}, "geometry": {"type": "Polygon", "coordinates": [[[73.52995376600006, 33.975739771000065], [73.52155376600007, 33.97893977100006], [73.51965376600003, 33.979439771000045], [73.51795376600006, 33.98113977100007], [73.51505376600005, 33.98383977100008], [73.51205376600007, 33.98453977100007], [73.50925376600003, 33.98553977100005], [73.50285376600004, 33.98353977100004], [73.50065376600008, 33.98133977100008], [73.49715376600005, 33.978039771000056], [73.49415376600007, 33.982839771000044], [73.49115376600008, 33.98473977100008], [73.48845376600008, 33.98603977100004], [73.48605376600005, 33.98663977100006], [73.48355376600006, 33.987139771000045], [73.48205376600004, 33.98553977100005], [73.48145376600007, 33.98353977100004], [73.47975376600004, 33.980839771000035], [73.47695376600007, 33.982039771000075], [73.47495376600006, 33.984339771000066], [73.47555376600008, 33.98793977100007], [73.47715376600007, 33.99043977100007], [73.47905376600005, 33.99163977100005], [73.48055376600007, 33.99383977100007], [73.48135376600004, 33.99643977100004], [73.48175376600005, 33.99933977100005], [73.48375376600006, 34.00073977100004], [73.48585376600005, 34.001139771000055], [73.48815376600004, 34.00043977100006], [73.49055376600006, 33.999739771000066], [73.49255376600007, 33.998539771000026], [73.49375376600005, 33.999739771000066], [73.49395376600006, 34.00213977100003], [73.49205376600008, 34.00273977100005], [73.48955376600003, 34.00353977100008], [73.48705376600003, 34.004839771000036], [73.48395376600007, 34.00553977100003], [73.48145376600007, 34.00773977100005], [73.47695376600007, 34.00933977100004], [73.47565376600005, 34.01243977100006], [73.47405376600005, 34.01353977100007], [73.47145376600008, 34.013139771000056], [73.47225376600005, 34.01623977100007], [73.47555376600008, 34.01553977100008], [73.47935376600003, 34.015939771000035], [73.48285376600006, 34.017439771000056], [73.48695376600006, 34.01813977100005], [73.49055376600006, 34.018239771000026], [73.49345376600007, 34.018239771000026], [73.49715376600005, 34.01783977100007], [73.50055376600005, 34.017339771000024], [73.50325376600006, 34.01723977100005], [73.50675376600003, 34.017439771000056], [73.51155376600008, 34.01763977100006], [73.51395376600004, 34.01123977100008], [73.51635376600007, 34.001139771000055], [73.52915376600004, 33.978039771000056], [73.52995376600006, 33.975739771000065]]]}}, {"type": "Feature", "properties": {"uc": "PHAGWARI", "tehsil": "Murree Tehsil", "town": "", "expected_cases": 0.0, "historical_cases": 8, "alert": "Green"}, "geometry": {"type": "Polygon", "coordinates": [[[73.52995376600006, 33.975739771000065], [73.53505376600003, 33.961239771000066], [73.52405376600007, 33.959739771000045], [73.51995376600007, 33.958239771000024], [73.51685376600005, 33.95963977100007], [73.51785376600003, 33.96333977100005], [73.51635376600007, 33.96563977100004], [73.51385376600007, 33.96713977100006], [73.51175376600008, 33.968339771000046], [73.50935376600006, 33.96873977100006], [73.50625376600004, 33.969439771000054], [73.50315376600008, 33.96903977100004], [73.49945376600004, 33.96853977100005], [73.49725376600003, 33.96763977100005], [73.49375376600005, 33.966839771000025], [73.49005376600007, 33.965739771000074], [73.48605376600005, 33.96433977100003], [73.48235376600007, 33.962339771000075], [73.47855376600006, 33.960339771000065], [73.47565376600005, 33.958339771000055], [73.47245376600006, 33.95533977100007], [73.46945376600007, 33.95253977100003], [73.46935376600004, 33.95783977100007], [73.46915376600003, 33.962639771000056], [73.46955376600005, 33.965439771000035], [73.46945376600007, 33.967739771000026], [73.46895376600008, 33.97063977100004], [73.46705376600005, 33.97463977100006], [73.46855376600007, 33.97623977100005], [73.47245376600006, 33.97763977100004], [73.47555376600008, 33.97813977100003], [73.47805376600007, 33.97873977100005], [73.47975376600004, 33.980839771000035], [73.48145376600007, 33.98353977100004], [73.48205376600004, 33.98553977100005], [73.48355376600006, 33.987139771000045], [73.48605376600005, 33.98663977100006], [73.48845376600008, 33.98603977100004], [73.49115376600008, 33.98473977100008], [73.49415376600007, 33.982839771000044], [73.49715376600005, 33.978039771000056], [73.50065376600008, 33.98133977100008], [73.50285376600004, 33.98353977100004], [73.50925376600003, 33.98553977100005], [73.51205376600007, 33.98453977100007], [73.51505376600005, 33.98383977100008], [73.51795376600006, 33.98113977100007], [73.51965376600003, 33.979439771000045], [73.52155376600007, 33.97893977100006], [73.52995376600006, 33.975739771000065]]]}}, {"type": "Feature", "properties": {"uc": "POTHA", "tehsil": "Murree Tehsil", "town": "", "expected_cases": 0.0, "historical_cases": 1, "alert": "Green"}, "geometry": {"type": "Polygon", "coordinates": [[[73.51175376600008, 33.94933977100004], [73.50955376600007, 33.94893977100003], [73.50715376600004, 33.94933977100004], [73.50445376600004, 33.94993977100006], [73.50465376600005, 33.94623977100008], [73.50455376600007, 33.94253977100004], [73.50455376600007, 33.94073977100004], [73.50165376600006, 33.93753977100005], [73.49955376600008, 33.934639771000036], [73.49755376600007, 33.93253977100005], [73.49555376600006, 33.930639771000074], [73.49155376600004, 33.92993977100008], [73.48725376600004, 33.928939771000046], [73.48255376600008, 33.92913977100005], [73.47855376600006, 33.93043977100007], [73.47545376600004, 33.93103977100003], [73.47275376600004, 33.930639771000074], [73.46995376600006, 33.92973977100007], [73.46915376600003, 33.93303977100004], [73.46965376600008, 33.935739771000044], [73.47235376600008, 33.938339771000074], [73.47505376600003, 33.94123977100003], [73.47675376600006, 33.94413977100004], [73.47835376600005, 33.94683977100004], [73.47625376600007, 33.94793977100005], [73.47435376600004, 33.94873977100008], [73.47155376600006, 33.947739771000045], [73.46925376600007, 33.94663977100004], [73.46675376600007, 33.945739771000035], [73.46425376600007, 33.94473977100006], [73.45985376600004, 33.94273977100005], [73.46055376600003, 33.94643977100003], [73.46155376600007, 33.950039771000036], [73.46235376600004, 33.952639771000065], [73.46405376600006, 33.95653977100005], [73.46635376600005, 33.95953977100004], [73.46915376600003, 33.962639771000056], [73.46935376600004, 33.95783977100007], [73.46945376600007, 33.95253977100003], [73.47245376600006, 33.95533977100007], [73.47565376600005, 33.958339771000055], [73.47855376600006, 33.960339771000065], [73.48235376600007, 33.962339771000075], [73.48605376600005, 33.96433977100003], [73.49005376600007, 33.965739771000074], [73.49375376600005, 33.966839771000025], [73.49725376600003, 33.96763977100005], [73.49945376600004, 33.96853977100005], [73.50055376600005, 33.96673977100005], [73.50155376600003, 33.964539771000034], [73.49995376600003, 33.96073977100008], [73.50255376600006, 33.96013977100006], [73.50505376600006, 33.96013977100006], [73.50825376600005, 33.95983977100008], [73.51095376600006, 33.958339771000055], [73.51325376600005, 33.95523977100004], [73.51325376600005, 33.95183977100004], [73.51175376600008, 33.94933977100004]]]}}, {"type": "Feature", "properties": {"uc": "GHEL", "tehsil": "Murree Tehsil", "town": "", "expected_cases": 0.0, "historical_cases": 7, "alert": "Green"}, "geometry": {"type": "MultiPolygon", "coordinates": [[[[73.53505376600003, 33.961239771000066], [73.53935376600003, 33.95133977100005], [73.53535376600007, 33.94903977100006], [73.53015376600007, 33.94553977100003], [73.52815376600006, 33.943439771000044], [73.52575376600004, 33.94163977100004], [73.52075376600004, 33.93903977100007], [73.51665376600005, 33.93673977100008], [73.51235376600005, 33.935239771000056], [73.51335376600008, 33.93953977100006], [73.51135376600007, 33.94183977100005], [73.51065376600008, 33.94453977100005], [73.51085376600008, 33.94673977100007], [73.51175376600008, 33.94933977100004], [73.51325376600005, 33.95183977100004], [73.51325376600005, 33.95523977100004], [73.51095376600006, 33.958339771000055], [73.50825376600005, 33.95983977100008], [73.50505376600006, 33.96013977100006], [73.50255376600006, 33.96013977100006], [73.49995376600003, 33.96073977100008], [73.50155376600003, 33.964539771000034], [73.50055376600005, 33.96673977100005], [73.49945376600004, 33.96853977100005], [73.50315376600008, 33.96903977100004], [73.50625376600004, 33.969439771000054], [73.50935376600006, 33.96873977100006], [73.51175376600008, 33.968339771000046], [73.51385376600007, 33.96713977100006], [73.51635376600007, 33.96563977100004], [73.51785376600003, 33.96333977100005], [73.51685376600005, 33.95963977100007], [73.51995376600007, 33.958239771000024], [73.52405376600007, 33.959739771000045], [73.53505376600003, 33.961239771000066]]], [[[73.47765376600006, 33.88593977100004], [73.47515376600006, 33.88303977100003], [73.47235376600008, 33.88163977100004], [73.46835376600006, 33.88113977100005], [73.47265376600006, 33.88513977100007], [73.47495376600006, 33.887539771000036], [73.47715376600007, 33.89043977100005], [73.47795376600004, 33.89423977100006], [73.47925376600006, 33.897239771000045], [73.48035376600006, 33.900739771000076], [73.48195376600006, 33.90423977100005], [73.48375376600006, 33.90563977100004], [73.48695376600006, 33.90603977100005], [73.48995376600004, 33.90903977100004], [73.49215376600006, 33.91173977100004], [73.49505376600007, 33.917539771000065], [73.49815376600003, 33.92083977100003], [73.50015376600004, 33.92253977100006], [73.50075376600006, 33.92453977100007], [73.49955376600008, 33.928139771000076], [73.50235376600006, 33.93073977100005], [73.50555376600005, 33.93193977100003], [73.50845376600006, 33.93403977100007], [73.51235376600005, 33.935239771000056], [73.51095376600006, 33.93123977100004], [73.50775376600006, 33.92713977100004], [73.50585376600003, 33.924339771000064], [73.50395376600005, 33.92073977100006], [73.49985376600006, 33.91483977100006], [73.49705376600008, 33.910339771000054], [73.49165376600007, 33.902139771000066], [73.48785376600006, 33.89683977100003], [73.48565376600004, 33.89393977100008], [73.48315376600004, 33.890939771000035], [73.48095376600008, 33.888939771000025], [73.47765376600006, 33.88593977100004]]], [[[73.48645376600007, 33.82113977100005], [73.48415376600008, 33.818739771000025], [73.48075376600008, 33.819339771000045], [73.47845376600003, 33.82243977100006], [73.47645376600008, 33.82483977100003], [73.47485376600008, 33.82733977100003], [73.47285376600007, 33.82913977100003], [73.46945376600007, 33.82863977100004], [73.46605376600007, 33.827039771000045], [73.46255376600004, 33.82513977100007], [73.45865376600005, 33.82083977100007], [73.45555376600004, 33.81633977100006], [73.45485376600004, 33.81233977100004], [73.45275376600006, 33.81123977100003], [73.45055376600004, 33.81053977100004], [73.44655376600008, 33.80833977100008], [73.44305376600005, 33.80743977100008], [73.43995376600003, 33.809639771000036], [73.44115376600007, 33.81233977100004], [73.44275376600007, 33.81453977100006], [73.44385376600007, 33.81663977100004], [73.44455376600007, 33.82163977100004], [73.44505376600006, 33.826439771000025], [73.44625376600004, 33.830739771000026], [73.44775376600006, 33.83373977100007], [73.44905376600008, 33.83583977100005], [73.44875376600004, 33.838439771000026], [73.44795376600007, 33.84093977100002], [73.44765376600003, 33.844439771000054], [73.44825376600005, 33.84753977100007], [73.45065376600007, 33.85053977100006], [73.45295376600006, 33.85483977100006], [73.45315376600007, 33.85833977100003], [73.45275376600006, 33.86293977100007], [73.45145376600004, 33.864739771000075], [73.45035376600003, 33.86743977100008], [73.45355376600008, 33.870439771000065], [73.45555376600004, 33.87253977100005], [73.45755376600005, 33.874139771000046], [73.46005376600004, 33.87653977100007], [73.46025376600005, 33.87373977100003], [73.46135376600006, 33.87103977100003], [73.46355376600008, 33.86683977100006], [73.46535376600008, 33.86303977100005], [73.46675376600007, 33.86023977100007], [73.46795376600005, 33.85593977100007], [73.47055376600008, 33.849539771000025], [73.47325376600008, 33.84433977100008], [73.47645376600008, 33.84053977100007], [73.48025376600003, 33.83553977100007], [73.48375376600006, 33.831039771000064], [73.48645376600007, 33.82693977100007], [73.48715376600006, 33.82403977100006], [73.48645376600007, 33.82113977100005]]]]}}, {"type": "Feature", "properties": {"uc": "RAWAT", "tehsil": "Murree Tehsil", "town": "", "expected_cases": 0.0, "historical_cases": 2, "alert": "Green"}, "geometry": {"type": "Polygon", "coordinates": [[[73.47975376600004, 33.980839771000035], [73.47805376600007, 33.97873977100005], [73.47555376600008, 33.97813977100003], [73.47245376600006, 33.97763977100004], [73.46855376600007, 33.97623977100005], [73.46705376600005, 33.97463977100006], [73.46895376600008, 33.97063977100004], [73.46945376600007, 33.967739771000026], [73.46955376600005, 33.965439771000035], [73.46915376600003, 33.962639771000056], [73.46635376600005, 33.95953977100004], [73.46405376600006, 33.95653977100005], [73.46235376600004, 33.952639771000065], [73.46155376600007, 33.950039771000036], [73.46055376600003, 33.94643977100003], [73.45985376600004, 33.94273977100005], [73.45645376600004, 33.94213977100003], [73.45295376600006, 33.942339771000036], [73.45085376600008, 33.94213977100003], [73.44815376600008, 33.94073977100004], [73.44675376600003, 33.93873977100003], [73.44435376600006, 33.938639771000055], [73.44015376600004, 33.93903977100007], [73.43745376600003, 33.941539771000066], [73.43595376600007, 33.94333977100007], [73.43395376600006, 33.944039771000064], [73.43165376600007, 33.94543977100005], [73.42975376600003, 33.94793977100005], [73.42955376600008, 33.95193977100007], [73.42995376600004, 33.955439771000044], [73.42915376600007, 33.95933977100003], [73.42545376600003, 33.961239771000066], [73.42375376600006, 33.96223977100004], [73.42635376600003, 33.963739771000064], [73.42965376600006, 33.96503977100008], [73.43185376600007, 33.96703977100003], [73.43395376600006, 33.968939771000066], [73.43595376600007, 33.97043977100003], [73.43745376600003, 33.972239771000034], [73.43985376600006, 33.97483977100006], [73.44175376600003, 33.98013977100004], [73.44415376600006, 33.98353977100004], [73.44735376600005, 33.98533977100004], [73.44905376600008, 33.98673977100003], [73.45055376600004, 33.98833977100003], [73.45255376600005, 33.98983977100005], [73.45435376600005, 33.99183977100006], [73.45725376600006, 33.99463977100004], [73.46035376600008, 33.99733977100004], [73.46205376600005, 33.999639771000034], [73.46435376600004, 34.00133977100006], [73.46455376600005, 34.00413977100004], [73.46885376600005, 34.00783977100008], [73.47005376600004, 34.010339771000076], [73.47145376600008, 34.013139771000056], [73.47405376600005, 34.01353977100007], [73.47565376600005, 34.01243977100006], [73.47695376600007, 34.00933977100004], [73.48145376600007, 34.00773977100005], [73.48395376600007, 34.00553977100003], [73.48705376600003, 34.004839771000036], [73.48955376600003, 34.00353977100008], [73.49205376600008, 34.00273977100005], [73.49395376600006, 34.00213977100003], [73.49375376600005, 33.999739771000066], [73.49255376600007, 33.998539771000026], [73.49055376600006, 33.999739771000066], [73.48815376600004, 34.00043977100006], [73.48585376600005, 34.001139771000055], [73.48375376600006, 34.00073977100004], [73.48175376600005, 33.99933977100005], [73.48135376600004, 33.99643977100004], [73.48055376600007, 33.99383977100007], [73.47905376600005, 33.99163977100005], [73.47715376600007, 33.99043977100007], [73.47555376600008, 33.98793977100007], [73.47495376600006, 33.984339771000066], [73.47695376600007, 33.982039771000075], [73.47975376600004, 33.980839771000035]]]}}, {"type": "Feature", "properties": {"uc": "SEHR BAGLA", "tehsil": "Murree Tehsil", "town": "", "expected_cases": 0.0, "historical_cases": 3, "alert": "Green"}, "geometry": {"type": "Polygon", "coordinates": [[[73.51175376600008, 33.94933977100004], [73.51085376600008, 33.94673977100007], [73.51065376600008, 33.94453977100005], [73.51135376600007, 33.94183977100005], [73.51335376600008, 33.93953977100006], [73.51235376600005, 33.935239771000056], [73.50845376600006, 33.93403977100007], [73.50555376600005, 33.93193977100003], [73.50235376600006, 33.93073977100005], [73.49955376600008, 33.928139771000076], [73.50075376600006, 33.92453977100007], [73.50015376600004, 33.92253977100006], [73.49815376600003, 33.92083977100003], [73.49505376600007, 33.917539771000065], [73.49215376600006, 33.91173977100004], [73.48995376600004, 33.90903977100004], [73.48695376600006, 33.90603977100005], [73.48375376600006, 33.90563977100004], [73.48195376600006, 33.90423977100005], [73.48035376600006, 33.900739771000076], [73.47925376600006, 33.897239771000045], [73.47795376600004, 33.89423977100006], [73.47435376600004, 33.895239771000035], [73.47205376600004, 33.89813977100005], [73.46985376600003, 33.89693977100006], [73.46845376600004, 33.89543977100004], [73.46705376600005, 33.89253977100003], [73.46625376600008, 33.888939771000025], [73.46585376600007, 33.88603977100007], [73.46465376600008, 33.883239771000035], [73.46195376600008, 33.880939771000044], [73.46015376600008, 33.87993977100007], [73.45755376600005, 33.878139771000065], [73.45545376600006, 33.87653977100007], [73.45265376600008, 33.874139771000046], [73.44835376600008, 33.871239771000035], [73.44505376600006, 33.86993977100008], [73.44385376600007, 33.87223977100007], [73.44465376600004, 33.87433977100005], [73.44605376600003, 33.87683977100005], [73.44595376600006, 33.880339771000024], [73.44395376600005, 33.88363977100005], [73.44195376600004, 33.88493977100006], [73.43835376600003, 33.885239771000045], [73.43385376600008, 33.883839771000055], [73.43535376600005, 33.88733977100003], [73.43575376600006, 33.88983977100003], [73.43625376600005, 33.89223977100005], [73.43605376600004, 33.89503977100003], [73.43635376600008, 33.89713977100007], [73.43685376600007, 33.899839771000075], [73.43815376600008, 33.90383977100004], [73.43895376600005, 33.906339771000034], [73.44035376600004, 33.90873977100006], [73.44205376600007, 33.91243977100004], [73.44345376600006, 33.916139771000076], [73.44395376600005, 33.919539771000075], [73.44405376600008, 33.92203977100007], [73.44435376600006, 33.924039771000025], [73.44575376600005, 33.92573977100005], [73.44385376600007, 33.92763977100003], [73.44075376600006, 33.92883977100007], [73.43855376600004, 33.93013977100003], [73.43885376600008, 33.93313977100007], [73.43795376600008, 33.93693977100003], [73.44015376600004, 33.93903977100007], [73.44435376600006, 33.938639771000055], [73.44675376600003, 33.93873977100003], [73.44815376600008, 33.94073977100004], [73.45085376600008, 33.94213977100003], [73.45295376600006, 33.942339771000036], [73.45645376600004, 33.94213977100003], [73.45985376600004, 33.94273977100005], [73.46425376600007, 33.94473977100006], [73.46675376600007, 33.945739771000035], [73.46925376600007, 33.94663977100004], [73.47155376600006, 33.947739771000045], [73.47435376600004, 33.94873977100008], [73.47625376600007, 33.94793977100005], [73.47835376600005, 33.94683977100004], [73.47675376600006, 33.94413977100004], [73.47505376600003, 33.94123977100003], [73.47235376600008, 33.938339771000074], [73.46965376600008, 33.935739771000044], [73.46915376600003, 33.93303977100004], [73.46995376600006, 33.92973977100007], [73.47275376600004, 33.930639771000074], [73.47545376600004, 33.93103977100003], [73.47855376600006, 33.93043977100007], [73.48255376600008, 33.92913977100005], [73.48725376600004, 33.928939771000046], [73.49155376600004, 33.92993977100008], [73.49555376600006, 33.930639771000074], [73.49755376600007, 33.93253977100005], [73.49955376600008, 33.934639771000036], [73.50165376600006, 33.93753977100005], [73.50455376600007, 33.94073977100004], [73.50455376600007, 33.94253977100004], [73.50465376600005, 33.94623977100008], [73.50445376600004, 33.94993977100006], [73.50715376600004, 33.94933977100004], [73.50955376600007, 33.94893977100003], [73.51175376600008, 33.94933977100004]]]}}, {"type": "Feature", "properties": {"uc": "DARYA GALI", "tehsil": "Murree Tehsil", "town": "", "expected_cases": 0.0, "historical_cases": 2, "alert": "Green"}, "geometry": {"type": "Polygon", "coordinates": [[[73.42375376600006, 33.96223977100004], [73.42545376600003, 33.961239771000066], [73.42915376600007, 33.95933977100003], [73.42995376600004, 33.955439771000044], [73.42955376600008, 33.95193977100007], [73.42975376600003, 33.94793977100005], [73.43165376600007, 33.94543977100005], [73.43395376600006, 33.944039771000064], [73.43595376600007, 33.94333977100007], [73.43745376600003, 33.941539771000066], [73.44015376600004, 33.93903977100007], [73.43795376600008, 33.93693977100003], [73.43885376600008, 33.93313977100007], [73.43855376600004, 33.93013977100003], [73.43435376600007, 33.93023977100006], [73.42985376600006, 33.93183977100006], [73.42685376600008, 33.93343977100005], [73.42345376600008, 33.93143977100004], [73.42255376600008, 33.92883977100007], [73.42085376600005, 33.92793977100007], [73.41895376600007, 33.92963977100004], [73.41695376600006, 33.93203977100006], [73.41625376600007, 33.93453977100006], [73.41735376600008, 33.93673977100008], [73.41765376600006, 33.93883977100006], [73.41465376600007, 33.93933977100005], [73.41235376600008, 33.94073977100004], [73.41375376600007, 33.94363977100005], [73.41785376600006, 33.946939771000075], [73.41455376600004, 33.94993977100006], [73.41115376600004, 33.95103977100007], [73.40745376600006, 33.950039771000036], [73.40475376600006, 33.94793977100005], [73.40365376600005, 33.94423977100007], [73.40245376600006, 33.93973977100006], [73.40335376600007, 33.934639771000036], [73.40405376600006, 33.930939771000055], [73.40215376600008, 33.92993977100008], [73.39975376600006, 33.93213977100004], [73.39845376600005, 33.930639771000074], [73.39645376600004, 33.928339771000026], [73.39395376600004, 33.92793977100007], [73.39185376600005, 33.93113977100006], [73.38995376600008, 33.933739771000035], [73.38825376600005, 33.935239771000056], [73.38565376600008, 33.93553977100004], [73.38195376600004, 33.936039771000026], [73.37935376600007, 33.938339771000074], [73.38155376600008, 33.94113977100005], [73.38485376600005, 33.94763977100007], [73.38545376600007, 33.951139771000044], [73.38585376600008, 33.953439771000035], [73.38505376600006, 33.95533977100007], [73.38085376600003, 33.95503977100003], [73.37565376600008, 33.95503977100003], [73.37645376600005, 33.95733977100008], [73.37815376600008, 33.96003977100003], [73.37935376600007, 33.96243977100005], [73.38195376600004, 33.962039771000036], [73.38465376600004, 33.96223977100004], [73.38795376600007, 33.964539771000034], [73.39035376600003, 33.96763977100005], [73.39215376600004, 33.97133977100003], [73.39345376600005, 33.97343977100007], [73.39745376600007, 33.975139771000045], [73.40205376600005, 33.97593977100007], [73.40475376600006, 33.975239771000076], [73.40775376600004, 33.97203977100003], [73.41125376600007, 33.96913977100007], [73.41375376600007, 33.967739771000026], [73.41465376600007, 33.96533977100006], [73.41485376600008, 33.96293977100004], [73.41785376600006, 33.95993977100005], [73.41625376600007, 33.957439771000054], [73.41765376600006, 33.955539771000076], [73.42015376600006, 33.95523977100004], [73.42345376600008, 33.955739771000026], [73.42315376600004, 33.958939771000075], [73.42375376600006, 33.96223977100004]]]}}, {"type": "Feature", "properties": {"uc": "GHORA GALI", "tehsil": "Murree Tehsil", "town": "", "expected_cases": 0.0, "historical_cases": 3, "alert": "Green"}, "geometry": {"type": "Polygon", "coordinates": [[[73.38195376600004, 33.936039771000026], [73.38395376600005, 33.933239771000046], [73.38685376600006, 33.93143977100004], [73.38875376600004, 33.92853977100003], [73.38975376600007, 33.92543977100007], [73.39005376600005, 33.92133977100008], [73.38995376600008, 33.91803977100005], [73.38695376600003, 33.91513977100004], [73.38215376600004, 33.91163977100007], [73.37895376600005, 33.91003977100007], [73.37715376600005, 33.90883977100003], [73.37625376600005, 33.905839771000046], [73.37515376600004, 33.90253977100008], [73.37295376600008, 33.89913977100008], [73.37055376600006, 33.896439771000075], [73.36885376600003, 33.89273977100004], [73.36745376600004, 33.888939771000025], [73.36425376600005, 33.89043977100005], [73.36155376600004, 33.89123977100007], [73.35965376600006, 33.89253977100003], [73.35825376600008, 33.89423977100006], [73.35545376600004, 33.894439771000066], [73.35185376600003, 33.892339771000024], [73.34855376600007, 33.88983977100003], [73.34475376600005, 33.888139771000056], [73.33935376600004, 33.88983977100003], [73.33495376600007, 33.893839771000046], [73.33615376600005, 33.89613977100004], [73.33775376600005, 33.900039771000024], [73.34025376600005, 33.90273977100003], [73.34365376600005, 33.904139771000075], [73.34745376600006, 33.906939771000054], [73.34805376600008, 33.90963977100006], [73.34825376600008, 33.912039771000025], [73.34765376600006, 33.91443977100005], [73.34695376600007, 33.91853977100004], [73.34915376600003, 33.91883977100008], [73.35255376600003, 33.919839771000056], [73.35745376600005, 33.924639771000045], [73.36015376600005, 33.92623977100004], [73.36355376600005, 33.92683977100006], [73.36595376600008, 33.927239771000075], [73.36815376600003, 33.928639771000064], [73.37055376600006, 33.93103977100003], [73.37435376600007, 33.933739771000035], [73.37775376600007, 33.93623977100003], [73.37935376600007, 33.938339771000074], [73.38195376600004, 33.936039771000026]]]}}, {"type": "Feature", "properties": {"uc": "NAMBAL", "tehsil": "Murree Tehsil", "town": "", "expected_cases": 0.0, "historical_cases": 3, "alert": "Green"}, "geometry": {"type": "Polygon", "coordinates": [[[73.40605376600007, 33.89623977100007], [73.40365376600005, 33.894439771000066], [73.40105376600008, 33.89223977100005], [73.39935376600005, 33.890139771000065], [73.39695376600008, 33.88683977100004], [73.39535376600008, 33.88253977100004], [73.39585376600007, 33.879539771000054], [73.39625376600003, 33.87633977100006], [73.39855376600008, 33.87253977100005], [73.40195376600008, 33.87023977100006], [73.40035376600008, 33.867539771000054], [73.39665376600004, 33.86323977100005], [73.39385376600006, 33.861339771000075], [73.38925376600008, 33.857039771000075], [73.38475376600007, 33.85173977100004], [73.38145376600005, 33.848139771000035], [73.37845376600006, 33.844739771000036], [73.37485376600006, 33.84083977100005], [73.37095376600007, 33.83713977100007], [73.36085376600005, 33.825639771000056], [73.35465376600007, 33.82173977100007], [73.35175376600006, 33.82263977100007], [73.35255376600003, 33.82603977100007], [73.35235376600008, 33.83153977100005], [73.34905376600005, 33.83563977100005], [73.35275376600003, 33.838739771000064], [73.35615376600003, 33.84143977100007], [73.35395376600007, 33.843839771000034], [73.35245376600005, 33.84603977100005], [73.35285376600007, 33.849539771000025], [73.35605376600006, 33.85283977100005], [73.35755376600008, 33.85513977100004], [73.35815376600004, 33.85763977100004], [73.35845376600008, 33.86003977100006], [73.35955376600003, 33.86313977100008], [73.36175376600005, 33.865539771000044], [73.36435376600008, 33.867039771000066], [73.36655376600004, 33.86873977100004], [73.36735376600006, 33.87113977100006], [73.36745376600004, 33.87363977100006], [73.37075376600006, 33.873839771000064], [73.37295376600008, 33.87173977100008], [73.37395376600006, 33.86863977100006], [73.37595376600007, 33.86603977100003], [73.37935376600007, 33.86513977100003], [73.38205376600007, 33.86773977100006], [73.38455376600007, 33.871339771000066], [73.38235376600005, 33.87283977100003], [73.38005376600006, 33.87403977100007], [73.37685376600007, 33.87633977100006], [73.37325376600006, 33.87883977100006], [73.37055376600006, 33.88113977100005], [73.37265376600004, 33.88253977100004], [73.37465376600005, 33.88303977100003], [73.37625376600005, 33.88393977100003], [73.37585376600003, 33.88633977100005], [73.37795376600008, 33.887539771000036], [73.38065376600008, 33.888739771000076], [73.38235376600005, 33.890139771000065], [73.38455376600007, 33.892139771000075], [73.38675376600008, 33.89333977100006], [73.38915376600005, 33.89463977100007], [73.39245376600007, 33.896339771000044], [73.39575376600004, 33.89743977100005], [73.39895376600003, 33.89763977100006], [73.40215376600008, 33.89713977100007], [73.40605376600007, 33.89623977100007]]]}}, {"type": "Feature", "properties": {"uc": "MOSYARI", "tehsil": "Murree Tehsil", "town": "", "expected_cases": 0.0, "historical_cases": 6, "alert": "Green"}, "geometry": {"type": "Polygon", "coordinates": [[[73.43605376600004, 33.89503977100003], [73.43625376600005, 33.89223977100005], [73.43575376600006, 33.88983977100003], [73.43535376600005, 33.88733977100003], [73.43385376600008, 33.883839771000055], [73.43165376600007, 33.88133977100006], [73.42955376600008, 33.87913977100004], [73.42645376600007, 33.87633977100006], [73.42475376600004, 33.874639771000034], [73.42235376600007, 33.87203977100006], [73.41865376600003, 33.86883977100007], [73.41675376600006, 33.86513977100003], [73.41445376600007, 33.86293977100007], [73.41215376600007, 33.86163977100006], [73.41015376600006, 33.85993977100003], [73.40855376600007, 33.857339771000056], [73.40795376600005, 33.85513977100004], [73.40755376600004, 33.85183977100007], [73.40615376600005, 33.84883977100003], [73.40275376600005, 33.846439771000064], [73.39975376600006, 33.84423977100005], [73.39665376600004, 33.83983977100007], [73.39485376600004, 33.836739771000055], [73.39255376600005, 33.832739771000035], [73.39035376600003, 33.82873977100007], [73.38945376600003, 33.825639771000056], [73.38895376600004, 33.82293977100005], [73.38685376600006, 33.82033977100008], [73.38695376600003, 33.81663977100004], [73.38555376600004, 33.81353977100002], [73.38395376600005, 33.81193977100003], [73.38145376600005, 33.80833977100008], [73.37845376600006, 33.805639771000074], [73.37495376600003, 33.805639771000074], [73.37135376600008, 33.80513977100003], [73.36815376600003, 33.80273977100006], [73.36595376600008, 33.80143977100005], [73.36425376600005, 33.806739771000025], [73.36585376600004, 33.80893977100004], [73.36865376600008, 33.81143977100004], [73.37075376600006, 33.812739771000054], [73.37395376600006, 33.81433977100005], [73.37735376600006, 33.815939771000046], [73.37775376600007, 33.81893977100003], [73.37805376600005, 33.82243977100006], [73.37865376600007, 33.826139771000044], [73.37895376600005, 33.829339771000036], [73.37725376600008, 33.83063977100005], [73.37575376600006, 33.83233977100008], [73.37275376600007, 33.83433977100003], [73.37095376600007, 33.83713977100007], [73.37485376600006, 33.84083977100005], [73.37845376600006, 33.844739771000036], [73.38145376600005, 33.848139771000035], [73.38475376600007, 33.85173977100004], [73.38925376600008, 33.857039771000075], [73.39385376600006, 33.861339771000075], [73.39665376600004, 33.86323977100005], [73.40035376600008, 33.867539771000054], [73.40195376600008, 33.87023977100006], [73.39855376600008, 33.87253977100005], [73.39625376600003, 33.87633977100006], [73.39585376600007, 33.879539771000054], [73.39535376600008, 33.88253977100004], [73.39695376600008, 33.88683977100004], [73.39935376600005, 33.890139771000065], [73.40105376600008, 33.89223977100005], [73.40365376600005, 33.894439771000066], [73.40605376600007, 33.89623977100007], [73.40825376600003, 33.89733977100008], [73.40945376600007, 33.899539771000036], [73.41055376600008, 33.90243977100005], [73.41235376600008, 33.90563977100004], [73.41545376600004, 33.90853977100005], [73.41765376600006, 33.909739771000034], [73.41975376600004, 33.91003977100007], [73.42055376600007, 33.90703977100003], [73.42735376600007, 33.90513977100005], [73.43045376600008, 33.900939771000026], [73.43605376600004, 33.89503977100003]]]}}, {"type": "Feature", "properties": {"uc": "ANGOORI", "tehsil": "Murree Tehsil", "town": "", "expected_cases": 0.0, "historical_cases": 6, "alert": "Green"}, "geometry": {"type": "MultiPolygon", "coordinates": [[[[73.31485376600006, 33.85613977100007], [73.31465376600005, 33.853539771000044], [73.31595376600006, 33.85133977100003], [73.31875376600004, 33.85093977100007], [73.31895376600005, 33.84883977100003], [73.31645376600005, 33.845839771000044], [73.31355376600004, 33.844439771000054], [73.30765376600004, 33.84173977100005], [73.29975376600004, 33.839639771000066], [73.29395376600007, 33.841639771000075], [73.29615376600003, 33.84433977100008], [73.29995376600004, 33.84563977100004], [73.30205376600003, 33.84803977100006], [73.30415376600007, 33.85033977100005], [73.30745376600004, 33.85493977100003], [73.31075376600006, 33.85663977100006], [73.31485376600006, 33.85613977100007]]], [[[73.34905376600005, 33.83563977100005], [73.35235376600008, 33.83153977100005], [73.35255376600003, 33.82603977100007], [73.35175376600006, 33.82263977100007], [73.35465376600007, 33.82173977100007], [73.36085376600005, 33.825639771000056], [73.37095376600007, 33.83713977100007], [73.37275376600007, 33.83433977100003], [73.37575376600006, 33.83233977100008], [73.37725376600008, 33.83063977100005], [73.37895376600005, 33.829339771000036], [73.37865376600007, 33.826139771000044], [73.37805376600005, 33.82243977100006], [73.37775376600007, 33.81893977100003], [73.37735376600006, 33.815939771000046], [73.37395376600006, 33.81433977100005], [73.37075376600006, 33.812739771000054], [73.36865376600008, 33.81143977100004], [73.36585376600004, 33.80893977100004], [73.36425376600005, 33.806739771000025], [73.36595376600008, 33.80143977100005], [73.36815376600003, 33.80273977100006], [73.37135376600008, 33.80513977100003], [73.37495376600003, 33.805639771000074], [73.37845376600006, 33.805639771000074], [73.38145376600005, 33.80833977100008], [73.38395376600005, 33.81193977100003], [73.38555376600004, 33.81353977100002], [73.38695376600003, 33.81663977100004], [73.38685376600006, 33.82033977100008], [73.38895376600004, 33.82293977100005], [73.38945376600003, 33.825639771000056], [73.39265376600008, 33.82603977100007], [73.39645376600004, 33.827639771000065], [73.39855376600008, 33.82403977100006], [73.40025376600005, 33.82123977100008], [73.40845376600004, 33.81493977100007], [73.41025376600004, 33.81343977100005], [73.41285376600007, 33.81253977100005], [73.41655376600005, 33.81173977100008], [73.42005376600008, 33.81043977100006], [73.42255376600008, 33.80923977100008], [73.42505376600008, 33.80763977100003], [73.42805376600006, 33.80493977100008], [73.42985376600006, 33.803639771000064], [73.43165376600007, 33.80133977100007], [73.43015376600005, 33.799639771000045], [73.42825376600007, 33.797339771000054], [73.42745376600004, 33.79943977100004], [73.42635376600003, 33.80203977100007], [73.42245376600005, 33.80473977100007], [73.41655376600005, 33.80763977100003], [73.41315376600005, 33.808839771000066], [73.40915376600003, 33.81063977100007], [73.40575376600003, 33.81243977100007], [73.40225376600006, 33.814239771000075], [73.39995376600007, 33.81483977100004], [73.39665376600004, 33.81493977100007], [73.39375376600003, 33.81343977100005], [73.39045376600006, 33.81053977100004], [73.38625376600004, 33.80663977100005], [73.38365376600007, 33.80423977100003], [73.38185376600006, 33.80173977100003], [73.37865376600007, 33.798739771000044], [73.37535376600005, 33.79663977100006], [73.37215376600005, 33.795439771000076], [73.36895376600006, 33.79523977100007], [73.36555376600006, 33.79553977100005], [73.36155376600004, 33.79663977100006], [73.35875376600006, 33.79653977100003], [73.35705376600004, 33.794839771000056], [73.35445376600006, 33.79283977100005], [73.35065376600005, 33.79063977100003], [73.34865376600004, 33.78893977100006], [73.34605376600007, 33.787939771000026], [73.34275376600004, 33.787039771000025], [73.33935376600004, 33.78663977100007], [73.33675376600007, 33.78523977100008], [73.33695376600008, 33.78213977100006], [73.33775376600005, 33.77883977100004], [73.33755376600004, 33.77643977100007], [73.33725376600006, 33.77233977100008], [73.33995376600006, 33.770539771000074], [73.34245376600006, 33.77043977100004], [73.34565376600005, 33.769939771000054], [73.34875376600007, 33.768839771000046], [73.35185376600003, 33.76723977100005], [73.35275376600003, 33.76403977100006], [73.35325376600008, 33.76043977100005], [73.35165376600008, 33.75763977100007], [73.34935376600004, 33.75583977100007], [73.34675376600006, 33.75433977100005], [73.34195376600007, 33.75303977100003], [73.34725376600005, 33.739939771000024], [73.34805376600008, 33.737139771000045], [73.34805376600008, 33.732939771000076], [73.34735376600008, 33.728639771000076], [73.34535376600007, 33.72673977100004], [73.34205376600005, 33.72563977100003], [73.33775376600005, 33.727139771000054], [73.33515376600008, 33.72873977100005], [73.32855376600008, 33.73193977100004], [73.32525376600006, 33.73333977100003], [73.32265376600003, 33.734339771000066], [73.31955376600007, 33.73583977100003], [73.31735376600005, 33.73663977100006], [73.31345376600007, 33.73803977100005], [73.30925376600004, 33.739939771000024], [73.30565376600003, 33.742039771000066], [73.30395376600006, 33.744239771000025], [73.30245376600004, 33.74563977100007], [73.30055376600006, 33.74723977100007], [73.29975376600004, 33.74993977100007], [73.29675376600005, 33.75203977100006], [73.29345376600008, 33.75423977100007], [73.29025376600003, 33.75713977100003], [73.28565376600005, 33.760839771000065], [73.28145376600008, 33.76413977100003], [73.27745376600006, 33.767439771000056], [73.27425376600007, 33.76963977100007], [73.27195376600008, 33.77183977100003], [73.26995376600007, 33.77333977100005], [73.26745376600007, 33.77553977100007], [73.26405376600007, 33.777139771000066], [73.26145376600005, 33.778539771000055], [73.25905376600008, 33.779339771000025], [73.25665376600006, 33.77893977100007], [73.25445376600004, 33.778539771000055], [73.25205376600007, 33.78043977100003], [73.24975376600008, 33.78183977100008], [73.24605376600005, 33.78303977100006], [73.24265376600005, 33.78553977100006], [73.23885376600003, 33.78653977100004], [73.23695376600006, 33.78693977100005], [73.23355376600006, 33.78783977100005], [73.23075376600008, 33.788239771000065], [73.22835376600005, 33.789139771000066], [73.22435376600004, 33.790239771000074], [73.22075376600003, 33.791139771000076], [73.21665376600004, 33.79213977100005], [73.21365376600005, 33.79283977100005], [73.21065376600006, 33.79343977100007], [73.20715376600003, 33.79433977100007], [73.20315376600007, 33.79523977100007], [73.19925376600008, 33.796239771000046], [73.19555376600005, 33.79713977100005], [73.19315376600008, 33.79783977100004], [73.19015376600004, 33.799639771000045], [73.18815376600008, 33.801039771000035], [73.18535376600005, 33.802539771000056], [73.18045376600008, 33.80463977100004], [73.17555376600006, 33.805339771000035], [73.17265376600005, 33.80523977100006], [73.16955376600004, 33.80513977100003], [73.17165376600008, 33.80803977100004], [73.17925376600004, 33.81063977100007], [73.18475376600003, 33.80973977100007], [73.19045376600008, 33.810139771000024], [73.20105376600003, 33.81343977100005], [73.21025376600005, 33.816439771000034], [73.21245376600007, 33.81573977100004], [73.21645376600003, 33.816439771000034], [73.21985376600003, 33.81723977100006], [73.22505376600003, 33.81883977100006], [73.22905376600005, 33.82063977100006], [73.23265376600006, 33.82243977100006], [73.23635376600004, 33.824239771000066], [73.23845376600008, 33.82713977100008], [73.24135376600003, 33.83433977100003], [73.24305376600006, 33.83833977100005], [73.24465376600006, 33.84033977100006], [73.24665376600007, 33.841839771000025], [73.25155376600003, 33.84363977100003], [73.25585376600003, 33.84513977100005], [73.26045376600007, 33.84543977100003], [73.26315376600007, 33.84283977100006], [73.26615376600006, 33.838239771000076], [73.27555376600003, 33.842739771000026], [73.28445376600007, 33.84563977100004], [73.28145376600008, 33.84253977100008], [73.28405376600006, 33.83893977100007], [73.28055376600008, 33.83683977100003], [73.27815376600006, 33.83563977100005], [73.27495376600007, 33.83353977100006], [73.27285376600008, 33.83173977100006], [73.26995376600007, 33.82923977100006], [73.26745376600007, 33.82733977100003], [73.26435376600006, 33.824139771000034], [73.26505376600005, 33.82173977100007], [73.26605376600008, 33.81923977100007], [73.26645376600004, 33.81573977100004], [73.26665376600005, 33.811039771000026], [73.26925376600008, 33.80723977100007], [73.27255376600004, 33.805839771000024], [73.27535376600008, 33.80693977100003], [73.28265376600007, 33.80783977100003], [73.29125376600007, 33.80983977100004], [73.29705376600003, 33.81113977100006], [73.29815376600004, 33.81343977100005], [73.30015376600005, 33.81663977100004], [73.30365376600008, 33.82053977100003], [73.30625376600005, 33.82243977100006], [73.30915376600007, 33.824139771000034], [73.31155376600003, 33.82543977100005], [73.31445376600004, 33.826739771000064], [73.31755376600006, 33.82803977100008], [73.32085376600008, 33.82893977100008], [73.32445376600003, 33.83003977100003], [73.32855376600008, 33.831339771000046], [73.33335376600007, 33.832739771000035], [73.33555376600003, 33.83293977100004], [73.33885376600006, 33.83223977100005], [73.34435376600004, 33.83353977100006], [73.34905376600005, 33.83563977100005]]]]}}, {"type": "Feature", "properties": {"uc": "TRET", "tehsil": "Murree Tehsil", "town": "", "expected_cases": 0.0, "historical_cases": 3, "alert": "Green"}, "geometry": {"type": "Polygon", "coordinates": [[[73.33935376600004, 33.88983977100003], [73.33755376600004, 33.885239771000045], [73.33555376600003, 33.88023977100005], [73.33975376600006, 33.87683977100005], [73.33945376600008, 33.87343977100005], [73.34025376600005, 33.87063977100007], [73.34265376600007, 33.87063977100007], [73.34545376600005, 33.87083977100008], [73.34575376600003, 33.867839771000035], [73.34325376600003, 33.86363977100007], [73.34195376600007, 33.86083977100003], [73.34165376600004, 33.858439771000064], [73.33915376600004, 33.85603977100004], [73.33585376600007, 33.848139771000035], [73.33535376600008, 33.844439771000054], [73.33535376600008, 33.84063977100004], [73.33735376600004, 33.83933977100003], [73.33955376600005, 33.83933977100003], [73.34175376600007, 33.84033977100006], [73.34485376600003, 33.84313977100004], [73.34695376600007, 33.84543977100003], [73.34955376600004, 33.84803977100006], [73.35285376600007, 33.849539771000025], [73.35245376600005, 33.84603977100005], [73.35395376600007, 33.843839771000034], [73.35615376600003, 33.84143977100007], [73.35275376600003, 33.838739771000064], [73.34905376600005, 33.83563977100005], [73.34435376600004, 33.83353977100006], [73.33885376600006, 33.83223977100005], [73.33555376600003, 33.83293977100004], [73.33335376600007, 33.832739771000035], [73.32855376600008, 33.831339771000046], [73.32445376600003, 33.83003977100003], [73.32085376600008, 33.82893977100008], [73.31755376600006, 33.82803977100008], [73.31445376600004, 33.826739771000064], [73.31155376600003, 33.82543977100005], [73.30915376600007, 33.824139771000034], [73.30625376600005, 33.82243977100006], [73.30365376600008, 33.82053977100003], [73.30015376600005, 33.81663977100004], [73.29815376600004, 33.81343977100005], [73.29705376600003, 33.81113977100006], [73.29125376600007, 33.80983977100004], [73.28265376600007, 33.80783977100003], [73.27535376600008, 33.80693977100003], [73.27255376600004, 33.805839771000024], [73.26925376600008, 33.80723977100007], [73.26665376600005, 33.811039771000026], [73.26645376600004, 33.81573977100004], [73.26605376600008, 33.81923977100007], [73.26505376600005, 33.82173977100007], [73.26435376600006, 33.824139771000034], [73.26745376600007, 33.82733977100003], [73.26995376600007, 33.82923977100006], [73.27285376600008, 33.83173977100006], [73.27495376600007, 33.83353977100006], [73.27815376600006, 33.83563977100005], [73.28055376600008, 33.83683977100003], [73.28405376600006, 33.83893977100007], [73.28145376600008, 33.84253977100008], [73.28445376600007, 33.84563977100004], [73.28875376600007, 33.84623977100006], [73.29235376600008, 33.84513977100005], [73.29615376600003, 33.84433977100008], [73.29395376600007, 33.841639771000075], [73.29975376600004, 33.839639771000066], [73.30765376600004, 33.84173977100005], [73.31355376600004, 33.844439771000054], [73.31645376600005, 33.845839771000044], [73.31895376600005, 33.84883977100003], [73.31875376600004, 33.85093977100007], [73.31595376600006, 33.85133977100003], [73.31465376600005, 33.853539771000044], [73.31485376600006, 33.85613977100007], [73.31705376600007, 33.857339771000056], [73.31895376600005, 33.85973977100008], [73.31815376600008, 33.86303977100005], [73.31995376600008, 33.86623977100004], [73.32305376600004, 33.86913977100005], [73.32725376600007, 33.87163977100005], [73.32885376600007, 33.873239771000044], [73.33015376600008, 33.875539771000035], [73.33105376600008, 33.87863977100005], [73.33045376600006, 33.88173977100007], [73.32795376600006, 33.88503977100004], [73.32795376600006, 33.88743977100006], [73.33025376600006, 33.88943977100007], [73.33255376600005, 33.89143977100008], [73.33495376600007, 33.893839771000046], [73.33935376600004, 33.88983977100003]]]}}, {"type": "Feature", "properties": {"uc": "CHARHAN", "tehsil": "Murree Tehsil", "town": "", "expected_cases": 0.0, "historical_cases": 1, "alert": "Green"}, "geometry": {"type": "Polygon", "coordinates": [[[73.47795376600004, 33.89423977100006], [73.47715376600007, 33.89043977100005], [73.47495376600006, 33.887539771000036], [73.47265376600006, 33.88513977100007], [73.46835376600006, 33.88113977100005], [73.46485376600003, 33.88003977100004], [73.46185376600005, 33.87913977100004], [73.46005376600004, 33.87653977100007], [73.45755376600005, 33.874139771000046], [73.45555376600004, 33.87253977100005], [73.45355376600008, 33.870439771000065], [73.45035376600003, 33.86743977100008], [73.45145376600004, 33.864739771000075], [73.45275376600006, 33.86293977100007], [73.45315376600007, 33.85833977100003], [73.45295376600006, 33.85483977100006], [73.45065376600007, 33.85053977100006], [73.44825376600005, 33.84753977100007], [73.44765376600003, 33.844439771000054], [73.44795376600007, 33.84093977100002], [73.44875376600004, 33.838439771000026], [73.44905376600008, 33.83583977100005], [73.44775376600006, 33.83373977100007], [73.44625376600004, 33.830739771000026], [73.44505376600006, 33.826439771000025], [73.44455376600007, 33.82163977100004], [73.44385376600007, 33.81663977100004], [73.44275376600007, 33.81453977100006], [73.44115376600007, 33.81233977100004], [73.43995376600003, 33.809639771000036], [73.43765376600004, 33.80803977100004], [73.43475376600003, 33.80513977100003], [73.43165376600007, 33.80133977100007], [73.42985376600006, 33.803639771000064], [73.42805376600006, 33.80493977100008], [73.42505376600008, 33.80763977100003], [73.42255376600008, 33.80923977100008], [73.42005376600008, 33.81043977100006], [73.41655376600005, 33.81173977100008], [73.41285376600007, 33.81253977100005], [73.41025376600004, 33.81343977100005], [73.40845376600004, 33.81493977100007], [73.40025376600005, 33.82123977100008], [73.39855376600008, 33.82403977100006], [73.39645376600004, 33.827639771000065], [73.39265376600008, 33.82603977100007], [73.38945376600003, 33.825639771000056], [73.39035376600003, 33.82873977100007], [73.39255376600005, 33.832739771000035], [73.39485376600004, 33.836739771000055], [73.39665376600004, 33.83983977100007], [73.39975376600006, 33.84423977100005], [73.40275376600005, 33.846439771000064], [73.40615376600005, 33.84883977100003], [73.40755376600004, 33.85183977100007], [73.40795376600005, 33.85513977100004], [73.40855376600007, 33.857339771000056], [73.41015376600006, 33.85993977100003], [73.41215376600007, 33.86163977100006], [73.41445376600007, 33.86293977100007], [73.41675376600006, 33.86513977100003], [73.41865376600003, 33.86883977100007], [73.42235376600007, 33.87203977100006], [73.42475376600004, 33.874639771000034], [73.42645376600007, 33.87633977100006], [73.42955376600008, 33.87913977100004], [73.43165376600007, 33.88133977100006], [73.43385376600008, 33.883839771000055], [73.43835376600003, 33.885239771000045], [73.44195376600004, 33.88493977100006], [73.44395376600005, 33.88363977100005], [73.44595376600006, 33.880339771000024], [73.44605376600003, 33.87683977100005], [73.44465376600004, 33.87433977100005], [73.44385376600007, 33.87223977100007], [73.44505376600006, 33.86993977100008], [73.44835376600008, 33.871239771000035], [73.45265376600008, 33.874139771000046], [73.45545376600006, 33.87653977100007], [73.45755376600005, 33.878139771000065], [73.46015376600008, 33.87993977100007], [73.46195376600008, 33.880939771000044], [73.46465376600008, 33.883239771000035], [73.46585376600007, 33.88603977100007], [73.46625376600008, 33.888939771000025], [73.46705376600005, 33.89253977100003], [73.46845376600004, 33.89543977100004], [73.46985376600003, 33.89693977100006], [73.47205376600004, 33.89813977100005], [73.47435376600004, 33.895239771000035], [73.47795376600004, 33.89423977100006]]]}}, {"type": "Feature", "properties": {"uc": "BAN", "tehsil": "Murree Tehsil", "town": "", "expected_cases": 0.0, "historical_cases": 0, "alert": "Green"}, "geometry": {"type": "Polygon", "coordinates": [[[73.44285376600004, 33.78983977100006], [73.44035376600004, 33.78933977100007], [73.43525376600007, 33.78663977100007], [73.43175376600004, 33.78633977100003], [73.42995376600004, 33.78833977100004], [73.43055376600006, 33.79173977100004], [73.43035376600005, 33.794739771000025], [73.42825376600007, 33.797339771000054], [73.43015376600005, 33.799639771000045], [73.43165376600007, 33.80133977100007], [73.43475376600003, 33.80513977100003], [73.43765376600004, 33.80803977100004], [73.43995376600003, 33.809639771000036], [73.44305376600005, 33.80743977100008], [73.44655376600008, 33.80833977100008], [73.45055376600004, 33.81053977100004], [73.45275376600006, 33.81123977100003], [73.45485376600004, 33.81233977100004], [73.45415376600005, 33.80943977100003], [73.45205376600006, 33.80493977100008], [73.44895376600005, 33.79853977100004], [73.44615376600007, 33.794839771000056], [73.44285376600004, 33.78983977100006]]]}}, {"type": "Feature", "properties": {"uc": "MURREE", "tehsil": "Murree Tehsil", "town": "", "expected_cases": 0.0, "historical_cases": 3, "alert": "Green"}, "geometry": {"type": "Polygon", "coordinates": [[[73.43855376600004, 33.93013977100003], [73.44075376600006, 33.92883977100007], [73.44385376600007, 33.92763977100003], [73.44575376600005, 33.92573977100005], [73.44435376600006, 33.924039771000025], [73.44405376600008, 33.92203977100007], [73.44395376600005, 33.919539771000075], [73.44345376600006, 33.916139771000076], [73.44205376600007, 33.91243977100004], [73.44035376600004, 33.90873977100006], [73.43895376600005, 33.906339771000034], [73.43815376600008, 33.90383977100004], [73.43685376600007, 33.899839771000075], [73.43635376600008, 33.89713977100007], [73.43605376600004, 33.89503977100003], [73.43045376600008, 33.900939771000026], [73.42735376600007, 33.90513977100005], [73.42055376600007, 33.90703977100003], [73.41975376600004, 33.91003977100007], [73.41765376600006, 33.909739771000034], [73.41545376600004, 33.90853977100005], [73.41235376600008, 33.90563977100004], [73.41055376600008, 33.90243977100005], [73.40945376600007, 33.899539771000036], [73.40825376600003, 33.89733977100008], [73.40605376600007, 33.89623977100007], [73.40215376600008, 33.89713977100007], [73.39895376600003, 33.89763977100006], [73.39575376600004, 33.89743977100005], [73.39245376600007, 33.896339771000044], [73.38915376600005, 33.89463977100007], [73.38675376600008, 33.89333977100006], [73.38455376600007, 33.892139771000075], [73.38235376600005, 33.890139771000065], [73.38065376600008, 33.888739771000076], [73.37795376600008, 33.887539771000036], [73.37585376600003, 33.88633977100005], [73.37285376600005, 33.88693977100007], [73.37035376600005, 33.886639771000034], [73.36845376600007, 33.887239771000054], [73.36745376600004, 33.888939771000025], [73.36885376600003, 33.89273977100004], [73.37055376600006, 33.896439771000075], [73.37295376600008, 33.89913977100008], [73.37515376600004, 33.90253977100008], [73.37625376600005, 33.905839771000046], [73.37715376600005, 33.90883977100003], [73.37895376600005, 33.91003977100007], [73.38215376600004, 33.91163977100007], [73.38695376600003, 33.91513977100004], [73.38995376600008, 33.91803977100005], [73.39005376600005, 33.92133977100008], [73.38975376600007, 33.92543977100007], [73.38875376600004, 33.92853977100003], [73.38685376600006, 33.93143977100004], [73.38395376600005, 33.933239771000046], [73.38195376600004, 33.936039771000026], [73.38565376600008, 33.93553977100004], [73.38825376600005, 33.935239771000056], [73.38995376600008, 33.933739771000035], [73.39185376600005, 33.93113977100006], [73.39395376600004, 33.92793977100007], [73.39645376600004, 33.928339771000026], [73.39845376600005, 33.930639771000074], [73.39975376600006, 33.93213977100004], [73.40215376600008, 33.92993977100008], [73.40405376600006, 33.930939771000055], [73.40335376600007, 33.934639771000036], [73.40245376600006, 33.93973977100006], [73.40365376600005, 33.94423977100007], [73.40475376600006, 33.94793977100005], [73.40745376600006, 33.950039771000036], [73.41115376600004, 33.95103977100007], [73.41455376600004, 33.94993977100006], [73.41785376600006, 33.946939771000075], [73.41375376600007, 33.94363977100005], [73.41235376600008, 33.94073977100004], [73.41465376600007, 33.93933977100005], [73.41765376600006, 33.93883977100006], [73.41735376600008, 33.93673977100008], [73.41625376600007, 33.93453977100006], [73.41695376600006, 33.93203977100006], [73.41895376600007, 33.92963977100004], [73.42085376600005, 33.92793977100007], [73.42255376600008, 33.92883977100007], [73.42345376600008, 33.93143977100004], [73.42685376600008, 33.93343977100005], [73.42985376600006, 33.93183977100006], [73.43435376600007, 33.93023977100006], [73.43855376600004, 33.93013977100003]]]}}, {"type": "Feature", "properties": {"uc": "MURREE HILLS CANTT", "tehsil": "Murree Tehsil", "town": "", "expected_cases": 0.0, "historical_cases": 1, "alert": "Green"}, "geometry": {"type": "Polygon", "coordinates": [[[73.36745376600004, 33.888939771000025], [73.36845376600007, 33.887239771000054], [73.37035376600005, 33.886639771000034], [73.37285376600005, 33.88693977100007], [73.37585376600003, 33.88633977100005], [73.37625376600005, 33.88393977100003], [73.37465376600005, 33.88303977100003], [73.37265376600004, 33.88253977100004], [73.37055376600006, 33.88113977100005], [73.37325376600006, 33.87883977100006], [73.37685376600007, 33.87633977100006], [73.38005376600006, 33.87403977100007], [73.38235376600005, 33.87283977100003], [73.38455376600007, 33.871339771000066], [73.38205376600007, 33.86773977100006], [73.37935376600007, 33.86513977100003], [73.37595376600007, 33.86603977100003], [73.37395376600006, 33.86863977100006], [73.37295376600008, 33.87173977100008], [73.37075376600006, 33.873839771000064], [73.36745376600004, 33.87363977100006], [73.36735376600006, 33.87113977100006], [73.36655376600004, 33.86873977100004], [73.36435376600008, 33.867039771000066], [73.36175376600005, 33.865539771000044], [73.35955376600003, 33.86313977100008], [73.35845376600008, 33.86003977100006], [73.35815376600004, 33.85763977100004], [73.35755376600008, 33.85513977100004], [73.35605376600006, 33.85283977100005], [73.35285376600007, 33.849539771000025], [73.34955376600004, 33.84803977100006], [73.34695376600007, 33.84543977100003], [73.34485376600003, 33.84313977100004], [73.34175376600007, 33.84033977100006], [73.33955376600005, 33.83933977100003], [73.33735376600004, 33.83933977100003], [73.33535376600008, 33.84063977100004], [73.33535376600008, 33.844439771000054], [73.33585376600007, 33.848139771000035], [73.33915376600004, 33.85603977100004], [73.34165376600004, 33.858439771000064], [73.34195376600007, 33.86083977100003], [73.34325376600003, 33.86363977100007], [73.34575376600003, 33.867839771000035], [73.34545376600005, 33.87083977100008], [73.34265376600007, 33.87063977100007], [73.34025376600005, 33.87063977100007], [73.33945376600008, 33.87343977100005], [73.33975376600006, 33.87683977100005], [73.33555376600003, 33.88023977100005], [73.33755376600004, 33.885239771000045], [73.33935376600004, 33.88983977100003], [73.34475376600005, 33.888139771000056], [73.34855376600007, 33.88983977100003], [73.35185376600003, 33.892339771000024], [73.35545376600004, 33.894439771000066], [73.35825376600008, 33.89423977100006], [73.35965376600006, 33.89253977100003], [73.36155376600004, 33.89123977100007], [73.36425376600005, 33.89043977100005], [73.36745376600004, 33.888939771000025]]]}}, {"type": "Feature", "properties": {"uc": "Gulistan Colony", "tehsil": "Rawalpindi Tehsil", "town": "", "expected_cases": 0.04, "historical_cases": 670, "alert": "Red"}, "geometry": {"type": "Polygon", "coordinates": [[[73.09545376600005, 33.57753977100003], [73.09805376600008, 33.57913977100003], [73.09915376600003, 33.58173977100006], [73.10555376600007, 33.57323977100003], [73.11065376600004, 33.56683977100005], [73.11825376600007, 33.558839771000066], [73.11195376600006, 33.55553977100004], [73.10485376600008, 33.55183977100006], [73.09995376600006, 33.549339771000064], [73.09745376600006, 33.547939771000074], [73.09135376600005, 33.544739771000025], [73.08805376600003, 33.541939771000045], [73.09275376600004, 33.53973977100003], [73.08795376600006, 33.535339771000054], [73.08365376600005, 33.53953977100008], [73.08045376600006, 33.54383977100008], [73.07805376600004, 33.55033977100004], [73.07915376600005, 33.563639771000055], [73.07735376600004, 33.56473977100006], [73.07405376600008, 33.566539771000066], [73.07155376600008, 33.569339771000045], [73.07095376600006, 33.57403977100006], [73.07255376600006, 33.57883977100005], [73.07435376600006, 33.58013977100006], [73.07755376600005, 33.582739771000035], [73.08265376600008, 33.57803977100008], [73.08675376600007, 33.577039771000045], [73.08945376600008, 33.57813977100005], [73.09315376600006, 33.57783977100007], [73.09545376600005, 33.57753977100003]]]}}, {"type": "Feature", "properties": {"uc": "KHANA DAK", "tehsil": "Rawalpindi Tehsil", "town": "", "expected_cases": 0.01, "historical_cases": 151, "alert": "Yellow"}, "geometry": {"type": "Polygon", "coordinates": [[[73.03535376600007, 33.59623977100006], [73.03835376600006, 33.59233977100007], [73.04095376600003, 33.59453977100003], [73.04385376600004, 33.59343977100008], [73.04305376600007, 33.590739771000074], [73.04255376600008, 33.588239771000076], [73.04475376600004, 33.586139771000035], [73.04525376600003, 33.58263977100006], [73.04655376600005, 33.579939771000056], [73.04965376600006, 33.578439771000035], [73.04965376600006, 33.57603977100007], [73.05065376600004, 33.57393977100003], [73.05395376600006, 33.57313977100006], [73.05675376600004, 33.570739771000035], [73.05795376600008, 33.56833977100007], [73.05635376600003, 33.566439771000034], [73.05265376600005, 33.565639771000065], [73.04765376600005, 33.57053977100003], [73.04585376600005, 33.57323977100003], [73.04345376600008, 33.575339771000074], [73.04045376600004, 33.576139771000044], [73.03805376600008, 33.57633977100005], [73.03535376600007, 33.57603977100007], [73.03235376600003, 33.57773977100004], [73.03325376600003, 33.58063977100005], [73.03435376600004, 33.58343977100003], [73.03415376600003, 33.589639771000066], [73.03015376600007, 33.59263977100005], [73.03075376600003, 33.595939771000076], [73.03225376600005, 33.59853977100005], [73.03535376600007, 33.59623977100006]]]}}, {"type": "Feature", "properties": {"uc": "Khurram Colony", "tehsil": "Rawalpindi Tehsil", "town": "", "expected_cases": 0.0, "historical_cases": 8, "alert": "Green"}, "geometry": {"type": "Polygon", "coordinates": [[[73.10185376600003, 33.62513977100008], [73.10475376600004, 33.62433977100005], [73.10715376600007, 33.62303977100004], [73.11265376600005, 33.62113977100006], [73.11605376600005, 33.618339771000024], [73.11795376600008, 33.616139771000064], [73.12125376600005, 33.61143977100005], [73.12305376600006, 33.60953977100007], [73.12695376600004, 33.60633977100008], [73.12795376600008, 33.602439771000036], [73.12805376600005, 33.59833977100004], [73.12305376600006, 33.59853977100005], [73.11745376600004, 33.59943977100005], [73.11105376600005, 33.59963977100006], [73.10875376600006, 33.599339771000075], [73.10925376600005, 33.60283977100005], [73.10815376600004, 33.607239771000025], [73.10635376600004, 33.610639771000024], [73.10125376600007, 33.61363977100007], [73.09705376600004, 33.615539771000044], [73.09405376600006, 33.61743977100008], [73.09095376600004, 33.620439771000065], [73.09125376600008, 33.624139771000046], [73.09375376600008, 33.62773977100005], [73.09835376600006, 33.62643977100004], [73.10185376600003, 33.62513977100008]]]}}, {"type": "Feature", "properties": {"uc": "DHOK MUNSHI KHAN", "tehsil": "Rawalpindi Tehsil", "town": "", "expected_cases": 0.03, "historical_cases": 585, "alert": "Red"}, "geometry": {"type": "Polygon", "coordinates": [[[73.12805376600005, 33.59833977100004], [73.13025376600007, 33.594739771000036], [73.13485376600005, 33.58653977100005], [73.12635376600008, 33.58403977100005], [73.11795376600008, 33.579939771000056], [73.11525376600008, 33.582739771000035], [73.11285376600006, 33.58523977100003], [73.11185376600008, 33.587339771000075], [73.10995376600005, 33.58833977100005], [73.10845376600008, 33.59143977100007], [73.10835376600005, 33.59483977100007], [73.10875376600006, 33.599339771000075], [73.11105376600005, 33.59963977100006], [73.11745376600004, 33.59943977100005], [73.12305376600006, 33.59853977100005], [73.12805376600005, 33.59833977100004]]]}}, {"type": "Feature", "properties": {"uc": "KOTHA KALAN", "tehsil": "Rawalpindi Tehsil", "town": "", "expected_cases": 0.03, "historical_cases": 596, "alert": "Red"}, "geometry": {"type": "Polygon", "coordinates": [[[73.11795376600008, 33.579939771000056], [73.13175376600003, 33.56583977100007], [73.12775376600007, 33.56373977100003], [73.12365376600007, 33.56173977100008], [73.11825376600007, 33.558839771000066], [73.11065376600004, 33.56683977100005], [73.10555376600007, 33.57323977100003], [73.09915376600003, 33.58173977100006], [73.09995376600006, 33.58443977100006], [73.10165376600008, 33.58793977100004], [73.10355376600006, 33.59213977100006], [73.10835376600005, 33.59483977100007], [73.10845376600008, 33.59143977100007], [73.10995376600005, 33.58833977100005], [73.11185376600008, 33.587339771000075], [73.11285376600006, 33.58523977100003], [73.11525376600008, 33.582739771000035], [73.11795376600008, 33.579939771000056]]]}}, {"type": "Feature", "properties": {"uc": "MORGAH", "tehsil": "Rawalpindi Tehsil", "town": "", "expected_cases": 0.0, "historical_cases": 80, "alert": "Yellow"}, "geometry": {"type": "Polygon", "coordinates": [[[73.08795376600006, 33.535339771000054], [73.08575376600004, 33.53073977100007], [73.08235376600004, 33.53033977100006], [73.07745376600008, 33.52983977100007], [73.07495376600008, 33.530239771000026], [73.07275376600006, 33.530839771000046], [73.07015376600003, 33.532739771000024], [73.06785376600004, 33.53583977100004], [73.06645376600005, 33.54013977100004], [73.06625376600005, 33.542539771000065], [73.06575376600006, 33.54663977100006], [73.06555376600005, 33.54863977100007], [73.06495376600003, 33.55083977100003], [73.06555376600005, 33.55293977100007], [73.06605376600004, 33.555339771000035], [73.06605376600004, 33.55763977100003], [73.06765376600003, 33.55943977100003], [73.06895376600005, 33.562239771000066], [73.07015376600003, 33.565039771000045], [73.07155376600008, 33.569339771000045], [73.07405376600008, 33.566539771000066], [73.07735376600004, 33.56473977100006], [73.07915376600005, 33.563639771000055], [73.07805376600004, 33.55033977100004], [73.08045376600006, 33.54383977100008], [73.08365376600005, 33.53953977100008], [73.08795376600006, 33.535339771000054]]]}}, {"type": "Feature", "properties": {"uc": "Adiala", "tehsil": "Rawalpindi Tehsil", "town": "", "expected_cases": 0.0, "historical_cases": 45, "alert": "Green"}, "geometry": {"type": "Polygon", "coordinates": [[[73.04445376600006, 33.480039771000065], [73.05235376600007, 33.47533977100005], [73.06135376600008, 33.46483977100007], [73.05765376600004, 33.46243977100005], [73.05555376600006, 33.45873977100007], [73.05075376600007, 33.45873977100007], [73.04555376600007, 33.45783977100007], [73.04305376600007, 33.45723977100005], [73.03945376600007, 33.459739771000045], [73.03505376600003, 33.462539771000024], [73.03135376600005, 33.46483977100007], [73.02755376600004, 33.46653977100004], [73.02345376600005, 33.46913977100007], [73.02065376600007, 33.471739771000045], [73.01895376600004, 33.470239771000024], [73.01705376600006, 33.46783977100006], [73.01505376600005, 33.46473977100004], [73.01395376600004, 33.46163977100008], [73.01095376600006, 33.458039771000074], [73.00885376600007, 33.45473977100005], [73.00705376600007, 33.45243977100006], [73.00295376600008, 33.44893977100003], [72.99865376600007, 33.44563977100006], [72.99535376600005, 33.443539771000076], [72.99175376600004, 33.442339771000036], [72.98905376600004, 33.44173977100007], [72.98445376600006, 33.44103977100008], [72.98125376600007, 33.441539771000066], [72.97855376600006, 33.441539771000066], [72.97465376600007, 33.438639771000055], [72.97115376600004, 33.437239771000066], [72.96905376600006, 33.43393977100004], [72.96455376600005, 33.42873977100004], [72.96215376600003, 33.425239771000065], [72.96115376600005, 33.421739771000034], [72.96175376600007, 33.41683977100007], [72.96115376600005, 33.41423977100004], [72.96195376600008, 33.411239771000055], [72.96365376600005, 33.409839771000065], [72.96245376600007, 33.40143977100007], [72.96075376600004, 33.39373977100007], [72.95865376600005, 33.38743977100006], [72.95815376600007, 33.38303977100003], [72.95475376600007, 33.38483977100003], [72.95305376600004, 33.386139771000046], [72.94855376600003, 33.38643977100003], [72.94495376600008, 33.38693977100007], [72.94155376600008, 33.38833977100006], [72.93805376600005, 33.39033977100007], [72.93715376600005, 33.39263977100006], [72.93725376600008, 33.39773977100003], [72.93725376600008, 33.40303977100007], [72.93635376600008, 33.405839771000046], [72.93465376600005, 33.409739771000034], [72.93115376600008, 33.41283977100005], [72.92645376600007, 33.41473977100003], [72.92215376600006, 33.41933977100007], [72.91715376600007, 33.424639771000045], [72.91445376600007, 33.42683977100006], [72.91665376600008, 33.42933977100006], [72.91945376600006, 33.43103977100003], [72.92205376600003, 33.431739771000025], [72.92475376600004, 33.431739771000025], [72.92775376600008, 33.43183977100006], [72.93255376600007, 33.43333977100008], [72.93705376600008, 33.43363977100006], [72.94015376600004, 33.43503977100005], [72.93565376600003, 33.43743977100007], [72.93015376600005, 33.44223977100006], [72.92495376600004, 33.445739771000035], [72.92045376600004, 33.44703977100005], [72.91685376600003, 33.44943977100007], [72.91555376600007, 33.452639771000065], [72.91585376600005, 33.45593977100003], [72.91775376600003, 33.45923977100006], [72.91825376600008, 33.46243977100005], [72.92155376600005, 33.463739771000064], [72.92585376600005, 33.46673977100005], [72.93305376600006, 33.47303977100006], [72.93735376600006, 33.47553977100006], [72.94255376600006, 33.47833977100004], [72.94505376600006, 33.48213977100005], [72.94895376600005, 33.48863977100007], [72.95285376600003, 33.490039771000056], [72.95595376600005, 33.49173977100003], [72.95955376600006, 33.49533977100003], [72.96225376600006, 33.498539771000026], [72.96425376600007, 33.500839771000074], [72.96835376600006, 33.50353977100008], [72.97255376600003, 33.506239771000025], [72.97475376600005, 33.510839771000065], [72.97535376600007, 33.51443977100007], [72.97575376600008, 33.51763977100006], [72.97885376600004, 33.51843977100003], [72.98235376600007, 33.51973977100005], [72.98735376600007, 33.52263977100006], [72.99075376600007, 33.52543977100004], [72.99495376600004, 33.52883977100004], [72.99815376600003, 33.531439771000066], [72.99925376600004, 33.52733977100007], [72.99975376600008, 33.52463977100007], [73.00125376600005, 33.52193977100006], [73.00465376600005, 33.517939771000044], [73.00705376600007, 33.51463977100008], [73.01025376600006, 33.50953977100005], [73.01345376600005, 33.50583977100007], [73.01535376600003, 33.50203977100006], [73.01755376600005, 33.497439771000074], [73.01805376600004, 33.49133977100007], [73.01915376600004, 33.487739771000065], [73.02815376600006, 33.48553977100005], [73.03575376600008, 33.483139771000026], [73.03975376600005, 33.48013977100004], [73.04195376600006, 33.48063977100003], [73.04445376600006, 33.480039771000065]]]}}, {"type": "Feature", "properties": {"uc": "Dhaman Syedan", "tehsil": "Rawalpindi Tehsil", "town": "", "expected_cases": 0.06, "historical_cases": 1075, "alert": "Red"}, "geometry": {"type": "Polygon", "coordinates": [[[73.07095376600006, 33.57403977100006], [73.07155376600008, 33.569339771000045], [73.07015376600003, 33.565039771000045], [73.06895376600005, 33.562239771000066], [73.06765376600003, 33.55943977100003], [73.06605376600004, 33.55763977100003], [73.06605376600004, 33.555339771000035], [73.06555376600005, 33.55293977100007], [73.06495376600003, 33.55083977100003], [73.06555376600005, 33.54863977100007], [73.06575376600006, 33.54663977100006], [73.06625376600005, 33.542539771000065], [73.06645376600005, 33.54013977100004], [73.06785376600004, 33.53583977100004], [73.07015376600003, 33.532739771000024], [73.07275376600006, 33.530839771000046], [73.07495376600008, 33.530239771000026], [73.07745376600008, 33.52983977100007], [73.08235376600004, 33.53033977100006], [73.08575376600004, 33.53073977100007], [73.08705376600005, 33.52683977100003], [73.08755376600004, 33.52403977100005], [73.08795376600006, 33.52103977100006], [73.09035376600008, 33.515939771000035], [73.09315376600006, 33.51183977100004], [73.09425376600007, 33.50923977100007], [73.09515376600007, 33.50703977100005], [73.09685376600004, 33.50353977100008], [73.09825376600008, 33.50033977100003], [73.09895376600008, 33.497739771000056], [73.10015376600006, 33.49303977100004], [73.10075376600008, 33.489739771000075], [73.10045376600004, 33.48643977100005], [73.09815376600005, 33.48273977100007], [73.09535376600007, 33.47923977100004], [73.09445376600007, 33.477139771000054], [73.09445376600007, 33.47363977100002], [73.09585376600006, 33.46953977100003], [73.09515376600007, 33.46593977100002], [73.09365376600005, 33.46383977100004], [73.09135376600005, 33.46183977100003], [73.08905376600006, 33.45943977100006], [73.08435376600005, 33.45583977100006], [73.08495376600007, 33.45043977100005], [73.08445376600008, 33.44643977100003], [73.08125376600003, 33.44413977100004], [73.07765376600008, 33.44133977100006], [73.07435376600006, 33.439439771000025], [73.07175376600003, 33.44193977100008], [73.06895376600005, 33.44463977100003], [73.06615376600007, 33.44683977100004], [73.06555376600005, 33.44983977100003], [73.06395376600005, 33.45273977100004], [73.06125376600005, 33.45533977100007], [73.05885376600008, 33.45663977100003], [73.05555376600006, 33.45873977100007], [73.05765376600004, 33.46243977100005], [73.06135376600008, 33.46483977100007], [73.05235376600007, 33.47533977100005], [73.04445376600006, 33.480039771000065], [73.04725376600004, 33.48113977100007], [73.04945376600006, 33.482939771000076], [73.04785376600006, 33.48663977100006], [73.04575376600008, 33.488539771000035], [73.04155376600005, 33.49273977100006], [73.03825376600008, 33.495439771000065], [73.03575376600008, 33.49753977100005], [73.03385376600005, 33.50003977100005], [73.03165376600003, 33.50693977100008], [73.03015376600007, 33.51073977100003], [73.03355376600007, 33.51443977100007], [73.03795376600004, 33.51773977100004], [73.04195376600006, 33.520839771000055], [73.04565376600004, 33.52333977100005], [73.04525376600003, 33.525939771000026], [73.04275376600003, 33.53003977100008], [73.04075376600008, 33.53413977100007], [73.04395376600007, 33.538239771000065], [73.04965376600006, 33.54243977100003], [73.04995376600004, 33.55143977100005], [73.04985376600007, 33.55643977100004], [73.05005376600008, 33.56063977100007], [73.05265376600005, 33.565639771000065], [73.05635376600003, 33.566439771000034], [73.05795376600008, 33.56833977100007], [73.05675376600004, 33.570739771000035], [73.05885376600008, 33.57493977100006], [73.06265376600004, 33.57583977100006], [73.06545376600008, 33.57603977100007], [73.06875376600004, 33.57493977100006], [73.07095376600006, 33.57403977100006]]]}}, {"type": "Feature", "properties": {"uc": "Dhamial", "tehsil": "Rawalpindi Tehsil", "town": "", "expected_cases": 0.07, "historical_cases": 1421, "alert": "Red"}, "geometry": {"type": "Polygon", "coordinates": [[[73.03235376600003, 33.57773977100004], [73.03535376600007, 33.57603977100007], [73.03805376600008, 33.57633977100005], [73.04045376600004, 33.576139771000044], [73.04345376600008, 33.575339771000074], [73.04585376600005, 33.57323977100003], [73.04765376600005, 33.57053977100003], [73.05265376600005, 33.565639771000065], [73.05005376600008, 33.56063977100007], [73.04985376600007, 33.55643977100004], [73.04995376600004, 33.55143977100005], [73.04965376600006, 33.54243977100003], [73.04395376600007, 33.538239771000065], [73.04075376600008, 33.53413977100007], [73.04275376600003, 33.53003977100008], [73.04525376600003, 33.525939771000026], [73.04565376600004, 33.52333977100005], [73.04195376600006, 33.520839771000055], [73.03795376600004, 33.51773977100004], [73.03355376600007, 33.51443977100007], [73.03015376600007, 33.51073977100003], [73.03165376600003, 33.50693977100008], [73.03385376600005, 33.50003977100005], [73.03575376600008, 33.49753977100005], [73.03825376600008, 33.495439771000065], [73.04155376600005, 33.49273977100006], [73.04575376600008, 33.488539771000035], [73.04785376600006, 33.48663977100006], [73.04945376600006, 33.482939771000076], [73.04725376600004, 33.48113977100007], [73.04445376600006, 33.480039771000065], [73.04195376600006, 33.48063977100003], [73.03975376600005, 33.48013977100004], [73.03575376600008, 33.483139771000026], [73.02815376600006, 33.48553977100005], [73.01915376600004, 33.487739771000065], [73.01805376600004, 33.49133977100007], [73.01755376600005, 33.497439771000074], [73.01535376600003, 33.50203977100006], [73.01345376600005, 33.50583977100007], [73.01025376600006, 33.50953977100005], [73.00705376600007, 33.51463977100008], [73.00465376600005, 33.517939771000044], [73.00125376600005, 33.52193977100006], [72.99975376600008, 33.52463977100007], [72.99925376600004, 33.52733977100007], [72.99815376600003, 33.531439771000066], [72.99815376600003, 33.53413977100007], [72.99845376600007, 33.536839771000075], [72.99755376600007, 33.539039771000034], [72.99465376600006, 33.54003977100007], [72.99675376600004, 33.54173977100004], [72.99845376600007, 33.544239771000036], [73.00015376600004, 33.54663977100006], [72.99775376600007, 33.54953977100007], [72.99485376600006, 33.552439771000024], [72.99425376600004, 33.55643977100004], [72.99315376600003, 33.56003977100005], [72.99475376600003, 33.56143977100004], [72.99825376600006, 33.561639771000046], [73.00435376600007, 33.56263977100008], [73.00805376600005, 33.562739771000054], [73.01105376600003, 33.563039771000035], [73.01205376600007, 33.56713977100003], [73.01315376600007, 33.569339771000045], [73.01645376600004, 33.57013977100007], [73.01875376600003, 33.571339771000055], [73.02315376600006, 33.574239771000066], [73.02715376600008, 33.577039771000045], [73.02935376600004, 33.57803977100008], [73.03235376600003, 33.57773977100004]]]}}, {"type": "Feature", "properties": {"uc": "LAKKHAN", "tehsil": "Rawalpindi Tehsil", "town": "", "expected_cases": 0.05, "historical_cases": 1052, "alert": "Red"}, "geometry": {"type": "Polygon", "coordinates": [[[73.03235376600003, 33.57773977100004], [73.02935376600004, 33.57803977100008], [73.02715376600008, 33.577039771000045], [73.02315376600006, 33.574239771000066], [73.01875376600003, 33.571339771000055], [73.01645376600004, 33.57013977100007], [73.01315376600007, 33.569339771000045], [73.00965376600004, 33.57083977100007], [73.00545376600007, 33.57263977100007], [73.00015376600004, 33.573039771000026], [72.99785376600005, 33.57573977100003], [73.00175376600004, 33.579939771000056], [73.00445376600004, 33.581939771000066], [73.00795376600007, 33.58353977100006], [73.01315376600007, 33.58573977100008], [73.01805376600004, 33.58713977100007], [73.02475376600006, 33.590139771000054], [73.02735376600003, 33.59173977100005], [73.03015376600007, 33.59263977100005], [73.03415376600003, 33.589639771000066], [73.03435376600004, 33.58343977100003], [73.03325376600003, 33.58063977100005], [73.03235376600003, 33.57773977100004]]]}}, {"type": "Feature", "properties": {"uc": "CHAK JALAL DIN", "tehsil": "Rawalpindi Tehsil", "town": "", "expected_cases": 0.03, "historical_cases": 580, "alert": "Red"}, "geometry": {"type": "Polygon", "coordinates": [[[73.03225376600005, 33.59853977100005], [73.03075376600003, 33.595939771000076], [73.03015376600007, 33.59263977100005], [73.02735376600003, 33.59173977100005], [73.02475376600006, 33.590139771000054], [73.01805376600004, 33.58713977100007], [73.01315376600007, 33.58573977100008], [73.00795376600007, 33.58353977100006], [73.00445376600004, 33.581939771000066], [73.00175376600004, 33.579939771000056], [72.99785376600005, 33.57573977100003], [72.99475376600003, 33.57863977100004], [72.99575376600006, 33.583339771000055], [72.99605376600005, 33.59033977100006], [72.99435376600007, 33.59283977100006], [72.99835376600004, 33.59433977100008], [73.00135376600008, 33.59413977100007], [73.00585376600003, 33.59353977100005], [73.00875376600004, 33.59353977100005], [73.01325376600005, 33.597239771000034], [73.01625376600003, 33.59853977100005], [73.01995376600007, 33.60093977100007], [73.02175376600007, 33.602939771000024], [73.02735376600003, 33.602939771000024], [73.03255376600004, 33.60343977100007], [73.03195376600007, 33.601539771000034], [73.03225376600005, 33.59853977100005]]]}}, {"type": "Feature", "properties": {"uc": "Dhoke Mangtal", "tehsil": "Rawalpindi Tehsil", "town": "", "expected_cases": 0.13, "historical_cases": 2465, "alert": "Red"}, "geometry": {"type": "Polygon", "coordinates": [[[73.06695376600004, 33.644939771000054], [73.06355376600004, 33.64073977100003], [73.06055376600006, 33.636139771000046], [73.05985376600006, 33.63343977100004], [73.05895376600006, 33.630339771000024], [73.05795376600008, 33.62763977100008], [73.05515376600005, 33.625539771000035], [73.05185376600008, 33.62433977100005], [73.04865376600003, 33.621839771000054], [73.04615376600003, 33.61963977100004], [73.04315376600005, 33.61803977100004], [73.03995376600005, 33.618339771000024], [73.03495376600006, 33.61593977100006], [73.03185376600004, 33.615839771000026], [73.02855376600007, 33.61463977100004], [73.02475376600006, 33.61113977100007], [73.02325376600004, 33.607339771000056], [73.02175376600007, 33.602939771000024], [73.01995376600007, 33.60093977100007], [73.01625376600003, 33.59853977100005], [73.01325376600005, 33.597239771000034], [73.00875376600004, 33.59353977100005], [73.00585376600003, 33.59353977100005], [73.00135376600008, 33.59413977100007], [72.99835376600004, 33.59433977100008], [72.99435376600007, 33.59283977100006], [72.99605376600005, 33.59033977100006], [72.99575376600006, 33.583339771000055], [72.99475376600003, 33.57863977100004], [72.99785376600005, 33.57573977100003], [73.00015376600004, 33.573039771000026], [72.99775376600007, 33.57083977100007], [72.99415376600007, 33.569839771000034], [72.99025376600008, 33.569339771000045], [72.98795376600003, 33.56963977100003], [72.98495376600005, 33.569039771000064], [72.98215376600007, 33.56923977100007], [72.97915376600008, 33.56893977100003], [72.97615376600004, 33.56963977100003], [72.97925376600006, 33.572839771000076], [72.98035376600006, 33.57603977100007], [72.97995376600005, 33.581939771000066], [72.97715376600007, 33.583239771000024], [72.97335376600006, 33.58513977100006], [72.96935376600004, 33.58633977100004], [72.96755376600004, 33.588439771000026], [72.96255376600004, 33.594439771000054], [72.96025376600005, 33.59483977100007], [72.95745376600007, 33.595339771000056], [72.96095376600005, 33.59743977100004], [72.96405376600006, 33.59903977100004], [72.97215376600008, 33.60323977100006], [72.98285376600006, 33.60883977100008], [72.98595376600008, 33.610439771000074], [72.98325376600008, 33.61403977100008], [72.98165376600008, 33.616439771000046], [72.97965376600007, 33.61893977100004], [72.97745376600005, 33.621339771000066], [72.97465376600007, 33.62343977100005], [72.97055376600008, 33.62533977100003], [72.96695376600007, 33.62703977100006], [72.96775376600004, 33.629839771000036], [72.96935376600004, 33.63133977100006], [72.97315376600005, 33.62863977100005], [72.97515376600006, 33.627539771000045], [72.97975376600004, 33.62923977100007], [72.98315376600004, 33.63083977100007], [72.98805376600006, 33.633839771000055], [72.99015376600005, 33.63223977100006], [72.99375376600005, 33.62823977100004], [72.99695376600005, 33.62443977100003], [73.00135376600008, 33.61933977100006], [73.00455376600007, 33.62033977100003], [73.00905376600008, 33.622739771000056], [73.01325376600005, 33.62493977100007], [73.02175376600007, 33.62933977100005], [73.02495376600007, 33.631039771000076], [73.03325376600003, 33.635339771000076], [73.03715376600007, 33.63743977100006], [73.04535376600006, 33.64173977100006], [73.05015376600005, 33.64423977100006], [73.05745376600004, 33.64813977100005], [73.06245376600003, 33.650739771000076], [73.06695376600004, 33.644939771000054]]]}}, {"type": "Feature", "properties": {"uc": "BAJNIAL", "tehsil": "Rawalpindi Tehsil", "town": "", "expected_cases": 0.0, "historical_cases": 34, "alert": "Green"}, "geometry": {"type": "Polygon", "coordinates": [[[72.88235376600005, 33.61373977100004], [72.88745376600008, 33.607239771000025], [72.89355376600008, 33.599339771000075], [72.89615376600005, 33.59603977100005], [72.89885376600006, 33.59233977100007], [72.90295376600005, 33.587039771000036], [72.90805376600008, 33.58063977100005], [72.91075376600008, 33.577039771000045], [72.91395376600008, 33.57293977100005], [72.91705376600004, 33.574239771000066], [72.92035376600006, 33.57593977100004], [72.92405376600004, 33.57793977100005], [72.92875376600006, 33.580439771000044], [72.93335376600004, 33.58283977100007], [72.93765376600004, 33.58523977100003], [72.94195376600004, 33.58743977100005], [72.94665376600005, 33.58993977100005], [72.95245376600008, 33.59293977100003], [72.95745376600007, 33.595339771000056], [72.96025376600005, 33.59483977100007], [72.96255376600004, 33.594439771000054], [72.96755376600004, 33.588439771000026], [72.96935376600004, 33.58633977100004], [72.97335376600006, 33.58513977100006], [72.97715376600007, 33.583239771000024], [72.97995376600005, 33.581939771000066], [72.98035376600006, 33.57603977100007], [72.97925376600006, 33.572839771000076], [72.97615376600004, 33.56963977100003], [72.96905376600006, 33.56673977100007], [72.96535376600008, 33.56663977100004], [72.96225376600006, 33.56623977100003], [72.95615376600006, 33.56623977100003], [72.95315376600007, 33.56323977100004], [72.95025376600006, 33.562139771000034], [72.95205376600006, 33.55763977100003], [72.95255376600005, 33.55343977100006], [72.95125376600004, 33.548239771000055], [72.94895376600005, 33.54743977100003], [72.94665376600005, 33.54913977100006], [72.94285376600004, 33.55043977100007], [72.93955376600007, 33.55133977100007], [72.93705376600008, 33.553039771000044], [72.93445376600005, 33.55633977100007], [72.93225376600003, 33.553339771000026], [72.92845376600008, 33.551639771000055], [72.92625376600006, 33.549339771000064], [72.91515376600006, 33.53753977100007], [72.91235376600008, 33.53463977100006], [72.90955376600004, 33.532739771000024], [72.90525376600004, 33.52963977100006], [72.90355376600007, 33.53103977100005], [72.90175376600007, 33.53403977100004], [72.89315376600007, 33.532739771000024], [72.88285376600004, 33.52723977100004], [72.87865376600007, 33.52673977100005], [72.87665376600006, 33.528239771000074], [72.87385376600008, 33.528239771000074], [72.87125376600005, 33.52833977100005], [72.86795376600008, 33.52953977100003], [72.86355376600005, 33.52963977100006], [72.86005376600008, 33.530839771000046], [72.85665376600008, 33.53213977100006], [72.85365376600004, 33.533639771000026], [72.85485376600008, 33.53603977100005], [72.85645376600007, 33.53873977100005], [72.85635376600004, 33.54313977100003], [72.85515376600006, 33.54753977100006], [72.85265376600006, 33.55083977100003], [72.84885376600005, 33.55373977100004], [72.84685376600004, 33.556739771000025], [72.84475376600005, 33.55983977100004], [72.83995376600006, 33.56053977100004], [72.83785376600008, 33.56193977100003], [72.83575376600004, 33.563339771000074], [72.83275376600005, 33.56383977100006], [72.82975376600007, 33.56393977100004], [72.82675376600008, 33.563039771000035], [72.82425376600008, 33.563639771000055], [72.82145376600005, 33.566439771000034], [72.81845376600006, 33.56693977100008], [72.81635376600008, 33.568539771000076], [72.81775376600007, 33.57173977100007], [72.81915376600006, 33.57453977100005], [72.82095376600006, 33.57753977100003], [72.82115376600007, 33.58083977100006], [72.82025376600006, 33.583039771000074], [72.81805376600005, 33.586739771000055], [72.82025376600006, 33.58993977100005], [72.82185376600006, 33.593039771000065], [72.82255376600006, 33.595939771000076], [72.82255376600006, 33.600239771000076], [72.82555376600004, 33.59973977100003], [72.82925376600008, 33.60003977100007], [72.83325376600004, 33.600739771000065], [72.83865376600005, 33.602939771000024], [72.84135376600005, 33.605039771000065], [72.84315376600006, 33.60753977100006], [72.84715376600008, 33.60973977100008], [72.84955376600004, 33.610439771000074], [72.85275376600003, 33.611339771000075], [72.85595376600008, 33.61363977100007], [72.86425376600005, 33.61463977100004], [72.88235376600005, 33.61373977100004]]]}}, {"type": "Feature", "properties": {"uc": "RANIAL", "tehsil": "Rawalpindi Tehsil", "town": "", "expected_cases": 0.02, "historical_cases": 422, "alert": "Orange"}, "geometry": {"type": "Polygon", "coordinates": [[[73.01315376600007, 33.569339771000045], [73.01205376600007, 33.56713977100003], [73.01105376600003, 33.563039771000035], [73.00805376600005, 33.562739771000054], [73.00435376600007, 33.56263977100008], [72.99825376600006, 33.561639771000046], [72.99475376600003, 33.56143977100004], [72.99315376600003, 33.56003977100005], [72.99425376600004, 33.55643977100004], [72.99485376600006, 33.552439771000024], [72.99775376600007, 33.54953977100007], [73.00015376600004, 33.54663977100006], [72.99845376600007, 33.544239771000036], [72.99675376600004, 33.54173977100004], [72.99465376600006, 33.54003977100007], [72.99755376600007, 33.539039771000034], [72.99845376600007, 33.536839771000075], [72.99815376600003, 33.53413977100007], [72.99815376600003, 33.531439771000066], [72.99495376600004, 33.52883977100004], [72.99075376600007, 33.52543977100004], [72.98735376600007, 33.52263977100006], [72.98235376600007, 33.51973977100005], [72.97885376600004, 33.51843977100003], [72.97575376600008, 33.51763977100006], [72.97535376600007, 33.51443977100007], [72.97475376600005, 33.510839771000065], [72.97255376600003, 33.506239771000025], [72.96835376600006, 33.50353977100008], [72.96425376600007, 33.500839771000074], [72.96225376600006, 33.498539771000026], [72.95955376600006, 33.49533977100003], [72.95595376600005, 33.49173977100003], [72.95285376600003, 33.490039771000056], [72.94895376600005, 33.48863977100007], [72.94505376600006, 33.48213977100005], [72.94255376600006, 33.47833977100004], [72.93735376600006, 33.47553977100006], [72.93305376600006, 33.47303977100006], [72.92585376600005, 33.46673977100005], [72.92155376600005, 33.463739771000064], [72.91825376600008, 33.46243977100005], [72.91665376600008, 33.46703977100003], [72.91705376600004, 33.47203977100003], [72.91425376600006, 33.475239771000076], [72.91625376600007, 33.47893977100006], [72.91885376600004, 33.481439771000055], [72.91845376600008, 33.48413977100006], [72.92365376600003, 33.48403977100003], [72.92955376600008, 33.48643977100005], [72.92845376600008, 33.48793977100007], [72.92875376600006, 33.490839771000026], [72.92565376600004, 33.49643977100004], [72.92485376600007, 33.505139771000074], [72.92725376600004, 33.509639771000025], [72.92475376600004, 33.513139771000056], [72.91975376600004, 33.513939771000025], [72.91605376600006, 33.51563977100005], [72.91205376600004, 33.51673977100006], [72.90985376600008, 33.520239771000035], [72.90645376600008, 33.52383977100004], [72.90525376600004, 33.52963977100006], [72.90955376600004, 33.532739771000024], [72.91235376600008, 33.53463977100006], [72.91515376600006, 33.53753977100007], [72.92625376600006, 33.549339771000064], [72.92845376600008, 33.551639771000055], [72.93225376600003, 33.553339771000026], [72.93445376600005, 33.55633977100007], [72.93705376600008, 33.553039771000044], [72.93955376600007, 33.55133977100007], [72.94285376600004, 33.55043977100007], [72.94665376600005, 33.54913977100006], [72.94895376600005, 33.54743977100003], [72.95125376600004, 33.548239771000055], [72.95255376600005, 33.55343977100006], [72.95205376600006, 33.55763977100003], [72.95025376600006, 33.562139771000034], [72.95315376600007, 33.56323977100004], [72.95615376600006, 33.56623977100003], [72.96225376600006, 33.56623977100003], [72.96535376600008, 33.56663977100004], [72.96905376600006, 33.56673977100007], [72.97615376600004, 33.56963977100003], [72.97915376600008, 33.56893977100003], [72.98215376600007, 33.56923977100007], [72.98495376600005, 33.569039771000064], [72.98795376600003, 33.56963977100003], [72.99025376600008, 33.569339771000045], [72.99415376600007, 33.569839771000034], [72.99775376600007, 33.57083977100007], [73.00015376600004, 33.573039771000026], [73.00545376600007, 33.57263977100007], [73.00965376600004, 33.57083977100007], [73.01315376600007, 33.569339771000045]]]}}, {"type": "Feature", "properties": {"uc": "CHAHAN", "tehsil": "Rawalpindi Tehsil", "town": "", "expected_cases": 0.0, "historical_cases": 18, "alert": "Green"}, "geometry": {"type": "MultiPolygon", "coordinates": [[[[72.90525376600004, 33.52963977100006], [72.90645376600008, 33.52383977100004], [72.90985376600008, 33.520239771000035], [72.91205376600004, 33.51673977100006], [72.91605376600006, 33.51563977100005], [72.91975376600004, 33.513939771000025], [72.92475376600004, 33.513139771000056], [72.92725376600004, 33.509639771000025], [72.92485376600007, 33.505139771000074], [72.92565376600004, 33.49643977100004], [72.92875376600006, 33.490839771000026], [72.92845376600008, 33.48793977100007], [72.92545376600003, 33.48803977100005], [72.92205376600003, 33.48873977100004], [72.92085376600005, 33.490639771000076], [72.91965376600007, 33.49303977100004], [72.91825376600008, 33.49523977100006], [72.91645376600007, 33.49693977100003], [72.91455376600004, 33.49663977100005], [72.91255376600003, 33.497739771000056], [72.91185376600004, 33.50033977100003], [72.91075376600008, 33.502839771000026], [72.91065376600005, 33.505339771000024], [72.90945376600007, 33.50913977100004], [72.90715376600008, 33.51203977100005], [72.90505376600004, 33.51323977100003], [72.90365376600005, 33.51643977100008], [72.90245376600006, 33.518539771000064], [72.90005376600004, 33.51843977100003], [72.89765376600008, 33.51953977100004], [72.89395376600004, 33.520839771000055], [72.89115376600006, 33.52313977100005], [72.88765376600003, 33.52393977100007], [72.88545376600007, 33.525639771000044], [72.88285376600004, 33.52723977100004], [72.89315376600007, 33.532739771000024], [72.90175376600007, 33.53403977100004], [72.90355376600007, 33.53103977100005], [72.90525376600004, 33.52963977100006]]], [[[72.92845376600008, 33.48793977100007], [72.92955376600008, 33.48643977100005], [72.92365376600003, 33.48403977100003], [72.91845376600008, 33.48413977100006], [72.92135376600004, 33.48603977100004], [72.92545376600003, 33.48803977100005], [72.92845376600008, 33.48793977100007]]], [[[72.91825376600008, 33.46243977100005], [72.91775376600003, 33.45923977100006], [72.91585376600005, 33.45593977100003], [72.91555376600007, 33.452639771000065], [72.91685376600003, 33.44943977100007], [72.92045376600004, 33.44703977100005], [72.92495376600004, 33.445739771000035], [72.93015376600005, 33.44223977100006], [72.93565376600003, 33.43743977100007], [72.94015376600004, 33.43503977100005], [72.93705376600008, 33.43363977100006], [72.93255376600007, 33.43333977100008], [72.92775376600008, 33.43183977100006], [72.92475376600004, 33.431739771000025], [72.92205376600003, 33.431739771000025], [72.91945376600006, 33.43103977100003], [72.91665376600008, 33.42933977100006], [72.91445376600007, 33.42683977100006], [72.90985376600008, 33.426639771000055], [72.90505376600004, 33.42493977100003], [72.90325376600003, 33.42253977100006], [72.90535376600008, 33.41933977100007], [72.90955376600004, 33.41943977100004], [72.91195376600007, 33.418939771000055], [72.91435376600003, 33.41743977100003], [72.91595376600003, 33.41533977100005], [72.91915376600008, 33.413539771000046], [72.92265376600005, 33.41073977100007], [72.92475376600004, 33.40813977100004], [72.92655376600004, 33.40653977100004], [72.92835376600004, 33.40423977100005], [72.92835376600004, 33.401239771000064], [72.92545376600003, 33.39933977100003], [72.91825376600008, 33.394439771000066], [72.91935376600003, 33.390939771000035], [72.91835376600005, 33.38653977100006], [72.91875376600007, 33.38393977100003], [72.92155376600005, 33.38073977100004], [72.92565376600004, 33.37873977100003], [72.92785376600006, 33.378139771000065], [72.93215376600006, 33.37633977100006], [72.92955376600008, 33.37483977100004], [72.92575376600007, 33.37503977100005], [72.92125376600006, 33.37593977100005], [72.91725376600004, 33.37773977100005], [72.91455376600004, 33.37873977100003], [72.91175376600006, 33.37943977100008], [72.90785376600007, 33.38173977100007], [72.90755376600004, 33.38513977100007], [72.91015376600006, 33.38683977100004], [72.90965376600008, 33.39113977100004], [72.90815376600005, 33.394939771000054], [72.90775376600004, 33.39833977100005], [72.90025376600005, 33.39793977100004], [72.89815376600006, 33.39173977100006], [72.89385376600006, 33.39073977100003], [72.89065376600007, 33.39033977100007], [72.88725376600007, 33.38993977100006], [72.88355376600003, 33.39053977100008], [72.87975376600008, 33.39063977100005], [72.87755376600006, 33.39023977100004], [72.87695376600004, 33.387539771000036], [72.87555376600005, 33.38393977100003], [72.87385376600008, 33.381839771000045], [72.87125376600005, 33.38143977100003], [72.86735376600006, 33.38223977100006], [72.86365376600008, 33.38333977100007], [72.86075376600007, 33.383239771000035], [72.85965376600006, 33.38563977100006], [72.85835376600005, 33.38733977100003], [72.85445376600006, 33.39003977100003], [72.84985376600008, 33.388639771000044], [72.84535376600007, 33.38793977100005], [72.84215376600008, 33.387539771000036], [72.83815376600006, 33.38733977100003], [72.83465376600003, 33.38563977100006], [72.83115376600006, 33.38333977100007], [72.82885376600007, 33.38653977100006], [72.82585376600008, 33.388939771000025], [72.82285376600004, 33.389539771000045], [72.81795376600007, 33.38643977100003], [72.81465376600005, 33.38623977100008], [72.81195376600004, 33.38573977100003], [72.80955376600008, 33.385339771000076], [72.80795376600008, 33.387539771000036], [72.80475376600003, 33.39073977100003], [72.80285376600006, 33.392939771000044], [72.80115376600008, 33.39593977100003], [72.79965376600006, 33.40023977100003], [72.79815376600004, 33.405839771000046], [72.79565376600004, 33.40963977100006], [72.79225376600004, 33.41673977100004], [72.79435376600003, 33.41843977100007], [72.79695376600006, 33.42163977100006], [72.79805376600007, 33.42483977100005], [72.79915376600007, 33.42793977100007], [72.79955376600003, 33.43043977100007], [72.79845376600008, 33.43343977100005], [72.79705376600003, 33.436339771000064], [72.79305376600007, 33.43973977100006], [72.78845376600003, 33.44363977100005], [72.78655376600005, 33.447139771000025], [72.78285376600007, 33.450039771000036], [72.78965376600007, 33.45133977100005], [72.79545376600004, 33.45283977100007], [72.79955376600003, 33.45593977100003], [72.80475376600003, 33.456939771000066], [72.80905376600003, 33.45863977100004], [72.81275376600007, 33.46153977100005], [72.81705376600007, 33.463239771000076], [72.82405376600008, 33.46433977100003], [72.82995376600007, 33.46293977100004], [72.83325376600004, 33.463239771000076], [72.83885376600006, 33.46503977100008], [72.84725376600005, 33.46853977100005], [72.85455376600004, 33.47163977100007], [72.86745376600004, 33.47593977100007], [72.87395376600006, 33.47563977100003], [72.88375376600004, 33.47303977100006], [72.89025376600006, 33.474539771000025], [72.89985376600004, 33.47643977100006], [72.90475376600006, 33.479139771000064], [72.90965376600008, 33.48153977100003], [72.91245376600006, 33.48253977100006], [72.91565376600005, 33.483739771000046], [72.91845376600008, 33.48413977100006], [72.91885376600004, 33.481439771000055], [72.91625376600007, 33.47893977100006], [72.91425376600006, 33.475239771000076], [72.91705376600004, 33.47203977100003], [72.91665376600008, 33.46703977100003], [72.91825376600008, 33.46243977100005]]]]}}, {"type": "Feature", "properties": {"uc": "SEHAL", "tehsil": "Rawalpindi Tehsil", "town": "", "expected_cases": 0.0, "historical_cases": 5, "alert": "Green"}, "geometry": {"type": "Polygon", "coordinates": [[[72.89815376600006, 33.39173977100006], [72.89715376600003, 33.388039771000024], [72.89555376600003, 33.38303977100003], [72.89555376600003, 33.377839771000026], [72.89345376600005, 33.37513977100008], [72.88975376600007, 33.374139771000046], [72.88745376600008, 33.370439771000065], [72.88485376600005, 33.368439771000055], [72.88375376600004, 33.36523977100006], [72.88095376600006, 33.36003977100006], [72.87765376600004, 33.353839771000025], [72.86955376600008, 33.34713977100006], [72.86625376600006, 33.34623977100006], [72.86655376600004, 33.35033977100005], [72.86045376600003, 33.34753977100007], [72.85245376600005, 33.346439771000064], [72.83935376600004, 33.34423977100005], [72.83905376600006, 33.34223977100004], [72.83705376600005, 33.340139771000054], [72.83415376600004, 33.33913977100008], [72.83035376600003, 33.33833977100005], [72.82555376600004, 33.33713977100007], [72.81465376600005, 33.35223977100003], [72.81085376600004, 33.34943977100005], [72.80655376600004, 33.34773977100008], [72.80255376600007, 33.34663977100007], [72.79975376600004, 33.34623977100006], [72.79635376600004, 33.345339771000056], [72.79195376600006, 33.34463977100006], [72.78925376600006, 33.343339771000046], [72.78635376600005, 33.343039771000065], [72.78255376600004, 33.343339771000046], [72.78205376600005, 33.34683977100008], [72.78125376600008, 33.35093977100007], [72.78095376600004, 33.353839771000025], [72.78055376600008, 33.357039771000075], [72.77795376600005, 33.358739771000046], [72.77465376600003, 33.35943977100004], [72.76945376600008, 33.35863977100007], [72.76565376600007, 33.35863977100007], [72.76095376600006, 33.35863977100007], [72.75825376600005, 33.360739771000055], [72.75605376600004, 33.36203977100007], [72.75245376600003, 33.36393977100005], [72.74555376600006, 33.365539771000044], [72.74695376600005, 33.36863977100006], [72.74895376600006, 33.37433977100005], [72.74955376600008, 33.379539771000054], [72.74855376600004, 33.384639771000025], [72.74625376600005, 33.38833977100006], [72.74475376600003, 33.39043977100005], [72.74795376600008, 33.39113977100004], [72.75035376600005, 33.392139771000075], [72.75155376600003, 33.39463977100007], [72.75335376600003, 33.39773977100003], [72.75655376600008, 33.404939771000045], [72.76015376600003, 33.39973977100004], [72.76325376600005, 33.39713977100007], [72.76785376600003, 33.39713977100007], [72.77255376600004, 33.39933977100003], [72.77095376600005, 33.40513977100005], [72.76915376600004, 33.41363977100008], [72.76975376600006, 33.419539771000075], [72.77415376600004, 33.42823977100005], [72.77415376600004, 33.43363977100006], [72.77265376600008, 33.440039771000045], [72.77425376600007, 33.44443977100008], [72.77675376600007, 33.44743977100006], [72.78285376600007, 33.450039771000036], [72.78655376600005, 33.447139771000025], [72.78845376600003, 33.44363977100005], [72.79305376600007, 33.43973977100006], [72.79705376600003, 33.436339771000064], [72.79845376600008, 33.43343977100005], [72.79955376600003, 33.43043977100007], [72.79915376600007, 33.42793977100007], [72.79805376600007, 33.42483977100005], [72.79695376600006, 33.42163977100006], [72.79435376600003, 33.41843977100007], [72.79225376600004, 33.41673977100004], [72.79565376600004, 33.40963977100006], [72.79815376600004, 33.405839771000046], [72.79965376600006, 33.40023977100003], [72.80115376600008, 33.39593977100003], [72.80285376600006, 33.392939771000044], [72.80475376600003, 33.39073977100003], [72.80795376600008, 33.387539771000036], [72.80955376600008, 33.385339771000076], [72.81195376600004, 33.38573977100003], [72.81465376600005, 33.38623977100008], [72.81795376600007, 33.38643977100003], [72.82285376600004, 33.389539771000045], [72.82585376600008, 33.388939771000025], [72.82885376600007, 33.38653977100006], [72.83115376600006, 33.38333977100007], [72.83465376600003, 33.38563977100006], [72.83815376600006, 33.38733977100003], [72.84215376600008, 33.387539771000036], [72.84535376600007, 33.38793977100005], [72.84985376600008, 33.388639771000044], [72.85445376600006, 33.39003977100003], [72.85835376600005, 33.38733977100003], [72.85965376600006, 33.38563977100006], [72.86075376600007, 33.383239771000035], [72.86365376600008, 33.38333977100007], [72.86735376600006, 33.38223977100006], [72.87125376600005, 33.38143977100003], [72.87385376600008, 33.381839771000045], [72.87555376600005, 33.38393977100003], [72.87695376600004, 33.387539771000036], [72.87755376600006, 33.39023977100004], [72.87975376600008, 33.39063977100005], [72.88355376600003, 33.39053977100008], [72.88725376600007, 33.38993977100006], [72.89065376600007, 33.39033977100007], [72.89385376600006, 33.39073977100003], [72.89815376600006, 33.39173977100006]]]}}, {"type": "Feature", "properties": {"uc": "Kolian Hamid", "tehsil": "Rawalpindi Tehsil", "town": "", "expected_cases": 0.0, "historical_cases": 13, "alert": "Green"}, "geometry": {"type": "Polygon", "coordinates": [[[72.83905376600006, 33.34223977100004], [72.84125376600008, 33.341639771000075], [72.84225376600006, 33.338439771000026], [72.84335376600006, 33.33403977100005], [72.84465376600008, 33.33173977100006], [72.84225376600006, 33.32453977100005], [72.84155376600006, 33.32723977100005], [72.84015376600007, 33.329339771000036], [72.83825376600004, 33.32733977100003], [72.83505376600004, 33.32293977100005], [72.83225376600006, 33.319939771000065], [72.82915376600005, 33.317639771000074], [72.82505376600005, 33.315939771000046], [72.82115376600007, 33.31813977100006], [72.81885376600007, 33.319039771000064], [72.81655376600008, 33.318739771000025], [72.81145376600006, 33.319839771000034], [72.80685376600007, 33.317039771000054], [72.80435376600008, 33.31553977100003], [72.79745376600005, 33.308239771000046], [72.79375376600007, 33.30433977100006], [72.79105376600006, 33.30213977100004], [72.78765376600006, 33.29833977100003], [72.78375376600007, 33.297639771000036], [72.77945376600007, 33.29723977100008], [72.77535376600008, 33.29783977100004], [72.77085376600007, 33.298139771000024], [72.77105376600008, 33.302239771000075], [72.76955376600006, 33.30603977100003], [72.76535376600003, 33.309939771000074], [72.76285376600003, 33.313039771000035], [72.76065376600008, 33.31493977100007], [72.75555376600005, 33.31713977100003], [72.75445376600004, 33.31313977100007], [72.75215376600005, 33.310239771000056], [72.74915376600006, 33.30813977100007], [72.74645376600006, 33.30473977100007], [72.73955376600003, 33.299639771000045], [72.73495376600005, 33.29603977100004], [72.73165376600008, 33.293939771000055], [72.72885376600004, 33.290539771000056], [72.72495376600006, 33.28883977100003], [72.72205376600004, 33.28753977100007], [72.72235376600008, 33.282739771000024], [72.72125376600007, 33.27493977100005], [72.71955376600005, 33.27243977100005], [72.70585376600008, 33.26343977100004], [72.69785376600004, 33.25553977100003], [72.69645376600005, 33.247739771000056], [72.69655376600008, 33.24383977100007], [72.69725376600007, 33.23753977100006], [72.68455376600008, 33.23823977100005], [72.67655376600004, 33.24353977100003], [72.67395376600007, 33.24503977100005], [72.67095376600008, 33.248539771000026], [72.66685376600003, 33.25103977100002], [72.66465376600007, 33.25363977100005], [72.66335376600006, 33.25713977100003], [72.65825376600003, 33.26273977100004], [72.65995376600006, 33.26483977100003], [72.66115376600004, 33.26773977100004], [72.66165376600003, 33.27193977100006], [72.66265376600006, 33.274239771000055], [72.66545376600004, 33.275039771000024], [72.66845376600008, 33.27583977100005], [72.67075376600008, 33.27693977100006], [72.67315376600004, 33.277639771000054], [72.67645376600007, 33.27633977100004], [72.67965376600006, 33.27463977100007], [72.68305376600006, 33.27463977100007], [72.68635376600008, 33.27523977100003], [72.68845376600007, 33.276539771000046], [72.68895376600005, 33.279339771000025], [72.68935376600007, 33.28203977100003], [72.68865376600007, 33.28503977100007], [72.68605376600004, 33.287739771000076], [72.68365376600008, 33.29013977100004], [72.68145376600006, 33.29223977100003], [72.67945376600005, 33.29493977100003], [72.67915376600007, 33.299039771000025], [72.67875376600006, 33.30343977100006], [72.67985376600006, 33.30613977100006], [72.68175376600004, 33.30773977100006], [72.68525376600007, 33.31003977100005], [72.68765376600004, 33.31293977100006], [72.68855376600004, 33.31583977100007], [72.68965376600005, 33.31813977100006], [72.69155376600008, 33.32143977100003], [72.69335376600003, 33.325639771000056], [72.69455376600007, 33.32883977100005], [72.69595376600006, 33.33203977100004], [72.69905376600008, 33.33513977100006], [72.70145376600004, 33.33693977100006], [72.70355376600008, 33.33863977100003], [72.70565376600007, 33.34133977100004], [72.70565376600007, 33.344739771000036], [72.70555376600004, 33.34763977100005], [72.70725376600006, 33.350239771000076], [72.70985376600004, 33.35283977100005], [72.71165376600004, 33.35473977100003], [72.71485376600003, 33.35713977100005], [72.71795376600005, 33.360439771000074], [72.71765376600007, 33.364139771000055], [72.71855376600007, 33.36663977100005], [72.71945376600007, 33.36873977100004], [72.72065376600005, 33.371339771000066], [72.72195376600007, 33.37423977100008], [72.72365376600004, 33.37713977100003], [72.72535376600007, 33.37923977100007], [72.72825376600008, 33.382339771000034], [72.73175376600005, 33.384739771000056], [72.73505376600008, 33.38653977100006], [72.73825376600007, 33.388139771000056], [72.74145376600006, 33.38943977100007], [72.74475376600003, 33.39043977100005], [72.74625376600005, 33.38833977100006], [72.74855376600004, 33.384639771000025], [72.74955376600008, 33.379539771000054], [72.74895376600006, 33.37433977100005], [72.74695376600005, 33.36863977100006], [72.74555376600006, 33.365539771000044], [72.75245376600003, 33.36393977100005], [72.75605376600004, 33.36203977100007], [72.75825376600005, 33.360739771000055], [72.76095376600006, 33.35863977100007], [72.76565376600007, 33.35863977100007], [72.76945376600008, 33.35863977100007], [72.77465376600003, 33.35943977100004], [72.77795376600005, 33.358739771000046], [72.78055376600008, 33.357039771000075], [72.78095376600004, 33.353839771000025], [72.78125376600008, 33.35093977100007], [72.78205376600005, 33.34683977100008], [72.78255376600004, 33.343339771000046], [72.78635376600005, 33.343039771000065], [72.78925376600006, 33.343339771000046], [72.79195376600006, 33.34463977100006], [72.79635376600004, 33.345339771000056], [72.79975376600004, 33.34623977100006], [72.80255376600007, 33.34663977100007], [72.80655376600004, 33.34773977100008], [72.81085376600004, 33.34943977100005], [72.81465376600005, 33.35223977100003], [72.82555376600004, 33.33713977100007], [72.83035376600003, 33.33833977100005], [72.83415376600004, 33.33913977100008], [72.83705376600005, 33.340139771000054], [72.83905376600006, 33.34223977100004]]]}}, {"type": "Feature", "properties": {"uc": "Chakri", "tehsil": "Rawalpindi Tehsil", "town": "", "expected_cases": 0.0, "historical_cases": 0, "alert": "Green"}, "geometry": {"type": "Polygon", "coordinates": [[[72.79745376600005, 33.308239771000046], [72.79965376600006, 33.30513977100003], [72.80645376600006, 33.29783977100004], [72.80675376600004, 33.29353977100004], [72.80695376600005, 33.289139771000066], [72.80855376600005, 33.28453977100003], [72.80925376600004, 33.28043977100003], [72.80945376600005, 33.277639771000054], [72.80415376600007, 33.275139771000056], [72.80015376600005, 33.273639771000035], [72.79555376600007, 33.272239771000045], [72.79235376600008, 33.27063977100005], [72.79045376600004, 33.269339771000034], [72.78745376600006, 33.26703977100004], [72.78295376600005, 33.26473977100005], [72.78075376600003, 33.26323977100003], [72.77765376600007, 33.26193977100007], [72.77545376600006, 33.26093977100004], [72.77485376600004, 33.25853977100007], [72.77135376600006, 33.25583977100007], [72.76755376600005, 33.25303977100003], [72.76515376600008, 33.252839771000026], [72.76235376600005, 33.25353977100008], [72.75835376600008, 33.25383977100006], [72.75455376600007, 33.255139771000074], [72.75345376600006, 33.250839771000074], [72.75355376600004, 33.24693977100003], [72.74635376600008, 33.24753977100005], [72.73785376600006, 33.25303977100003], [72.73525376600003, 33.251739771000075], [72.73295376600004, 33.24993977100007], [72.72935376600003, 33.248339771000076], [72.72685376600003, 33.246839771000054], [72.72205376600004, 33.24493977100008], [72.71905376600006, 33.24373977100004], [72.71465376600008, 33.23953977100007], [72.71185376600005, 33.23583977100003], [72.70745376600007, 33.23073977100006], [72.70545376600006, 33.228639771000076], [72.70465376600004, 33.224339771000075], [72.70575376600004, 33.220339771000056], [72.70685376600005, 33.21333977100005], [72.70135376600007, 33.212639771000056], [72.69545376600007, 33.20943977100006], [72.68935376600007, 33.209139771000025], [72.68445376600005, 33.21153977100005], [72.68175376600004, 33.21243977100005], [72.67655376600004, 33.209139771000025], [72.67325376600007, 33.207739771000035], [72.66785376600006, 33.20843977100003], [72.66205376600004, 33.212539771000024], [72.65695376600007, 33.213239771000076], [72.65255376600004, 33.20873977100007], [72.65085376600007, 33.20473977100005], [72.64675376600007, 33.200339771000074], [72.63835376600008, 33.19553977100003], [72.63135376600007, 33.19423977100007], [72.63085376600003, 33.199739771000054], [72.63025376600007, 33.20583977100006], [72.62985376600005, 33.21103977100006], [72.63945376600003, 33.22333977100004], [72.64065376600007, 33.22633977100003], [72.64135376600007, 33.234339771000066], [72.64385376600006, 33.24153977100008], [72.64565376600007, 33.24593977100005], [72.64795376600006, 33.24863977100006], [72.64925376600007, 33.250539771000035], [72.65015376600007, 33.25263977100008], [72.65145376600003, 33.25493977100007], [72.65325376600003, 33.257439771000065], [72.65555376600008, 33.25993977100006], [72.65825376600003, 33.26273977100004], [72.66335376600006, 33.25713977100003], [72.66465376600007, 33.25363977100005], [72.66685376600003, 33.25103977100002], [72.67095376600008, 33.248539771000026], [72.67395376600007, 33.24503977100005], [72.67655376600004, 33.24353977100003], [72.68455376600008, 33.23823977100005], [72.69725376600007, 33.23753977100006], [72.69655376600008, 33.24383977100007], [72.69645376600005, 33.247739771000056], [72.69785376600004, 33.25553977100003], [72.70585376600008, 33.26343977100004], [72.71955376600005, 33.27243977100005], [72.72125376600007, 33.27493977100005], [72.72235376600008, 33.282739771000024], [72.72205376600004, 33.28753977100007], [72.72495376600006, 33.28883977100003], [72.72885376600004, 33.290539771000056], [72.73165376600008, 33.293939771000055], [72.73495376600005, 33.29603977100004], [72.73955376600003, 33.299639771000045], [72.74645376600006, 33.30473977100007], [72.74915376600006, 33.30813977100007], [72.75215376600005, 33.310239771000056], [72.75445376600004, 33.31313977100007], [72.75555376600005, 33.31713977100003], [72.76065376600008, 33.31493977100007], [72.76285376600003, 33.313039771000035], [72.76535376600003, 33.309939771000074], [72.76955376600006, 33.30603977100003], [72.77105376600008, 33.302239771000075], [72.77085376600007, 33.298139771000024], [72.77535376600008, 33.29783977100004], [72.77945376600007, 33.29723977100008], [72.78375376600007, 33.297639771000036], [72.78765376600006, 33.29833977100003], [72.79105376600006, 33.30213977100004], [72.79375376600007, 33.30433977100006], [72.79745376600005, 33.308239771000046]]]}}, {"type": "Feature", "properties": {"uc": "PARIAL", "tehsil": "Rawalpindi Tehsil", "town": "", "expected_cases": 0.0, "historical_cases": 0, "alert": "Green"}, "geometry": {"type": "Polygon", "coordinates": [[[72.83455376600006, 33.268839771000046], [72.83035376600003, 33.26783977100007], [72.82705376600006, 33.267139771000075], [72.82725376600007, 33.26433977100004], [72.82855376600008, 33.26213977100008], [72.83075376600004, 33.258839771000055], [72.83275376600005, 33.25493977100007], [72.83365376600005, 33.249739771000066], [72.83415376600004, 33.24653977100007], [72.83435376600005, 33.242039771000066], [72.83495376600007, 33.23753977100006], [72.83305376600003, 33.23473977100008], [72.83105376600008, 33.23333977100003], [72.82825376600005, 33.23123977100005], [72.82845376600005, 33.22643977100006], [72.82865376600006, 33.22183977100008], [72.82535376600003, 33.220039771000074], [72.82365376600006, 33.21613977100003], [72.82395376600005, 33.21043977100004], [72.82375376600004, 33.20653977100005], [72.82225376600007, 33.20273977100004], [72.81845376600006, 33.199739771000054], [72.81655376600008, 33.19763977100007], [72.81195376600004, 33.19603977100007], [72.80705376600008, 33.194039771000064], [72.80455376600008, 33.192639771000074], [72.80195376600005, 33.19133977100006], [72.80155376600004, 33.18893977100004], [72.80305376600006, 33.185739771000044], [72.80505376600007, 33.17933977100006], [72.80725376600003, 33.174339771000064], [72.81275376600007, 33.17013977100004], [72.81685376600007, 33.166039771000044], [72.82565376600007, 33.16483977100006], [72.82385376600007, 33.15793977100003], [72.81905376600008, 33.15873977100006], [72.81355376600004, 33.15933977100008], [72.80995376600004, 33.159239771000045], [72.80745376600004, 33.16093977100007], [72.80435376600008, 33.165539771000056], [72.79915376600007, 33.16703977100008], [72.79255376600008, 33.17023977100007], [72.78275376600004, 33.17683977100006], [72.77155376600007, 33.18303977100004], [72.76565376600007, 33.18683977100005], [72.76175376600008, 33.18993977100007], [72.75795376600007, 33.190339771000026], [72.75105376600004, 33.18933977100005], [72.74265376600005, 33.19163977100004], [72.73075376600008, 33.194039771000064], [72.72265376600006, 33.19523977100005], [72.72055376600008, 33.19953977100005], [72.71975376600005, 33.20243977100006], [72.71595376600004, 33.20613977100004], [72.71075376600004, 33.21063977100005], [72.70685376600005, 33.21333977100005], [72.70575376600004, 33.220339771000056], [72.70465376600004, 33.224339771000075], [72.70545376600006, 33.228639771000076], [72.70745376600007, 33.23073977100006], [72.71185376600005, 33.23583977100003], [72.71465376600008, 33.23953977100007], [72.71905376600006, 33.24373977100004], [72.72205376600004, 33.24493977100008], [72.72685376600003, 33.246839771000054], [72.72935376600003, 33.248339771000076], [72.73295376600004, 33.24993977100007], [72.73525376600003, 33.251739771000075], [72.73785376600006, 33.25303977100003], [72.74635376600008, 33.24753977100005], [72.75355376600004, 33.24693977100003], [72.75345376600006, 33.250839771000074], [72.75455376600007, 33.255139771000074], [72.75835376600008, 33.25383977100006], [72.76235376600005, 33.25353977100008], [72.76515376600008, 33.252839771000026], [72.76755376600005, 33.25303977100003], [72.77135376600006, 33.25583977100007], [72.77485376600004, 33.25853977100007], [72.77545376600006, 33.26093977100004], [72.77765376600007, 33.26193977100007], [72.78075376600003, 33.26323977100003], [72.78295376600005, 33.26473977100005], [72.78745376600006, 33.26703977100004], [72.79045376600004, 33.269339771000034], [72.79235376600008, 33.27063977100005], [72.79555376600007, 33.272239771000045], [72.80015376600005, 33.273639771000035], [72.80415376600007, 33.275139771000056], [72.80945376600005, 33.277639771000054], [72.81265376600004, 33.27733977100007], [72.81515376600004, 33.278239771000074], [72.81935376600006, 33.28033977100006], [72.82525376600006, 33.284839771000065], [72.82815376600007, 33.28543977100003], [72.83265376600008, 33.27413977100008], [72.83375376600003, 33.270839771000055], [72.83455376600006, 33.268839771000046]]]}}, {"type": "Feature", "properties": {"uc": "RAIKA MAIRA", "tehsil": "Rawalpindi Tehsil", "town": "", "expected_cases": 0.0, "historical_cases": 0, "alert": "Green"}, "geometry": {"type": "Polygon", "coordinates": [[[72.88065376600008, 33.24673977100008], [72.88405376600008, 33.24013977100003], [72.88655376600008, 33.235439771000074], [72.88965376600004, 33.232939771000076], [72.89335376600008, 33.232939771000076], [72.89675376600007, 33.23363977100007], [72.89995376600007, 33.23243977100003], [72.90265376600007, 33.23043977100008], [72.90615376600005, 33.23033977100005], [72.90925376600006, 33.228039771000056], [72.91205376600004, 33.22563977100003], [72.91435376600003, 33.22203977100003], [72.91625376600007, 33.22013977100005], [72.91855376600006, 33.21843977100008], [72.92065376600004, 33.21713977100006], [72.91505376600003, 33.21643977100007], [72.91085376600006, 33.217739771000026], [72.90975376600005, 33.220839771000044], [72.90695376600007, 33.22333977100004], [72.90275376600005, 33.22533977100005], [72.89975376600006, 33.224339771000075], [72.90055376600003, 33.22133977100003], [72.90155376600006, 33.21733977100007], [72.90065376600006, 33.213139771000044], [72.90095376600004, 33.209739771000045], [72.90315376600006, 33.20703977100004], [72.90395376600003, 33.20383977100005], [72.90505376600004, 33.19943977100007], [72.90575376600003, 33.19643977100003], [72.90985376600008, 33.19793977100005], [72.91275376600004, 33.19983977100003], [72.91775376600003, 33.19843977100004], [72.92065376600004, 33.19743977100006], [72.92065376600004, 33.192339771000036], [72.91925376600005, 33.18673977100008], [72.91705376600004, 33.18023977100006], [72.91495376600005, 33.17393977100005], [72.91655376600005, 33.16933977100007], [72.90935376600004, 33.16863977100007], [72.89755376600004, 33.16703977100008], [72.89155376600007, 33.165439771000024], [72.88815376600007, 33.16383977100003], [72.88215376600004, 33.162639771000045], [72.87605376600004, 33.16473977100003], [72.87045376600008, 33.16813977100003], [72.86535376600006, 33.16583977100004], [72.86055376600007, 33.165439771000024], [72.85605376600006, 33.164039771000034], [72.85245376600005, 33.162039771000025], [72.84825376600008, 33.16013977100005], [72.84335376600006, 33.16153977100004], [72.83825376600004, 33.16193977100005], [72.83545376600006, 33.16283977100005], [72.83005376600005, 33.166039771000044], [72.82565376600007, 33.16483977100006], [72.81685376600007, 33.166039771000044], [72.81275376600007, 33.17013977100004], [72.80725376600003, 33.174339771000064], [72.80505376600007, 33.17933977100006], [72.80305376600006, 33.185739771000044], [72.80155376600004, 33.18893977100004], [72.80195376600005, 33.19133977100006], [72.80455376600008, 33.192639771000074], [72.80705376600008, 33.194039771000064], [72.81195376600004, 33.19603977100007], [72.81655376600008, 33.19763977100007], [72.81845376600006, 33.199739771000054], [72.82225376600007, 33.20273977100004], [72.82375376600004, 33.20653977100005], [72.82395376600005, 33.21043977100004], [72.82365376600006, 33.21613977100003], [72.82535376600003, 33.220039771000074], [72.82865376600006, 33.22183977100008], [72.82845376600005, 33.22643977100006], [72.82825376600005, 33.23123977100005], [72.83105376600008, 33.23333977100003], [72.83305376600003, 33.23473977100008], [72.83495376600007, 33.23753977100006], [72.83435376600005, 33.242039771000066], [72.83415376600004, 33.24653977100007], [72.83365376600005, 33.249739771000066], [72.83275376600005, 33.25493977100007], [72.83075376600004, 33.258839771000055], [72.82855376600008, 33.26213977100008], [72.82725376600007, 33.26433977100004], [72.82705376600006, 33.267139771000075], [72.83035376600003, 33.26783977100007], [72.83455376600006, 33.268839771000046], [72.83875376600008, 33.27093977100003], [72.84175376600007, 33.27273977100003], [72.84675376600006, 33.277039771000034], [72.85095376600003, 33.28043977100003], [72.85225376600005, 33.277939771000035], [72.85335376600005, 33.27523977100003], [72.85485376600008, 33.27243977100005], [72.85655376600005, 33.270539771000074], [72.85805376600007, 33.268539771000064], [72.86065376600004, 33.267439771000056], [72.86355376600005, 33.268239771000026], [72.86555376600006, 33.264239771000064], [72.86785376600005, 33.26203977100005], [72.87245376600004, 33.259639771000025], [72.87555376600005, 33.25643977100003], [72.87705376600007, 33.253139771000065], [72.87915376600006, 33.250839771000074], [72.88065376600008, 33.24673977100008]]]}}, {"type": "Feature", "properties": {"uc": "CHAK BELI KHAN", "tehsil": "Rawalpindi Tehsil", "town": "", "expected_cases": 0.0, "historical_cases": 2, "alert": "Green"}, "geometry": {"type": "Polygon", "coordinates": [[[72.96345376600004, 33.28443977100005], [72.95695376600008, 33.279339771000025], [72.95485376600004, 33.27583977100005], [72.95365376600006, 33.270739771000024], [72.95385376600007, 33.266539771000055], [72.95265376600008, 33.26293977100005], [72.95085376600008, 33.25793977100005], [72.95265376600008, 33.25333977100007], [72.95695376600008, 33.24813977100007], [72.95755376600005, 33.24293977100007], [72.95665376600004, 33.24023977100006], [72.95275376600006, 33.234839771000054], [72.95825376600004, 33.23033977100005], [72.96175376600007, 33.22613977100008], [72.96905376600006, 33.22493977100004], [72.97465376600007, 33.22483977100006], [72.97815376600005, 33.22383977100003], [72.97895376600007, 33.21843977100008], [72.97835376600005, 33.21353977100006], [72.97365376600004, 33.212339771000075], [72.96545376600005, 33.21013977100006], [72.96655376600006, 33.20503977100003], [72.96975376600005, 33.200039771000036], [72.97295376600005, 33.19683977100004], [72.96615376600005, 33.19173977100007], [72.96085376600007, 33.19053977100003], [72.95075376600005, 33.186639771000046], [72.95205376600006, 33.18113977100006], [72.95205376600006, 33.17203977100007], [72.95195376600003, 33.162739771000076], [72.95125376600004, 33.15673977100005], [72.94725376600007, 33.15383977100004], [72.94405376600008, 33.15133977100004], [72.93665376600006, 33.15083977100005], [72.93025376600008, 33.15103977100006], [72.92935376600008, 33.15503977100008], [72.92865376600008, 33.159239771000045], [72.92605376600005, 33.165239771000074], [72.92265376600005, 33.16903977100003], [72.91655376600005, 33.16933977100007], [72.91495376600005, 33.17393977100005], [72.91705376600004, 33.18023977100006], [72.91925376600005, 33.18673977100008], [72.92065376600004, 33.192339771000036], [72.92065376600004, 33.19743977100006], [72.91775376600003, 33.19843977100004], [72.91275376600004, 33.19983977100003], [72.90985376600008, 33.19793977100005], [72.90575376600003, 33.19643977100003], [72.90505376600004, 33.19943977100007], [72.90395376600003, 33.20383977100005], [72.90315376600006, 33.20703977100004], [72.90095376600004, 33.209739771000045], [72.90065376600006, 33.213139771000044], [72.90155376600006, 33.21733977100007], [72.90055376600003, 33.22133977100003], [72.89975376600006, 33.224339771000075], [72.90275376600005, 33.22533977100005], [72.90695376600007, 33.22333977100004], [72.90975376600005, 33.220839771000044], [72.91085376600006, 33.217739771000026], [72.91505376600003, 33.21643977100007], [72.92065376600004, 33.21713977100006], [72.91855376600006, 33.21843977100008], [72.91625376600007, 33.22013977100005], [72.91435376600003, 33.22203977100003], [72.91205376600004, 33.22563977100003], [72.90925376600006, 33.228039771000056], [72.90615376600005, 33.23033977100005], [72.90265376600007, 33.23043977100008], [72.89995376600007, 33.23243977100003], [72.89675376600007, 33.23363977100007], [72.89335376600008, 33.232939771000076], [72.88965376600004, 33.232939771000076], [72.88655376600008, 33.235439771000074], [72.88405376600008, 33.24013977100003], [72.88065376600008, 33.24673977100008], [72.88445376600004, 33.24783977100003], [72.88835376600008, 33.25033977100003], [72.89155376600007, 33.25123977100003], [72.89395376600004, 33.251939771000025], [72.89585376600007, 33.25473977100006], [72.89575376600004, 33.25923977100007], [72.89605376600008, 33.26293977100005], [72.89615376600005, 33.26603977100007], [72.89595376600005, 33.26893977100008], [72.89585376600007, 33.27183977100003], [72.89545376600006, 33.274239771000055], [72.89225376600007, 33.277939771000035], [72.89025376600006, 33.28063977100004], [72.88975376600007, 33.28613977100002], [72.89065376600007, 33.29083977100004], [72.89315376600007, 33.292539771000065], [72.89465376600003, 33.29513977100004], [72.89435376600005, 33.30093977100006], [72.89195376600003, 33.303939771000046], [72.89135376600007, 33.30693977100003], [72.89405376600007, 33.31093977100005], [72.89895376600003, 33.312139771000034], [72.90245376600006, 33.312739771000054], [72.90605376600007, 33.31283977100003], [72.90855376600007, 33.313639771000055], [72.91285376600007, 33.31543977100006], [72.91555376600007, 33.315639771000065], [72.91985376600007, 33.31633977100006], [72.92465376600006, 33.31623977100003], [72.92865376600008, 33.31383977100006], [72.93165376600007, 33.31063977100007], [72.93355376600005, 33.30773977100006], [72.93445376600005, 33.30403977100008], [72.93355376600005, 33.30013977100003], [72.93235376600006, 33.29743977100003], [72.93085376600004, 33.29293977100008], [72.93475376600003, 33.28943977100005], [72.93845376600007, 33.28843977100007], [72.94185376600007, 33.28813977100003], [72.94605376600003, 33.28813977100003], [72.96345376600004, 33.28443977100005]]]}}, {"type": "Feature", "properties": {"uc": "Gaggan", "tehsil": "Rawalpindi Tehsil", "town": "", "expected_cases": 0.0, "historical_cases": 0, "alert": "Green"}, "geometry": {"type": "Polygon", "coordinates": [[[72.91285376600007, 33.31543977100006], [72.90855376600007, 33.313639771000055], [72.90605376600007, 33.31283977100003], [72.90245376600006, 33.312739771000054], [72.89895376600003, 33.312139771000034], [72.89405376600007, 33.31093977100005], [72.89135376600007, 33.30693977100003], [72.89195376600003, 33.303939771000046], [72.89435376600005, 33.30093977100006], [72.89465376600003, 33.29513977100004], [72.89315376600007, 33.292539771000065], [72.89065376600007, 33.29083977100004], [72.88975376600007, 33.28613977100002], [72.89025376600006, 33.28063977100004], [72.89225376600007, 33.277939771000035], [72.89545376600006, 33.274239771000055], [72.89585376600007, 33.27183977100003], [72.89595376600005, 33.26893977100008], [72.89615376600005, 33.26603977100007], [72.89605376600008, 33.26293977100005], [72.89575376600004, 33.25923977100007], [72.89585376600007, 33.25473977100006], [72.89395376600004, 33.251939771000025], [72.89155376600007, 33.25123977100003], [72.88835376600008, 33.25033977100003], [72.88445376600004, 33.24783977100003], [72.88065376600008, 33.24673977100008], [72.87915376600006, 33.250839771000074], [72.87705376600007, 33.253139771000065], [72.87555376600005, 33.25643977100003], [72.87245376600004, 33.259639771000025], [72.86785376600005, 33.26203977100005], [72.86555376600006, 33.264239771000064], [72.86355376600005, 33.268239771000026], [72.86065376600004, 33.267439771000056], [72.85805376600007, 33.268539771000064], [72.85655376600005, 33.270539771000074], [72.85485376600008, 33.27243977100005], [72.85335376600005, 33.27523977100003], [72.85225376600005, 33.277939771000035], [72.85095376600003, 33.28043977100003], [72.84675376600006, 33.277039771000034], [72.84175376600007, 33.27273977100003], [72.83875376600008, 33.27093977100003], [72.83455376600006, 33.268839771000046], [72.83375376600003, 33.270839771000055], [72.83265376600008, 33.27413977100008], [72.82815376600007, 33.28543977100003], [72.82525376600006, 33.284839771000065], [72.81935376600006, 33.28033977100006], [72.81515376600004, 33.278239771000074], [72.81265376600004, 33.27733977100007], [72.80945376600005, 33.277639771000054], [72.80925376600004, 33.28043977100003], [72.80855376600005, 33.28453977100003], [72.80695376600005, 33.289139771000066], [72.80675376600004, 33.29353977100004], [72.80645376600006, 33.29783977100004], [72.79965376600006, 33.30513977100003], [72.79745376600005, 33.308239771000046], [72.80435376600008, 33.31553977100003], [72.80685376600007, 33.317039771000054], [72.81145376600006, 33.319839771000034], [72.81655376600008, 33.318739771000025], [72.81885376600007, 33.319039771000064], [72.82115376600007, 33.31813977100006], [72.82505376600005, 33.315939771000046], [72.82915376600005, 33.317639771000074], [72.83225376600006, 33.319939771000065], [72.83505376600004, 33.32293977100005], [72.83825376600004, 33.32733977100003], [72.84015376600007, 33.329339771000036], [72.84155376600006, 33.32723977100005], [72.84225376600006, 33.32453977100005], [72.84465376600008, 33.33173977100006], [72.84335376600006, 33.33403977100005], [72.84225376600006, 33.338439771000026], [72.84125376600008, 33.341639771000075], [72.83905376600006, 33.34223977100004], [72.83935376600004, 33.34423977100005], [72.85245376600005, 33.346439771000064], [72.86045376600003, 33.34753977100007], [72.86655376600004, 33.35033977100005], [72.86625376600006, 33.34623977100006], [72.86955376600008, 33.34713977100006], [72.87765376600004, 33.353839771000025], [72.87715376600005, 33.351039771000046], [72.87815376600008, 33.34703977100003], [72.87885376600008, 33.34293977100003], [72.87965376600005, 33.339539771000034], [72.87925376600003, 33.33443977100006], [72.87895376600005, 33.33033977100007], [72.88355376600003, 33.329039771000055], [72.88775376600006, 33.32823977100003], [72.89175376600008, 33.32943977100007], [72.89555376600003, 33.329339771000036], [72.89985376600004, 33.32803977100008], [72.90245376600006, 33.32713977100008], [72.90405376600006, 33.325039771000036], [72.90595376600004, 33.323039771000026], [72.90915376600003, 33.31883977100006], [72.91285376600007, 33.31543977100006]]]}}, {"type": "Feature", "properties": {"uc": "Chauntra", "tehsil": "Rawalpindi Tehsil", "town": "", "expected_cases": 0.0, "historical_cases": 37, "alert": "Green"}, "geometry": {"type": "Polygon", "coordinates": [[[72.95815376600007, 33.38303977100003], [72.95895376600004, 33.37973977100006], [72.95885376600006, 33.37403977100007], [72.95855376600008, 33.37023977100006], [72.95915376600004, 33.366439771000046], [72.96125376600008, 33.36363977100007], [72.96515376600007, 33.36253977100006], [72.96765376600007, 33.36003977100006], [72.96995376600006, 33.35973977100008], [72.97225376600005, 33.357839771000044], [72.97465376600007, 33.35573977100006], [72.97725376600005, 33.35313977100003], [72.97855376600006, 33.350239771000076], [72.98095376600008, 33.34653977100004], [72.98285376600006, 33.34193977100006], [72.98475376600004, 33.33783977100006], [72.98635376600004, 33.33583977100005], [72.98975376600004, 33.33123977100007], [72.99075376600007, 33.32823977100003], [72.99165376600007, 33.325539771000024], [72.99435376600007, 33.32083977100007], [72.99915376600006, 33.30913977100005], [72.99175376600004, 33.30523977100006], [72.98495376600005, 33.302539771000056], [72.98175376600005, 33.299339771000064], [72.97935376600003, 33.29513977100004], [72.97435376600004, 33.29343977100007], [72.96875376600008, 33.290539771000056], [72.96345376600004, 33.28443977100005], [72.94605376600003, 33.28813977100003], [72.94185376600007, 33.28813977100003], [72.93845376600007, 33.28843977100007], [72.93475376600003, 33.28943977100005], [72.93085376600004, 33.29293977100008], [72.93235376600006, 33.29743977100003], [72.93355376600005, 33.30013977100003], [72.93445376600005, 33.30403977100008], [72.93355376600005, 33.30773977100006], [72.93165376600007, 33.31063977100007], [72.92865376600008, 33.31383977100006], [72.92465376600006, 33.31623977100003], [72.91985376600007, 33.31633977100006], [72.91555376600007, 33.315639771000065], [72.91285376600007, 33.31543977100006], [72.90915376600003, 33.31883977100006], [72.90595376600004, 33.323039771000026], [72.90405376600006, 33.325039771000036], [72.90245376600006, 33.32713977100008], [72.89985376600004, 33.32803977100008], [72.89555376600003, 33.329339771000036], [72.89175376600008, 33.32943977100007], [72.88775376600006, 33.32823977100003], [72.88355376600003, 33.329039771000055], [72.87895376600005, 33.33033977100007], [72.87925376600003, 33.33443977100006], [72.87965376600005, 33.339539771000034], [72.87885376600008, 33.34293977100003], [72.87815376600008, 33.34703977100003], [72.87715376600005, 33.351039771000046], [72.87765376600004, 33.353839771000025], [72.88095376600006, 33.36003977100006], [72.88375376600004, 33.36523977100006], [72.88485376600005, 33.368439771000055], [72.88745376600008, 33.370439771000065], [72.88975376600007, 33.374139771000046], [72.89345376600005, 33.37513977100008], [72.89555376600003, 33.377839771000026], [72.89555376600003, 33.38303977100003], [72.89715376600003, 33.388039771000024], [72.89815376600006, 33.39173977100006], [72.90025376600005, 33.39793977100004], [72.90775376600004, 33.39833977100005], [72.90815376600005, 33.394939771000054], [72.90965376600008, 33.39113977100004], [72.91015376600006, 33.38683977100004], [72.90755376600004, 33.38513977100007], [72.90785376600007, 33.38173977100007], [72.91175376600006, 33.37943977100008], [72.91455376600004, 33.37873977100003], [72.91725376600004, 33.37773977100005], [72.92125376600006, 33.37593977100005], [72.92575376600007, 33.37503977100005], [72.92955376600008, 33.37483977100004], [72.93215376600006, 33.37633977100006], [72.92785376600006, 33.378139771000065], [72.92565376600004, 33.37873977100003], [72.92155376600005, 33.38073977100004], [72.91875376600007, 33.38393977100003], [72.91835376600005, 33.38653977100006], [72.91935376600003, 33.390939771000035], [72.91825376600008, 33.394439771000066], [72.92545376600003, 33.39933977100003], [72.92835376600004, 33.401239771000064], [72.92835376600004, 33.40423977100005], [72.92655376600004, 33.40653977100004], [72.92475376600004, 33.40813977100004], [72.92265376600005, 33.41073977100007], [72.91915376600008, 33.413539771000046], [72.91595376600003, 33.41533977100005], [72.91435376600003, 33.41743977100003], [72.91195376600007, 33.418939771000055], [72.90955376600004, 33.41943977100004], [72.90535376600008, 33.41933977100007], [72.90325376600003, 33.42253977100006], [72.90505376600004, 33.42493977100003], [72.90985376600008, 33.426639771000055], [72.91445376600007, 33.42683977100006], [72.91715376600007, 33.424639771000045], [72.92215376600006, 33.41933977100007], [72.92645376600007, 33.41473977100003], [72.93115376600008, 33.41283977100005], [72.93465376600005, 33.409739771000034], [72.93635376600008, 33.405839771000046], [72.93725376600008, 33.40303977100007], [72.93725376600008, 33.39773977100003], [72.93715376600005, 33.39263977100006], [72.93805376600005, 33.39033977100007], [72.94155376600008, 33.38833977100006], [72.94495376600008, 33.38693977100007], [72.94855376600003, 33.38643977100003], [72.95305376600004, 33.386139771000046], [72.95475376600007, 33.38483977100003], [72.95815376600007, 33.38303977100003]]]}}, {"type": "Feature", "properties": {"uc": "BANDA", "tehsil": "Rawalpindi Tehsil", "town": "", "expected_cases": 0.0, "historical_cases": 14, "alert": "Green"}, "geometry": {"type": "Polygon", "coordinates": [[[73.11495376600004, 33.36633977100007], [73.11945376600005, 33.36463977100004], [73.12255376600007, 33.36463977100004], [73.12495376600003, 33.36483977100005], [73.12625376600005, 33.36223977100008], [73.12695376600004, 33.35943977100004], [73.12565376600008, 33.35603977100004], [73.12475376600008, 33.353639771000076], [73.12435376600007, 33.35033977100005], [73.12355376600004, 33.34843977100007], [73.11905376600004, 33.34763977100005], [73.11565376600004, 33.34703977100003], [73.11645376600006, 33.34193977100006], [73.11655376600004, 33.339539771000034], [73.11675376600004, 33.33483977100008], [73.11825376600007, 33.33093977100003], [73.11195376600006, 33.33063977100005], [73.10655376600005, 33.33033977100007], [73.10355376600006, 33.32783977100007], [73.11065376600004, 33.32153977100006], [73.11375376600006, 33.31233977100004], [73.11265376600005, 33.30723977100007], [73.10975376600004, 33.308239771000046], [73.10765376600006, 33.310739771000044], [73.10415376600008, 33.312139771000034], [73.09815376600005, 33.31673977100007], [73.09475376600005, 33.31883977100006], [73.09085376600007, 33.32153977100006], [73.08775376600005, 33.32373977100008], [73.08265376600008, 33.32583977100006], [73.07435376600006, 33.32683977100004], [73.06725376600008, 33.32813977100005], [73.06435376600007, 33.32863977100004], [73.05985376600006, 33.327639771000065], [73.05475376600003, 33.32523977100004], [73.05145376600007, 33.32373977100008], [73.04355376600006, 33.32103977100007], [73.03645376600008, 33.31823977100004], [73.03265376600007, 33.31573977100004], [73.02845376600004, 33.317339771000036], [73.02855376600007, 33.321939771000075], [73.02415376600004, 33.32113977100005], [73.02105376600008, 33.32203977100005], [73.01555376600004, 33.32453977100005], [73.01265376600003, 33.32453977100005], [72.99915376600006, 33.30913977100005], [72.99435376600007, 33.32083977100007], [72.99165376600007, 33.325539771000024], [72.99075376600007, 33.32823977100003], [72.98975376600004, 33.33123977100007], [72.98635376600004, 33.33583977100005], [72.98475376600004, 33.33783977100006], [72.98285376600006, 33.34193977100006], [72.98095376600008, 33.34653977100004], [72.97855376600006, 33.350239771000076], [72.97725376600005, 33.35313977100003], [72.98125376600007, 33.35513977100004], [72.98485376600007, 33.35833977100003], [72.98795376600003, 33.35993977100003], [72.99185376600008, 33.36193977100004], [72.99415376600007, 33.36403977100008], [72.99635376600008, 33.36483977100005], [72.99965376600005, 33.36573977100005], [73.00135376600008, 33.36883977100007], [72.99945376600004, 33.37093977100005], [72.99865376600007, 33.374139771000046], [73.00365376600007, 33.37713977100003], [73.00795376600007, 33.37863977100005], [73.01215376600004, 33.38173977100007], [73.01665376600005, 33.38333977100007], [73.02045376600006, 33.38573977100003], [73.02355376600008, 33.387239771000054], [73.03115376600005, 33.38903977100006], [73.03535376600007, 33.390139771000065], [73.04005376600003, 33.39003977100003], [73.04515376600006, 33.38943977100007], [73.05105376600005, 33.38993977100006], [73.05555376600006, 33.39083977100006], [73.05845376600007, 33.39503977100003], [73.05935376600007, 33.39793977100004], [73.06085376600004, 33.400139771000056], [73.06335376600003, 33.40253977100008], [73.06705376600007, 33.402939771000035], [73.06625376600005, 33.39933977100003], [73.06325376600006, 33.39513977100006], [73.06125376600005, 33.39263977100006], [73.06195376600004, 33.390139771000065], [73.06215376600005, 33.38653977100006], [73.06285376600005, 33.382339771000034], [73.06535376600004, 33.38083977100007], [73.06495376600003, 33.37743977100007], [73.06715376600005, 33.37403977100007], [73.06285376600005, 33.37253977100005], [73.06095376600007, 33.373339771000076], [73.05845376600007, 33.373339771000076], [73.05795376600008, 33.369039771000075], [73.05955376600008, 33.36523977100006], [73.06075376600006, 33.36333977100003], [73.06305376600005, 33.361539771000025], [73.06505376600006, 33.35883977100008], [73.06895376600005, 33.357839771000044], [73.06855376600004, 33.35343977100007], [73.06935376600006, 33.34913977100007], [73.07175376600003, 33.34843977100007], [73.07605376600003, 33.352139771000054], [73.07875376600003, 33.35433977100007], [73.08315376600007, 33.35613977100007], [73.08495376600007, 33.35773977100007], [73.08125376600003, 33.360139771000036], [73.08565376600006, 33.365639771000076], [73.09035376600008, 33.37093977100005], [73.09395376600008, 33.368139771000074], [73.09695376600007, 33.36773977100006], [73.09715376600008, 33.362739771000065], [73.09595376600004, 33.36053977100005], [73.09985376600008, 33.36023977100007], [73.10485376600008, 33.360139771000036], [73.10855376600006, 33.36083977100003], [73.11205376600003, 33.36233977100005], [73.11435376600008, 33.36423977100003], [73.11495376600004, 33.36633977100007]]]}}, {"type": "Feature", "properties": {"uc": "Chhappar", "tehsil": "Rawalpindi Tehsil", "town": "", "expected_cases": 0.0, "historical_cases": 29, "alert": "Green"}, "geometry": {"type": "Polygon", "coordinates": [[[73.05555376600006, 33.45873977100007], [73.05885376600008, 33.45663977100003], [73.06125376600005, 33.45533977100007], [73.06395376600005, 33.45273977100004], [73.06555376600005, 33.44983977100003], [73.06615376600007, 33.44683977100004], [73.06895376600005, 33.44463977100003], [73.07175376600003, 33.44193977100008], [73.07435376600006, 33.439439771000025], [73.07765376600008, 33.44133977100006], [73.08125376600003, 33.44413977100004], [73.08445376600008, 33.44643977100003], [73.08775376600005, 33.44503977100004], [73.09425376600007, 33.443439771000044], [73.09315376600006, 33.44053977100003], [73.09275376600004, 33.437239771000066], [73.09335376600006, 33.43423977100008], [73.09645376600008, 33.43123977100004], [73.09585376600006, 33.427539771000056], [73.09685376600004, 33.42493977100003], [73.09965376600007, 33.42333977100003], [73.10065376600005, 33.421239771000046], [73.10095376600003, 33.41783977100005], [73.10185376600003, 33.41333977100004], [73.09915376600003, 33.41093977100007], [73.09585376600006, 33.40943977100005], [73.09265376600007, 33.40813977100004], [73.08945376600008, 33.40793977100003], [73.08665376600004, 33.40943977100005], [73.08365376600005, 33.41193977100005], [73.08025376600006, 33.415239771000074], [73.07745376600008, 33.41103977100005], [73.07945376600003, 33.40943977100005], [73.08205376600006, 33.406939771000054], [73.08395376600004, 33.404339771000025], [73.08515376600008, 33.40053977100007], [73.08495376600007, 33.39823977100008], [73.08155376600007, 33.39593977100003], [73.07975376600007, 33.39273977100004], [73.08025376600006, 33.388939771000025], [73.08075376600004, 33.386139771000046], [73.08065376600007, 33.38303977100003], [73.08305376600003, 33.38163977100004], [73.08455376600006, 33.37943977100008], [73.08715376600003, 33.38143977100003], [73.09085376600007, 33.38543977100005], [73.09445376600007, 33.386639771000034], [73.09875376600007, 33.38793977100005], [73.10235376600008, 33.38903977100006], [73.10495376600005, 33.38793977100005], [73.10595376600008, 33.38543977100005], [73.10505376600008, 33.38273977100005], [73.10505376600008, 33.379539771000054], [73.10625376600007, 33.37633977100006], [73.10715376600007, 33.37253977100005], [73.10735376600007, 33.369239771000025], [73.11005376600008, 33.366939771000034], [73.11495376600004, 33.36633977100007], [73.11435376600008, 33.36423977100003], [73.11205376600003, 33.36233977100005], [73.10855376600006, 33.36083977100003], [73.10485376600008, 33.360139771000036], [73.09985376600008, 33.36023977100007], [73.09595376600004, 33.36053977100005], [73.09715376600008, 33.362739771000065], [73.09695376600007, 33.36773977100006], [73.09395376600008, 33.368139771000074], [73.09035376600008, 33.37093977100005], [73.08565376600006, 33.365639771000076], [73.08125376600003, 33.360139771000036], [73.08495376600007, 33.35773977100007], [73.08315376600007, 33.35613977100007], [73.07875376600003, 33.35433977100007], [73.07605376600003, 33.352139771000054], [73.07175376600003, 33.34843977100007], [73.06935376600006, 33.34913977100007], [73.06855376600004, 33.35343977100007], [73.06895376600005, 33.357839771000044], [73.06505376600006, 33.35883977100008], [73.06305376600005, 33.361539771000025], [73.06075376600006, 33.36333977100003], [73.05955376600008, 33.36523977100006], [73.05795376600008, 33.369039771000075], [73.05845376600007, 33.373339771000076], [73.06095376600007, 33.373339771000076], [73.06285376600005, 33.37253977100005], [73.06715376600005, 33.37403977100007], [73.06495376600003, 33.37743977100007], [73.06535376600004, 33.38083977100007], [73.06285376600005, 33.382339771000034], [73.06215376600005, 33.38653977100006], [73.06195376600004, 33.390139771000065], [73.06125376600005, 33.39263977100006], [73.06325376600006, 33.39513977100006], [73.06625376600005, 33.39933977100003], [73.06705376600007, 33.402939771000035], [73.06335376600003, 33.40253977100008], [73.06085376600004, 33.400139771000056], [73.05935376600007, 33.39793977100004], [73.05845376600007, 33.39503977100003], [73.05555376600006, 33.39083977100006], [73.05105376600005, 33.38993977100006], [73.04515376600006, 33.38943977100007], [73.04005376600003, 33.39003977100003], [73.03535376600007, 33.390139771000065], [73.03115376600005, 33.38903977100006], [73.02355376600008, 33.387239771000054], [73.02045376600006, 33.38573977100003], [73.01665376600005, 33.38333977100007], [73.01215376600004, 33.38173977100007], [73.00795376600007, 33.37863977100005], [73.00365376600007, 33.37713977100003], [72.99865376600007, 33.374139771000046], [72.99945376600004, 33.37093977100005], [73.00135376600008, 33.36883977100007], [72.99965376600005, 33.36573977100005], [72.99635376600008, 33.36483977100005], [72.99415376600007, 33.36403977100008], [72.99185376600008, 33.36193977100004], [72.98795376600003, 33.35993977100003], [72.98485376600007, 33.35833977100003], [72.98125376600007, 33.35513977100004], [72.97725376600005, 33.35313977100003], [72.97465376600007, 33.35573977100006], [72.97225376600005, 33.357839771000044], [72.96995376600006, 33.35973977100008], [72.96765376600007, 33.36003977100006], [72.96515376600007, 33.36253977100006], [72.96125376600008, 33.36363977100007], [72.95915376600004, 33.366439771000046], [72.95855376600008, 33.37023977100006], [72.95885376600006, 33.37403977100007], [72.95895376600004, 33.37973977100006], [72.95815376600007, 33.38303977100003], [72.95865376600005, 33.38743977100006], [72.96075376600004, 33.39373977100007], [72.96245376600007, 33.40143977100007], [72.96365376600005, 33.409839771000065], [72.96195376600008, 33.411239771000055], [72.96115376600005, 33.41423977100004], [72.96175376600007, 33.41683977100007], [72.96115376600005, 33.421739771000034], [72.96215376600003, 33.425239771000065], [72.96455376600005, 33.42873977100004], [72.96905376600006, 33.43393977100004], [72.97115376600004, 33.437239771000066], [72.97465376600007, 33.438639771000055], [72.97855376600006, 33.441539771000066], [72.98125376600007, 33.441539771000066], [72.98445376600006, 33.44103977100008], [72.98905376600004, 33.44173977100007], [72.99175376600004, 33.442339771000036], [72.99535376600005, 33.443539771000076], [72.99865376600007, 33.44563977100006], [73.00295376600008, 33.44893977100003], [73.00705376600007, 33.45243977100006], [73.00885376600007, 33.45473977100005], [73.01095376600006, 33.458039771000074], [73.01395376600004, 33.46163977100008], [73.01505376600005, 33.46473977100004], [73.01705376600006, 33.46783977100006], [73.01895376600004, 33.470239771000024], [73.02065376600007, 33.471739771000045], [73.02345376600005, 33.46913977100007], [73.02755376600004, 33.46653977100004], [73.03135376600005, 33.46483977100007], [73.03505376600003, 33.462539771000024], [73.03945376600007, 33.459739771000045], [73.04305376600007, 33.45723977100005], [73.04555376600007, 33.45783977100007], [73.05075376600007, 33.45873977100007], [73.05555376600006, 33.45873977100007]]]}}, {"type": "Feature", "properties": {"uc": "BASALI", "tehsil": "Rawalpindi Tehsil", "town": "", "expected_cases": 0.0, "historical_cases": 18, "alert": "Green"}, "geometry": {"type": "Polygon", "coordinates": [[[73.14045376600006, 33.425239771000065], [73.14005376600005, 33.420939771000064], [73.13745376600008, 33.418939771000055], [73.13395376600005, 33.41573977100006], [73.13365376600007, 33.413239771000065], [73.13795376600007, 33.41343977100007], [73.14365376600006, 33.41383977100003], [73.14795376600006, 33.41383977100003], [73.15085376600007, 33.41533977100005], [73.15405376600006, 33.416139771000076], [73.15715376600008, 33.41383977100003], [73.15815376600005, 33.408939771000064], [73.15985376600008, 33.40713977100006], [73.16105376600007, 33.40473977100004], [73.16215376600007, 33.40223977100004], [73.16505376600003, 33.39843977100003], [73.16725376600004, 33.39603977100006], [73.16975376600004, 33.39513977100006], [73.18405376600003, 33.39273977100004], [73.18815376600008, 33.38403977100006], [73.19015376600004, 33.37773977100005], [73.18095376600007, 33.372139771000036], [73.17765376600005, 33.368339771000024], [73.17245376600005, 33.367839771000035], [73.17015376600006, 33.36233977100005], [73.16585376600005, 33.36023977100007], [73.16295376600004, 33.35533977100005], [73.15915376600003, 33.351539771000034], [73.15835376600006, 33.34803977100006], [73.14695376600008, 33.34703977100003], [73.13625376600004, 33.34603977100005], [73.13615376600006, 33.34283977100006], [73.13485376600005, 33.33493977100005], [73.13445376600004, 33.33233977100008], [73.13445376600004, 33.32923977100006], [73.13365376600007, 33.32573977100003], [73.12525376600007, 33.32853977100007], [73.11825376600007, 33.33093977100003], [73.11675376600004, 33.33483977100008], [73.11655376600004, 33.339539771000034], [73.11645376600006, 33.34193977100006], [73.11565376600004, 33.34703977100003], [73.11905376600004, 33.34763977100005], [73.12355376600004, 33.34843977100007], [73.12435376600007, 33.35033977100005], [73.12475376600008, 33.353639771000076], [73.12565376600008, 33.35603977100004], [73.12695376600004, 33.35943977100004], [73.12625376600005, 33.36223977100008], [73.12495376600003, 33.36483977100005], [73.12255376600007, 33.36463977100004], [73.11945376600005, 33.36463977100004], [73.11495376600004, 33.36633977100007], [73.11005376600008, 33.366939771000034], [73.10735376600007, 33.369239771000025], [73.10715376600007, 33.37253977100005], [73.10625376600007, 33.37633977100006], [73.10505376600008, 33.379539771000054], [73.10505376600008, 33.38273977100005], [73.10595376600008, 33.38543977100005], [73.10495376600005, 33.38793977100005], [73.10235376600008, 33.38903977100006], [73.09875376600007, 33.38793977100005], [73.09445376600007, 33.386639771000034], [73.09085376600007, 33.38543977100005], [73.08715376600003, 33.38143977100003], [73.08455376600006, 33.37943977100008], [73.08305376600003, 33.38163977100004], [73.08065376600007, 33.38303977100003], [73.08075376600004, 33.386139771000046], [73.08025376600006, 33.388939771000025], [73.07975376600007, 33.39273977100004], [73.08155376600007, 33.39593977100003], [73.08495376600007, 33.39823977100008], [73.08515376600008, 33.40053977100007], [73.08395376600004, 33.404339771000025], [73.08205376600006, 33.406939771000054], [73.07945376600003, 33.40943977100005], [73.07745376600008, 33.41103977100005], [73.08025376600006, 33.415239771000074], [73.08365376600005, 33.41193977100005], [73.08665376600004, 33.40943977100005], [73.08945376600008, 33.40793977100003], [73.09265376600007, 33.40813977100004], [73.09585376600006, 33.40943977100005], [73.09915376600003, 33.41093977100007], [73.10185376600003, 33.41333977100004], [73.10095376600003, 33.41783977100005], [73.10065376600005, 33.421239771000046], [73.09965376600007, 33.42333977100003], [73.09685376600004, 33.42493977100003], [73.09585376600006, 33.427539771000056], [73.09645376600008, 33.43123977100004], [73.09845376600003, 33.430939771000055], [73.10105376600006, 33.430939771000055], [73.10525376600003, 33.433739771000035], [73.10845376600008, 33.43343977100005], [73.11205376600003, 33.43333977100008], [73.11475376600004, 33.43253977100005], [73.11665376600007, 33.430939771000055], [73.11595376600008, 33.42683977100006], [73.11485376600007, 33.42273977100007], [73.11815376600003, 33.42083977100003], [73.12085376600004, 33.420639771000026], [73.12445376600004, 33.42243977100003], [73.13415376600005, 33.42253977100006], [73.14045376600006, 33.425239771000065]]]}}, {"type": "Feature", "properties": {"uc": "TAKHT PARI", "tehsil": "Rawalpindi Tehsil", "town": "", "expected_cases": 0.0, "historical_cases": 82, "alert": "Yellow"}, "geometry": {"type": "Polygon", "coordinates": [[[73.19135376600008, 33.49363977100006], [73.19095376600006, 33.489439771000036], [73.18955376600007, 33.48353977100004], [73.18655376600003, 33.48523977100007], [73.18275376600008, 33.486339771000075], [73.17935376600008, 33.485739771000055], [73.17615376600008, 33.48583977100003], [73.17255376600008, 33.483439771000064], [73.16845376600008, 33.47953977100008], [73.16475376600005, 33.47703977100008], [73.16115376600004, 33.47303977100006], [73.16015376600006, 33.46933977100008], [73.16315376600005, 33.46583977100005], [73.16355376600006, 33.46283977100006], [73.16385376600005, 33.458839771000044], [73.16295376600004, 33.45563977100005], [73.15745376600006, 33.45393977100008], [73.15365376600005, 33.45413977100003], [73.15045376600006, 33.45333977100006], [73.14765376600008, 33.45233977100003], [73.14525376600005, 33.45083977100006], [73.14195376600003, 33.448039771000026], [73.14065376600007, 33.44603977100007], [73.14415376600004, 33.444339771000045], [73.14555376600003, 33.43983977100004], [73.14395376600004, 33.43623977100003], [73.14565376600007, 33.43483977100004], [73.14685376600005, 33.43343977100005], [73.14305376600004, 33.430339771000035], [73.14145376600004, 33.428639771000064], [73.14045376600006, 33.425239771000065], [73.13415376600005, 33.42253977100006], [73.12445376600004, 33.42243977100003], [73.12085376600004, 33.420639771000026], [73.11815376600003, 33.42083977100003], [73.11485376600007, 33.42273977100007], [73.11595376600008, 33.42683977100006], [73.11665376600007, 33.430939771000055], [73.11475376600004, 33.43253977100005], [73.11205376600003, 33.43333977100008], [73.10845376600008, 33.43343977100005], [73.10525376600003, 33.433739771000035], [73.10105376600006, 33.430939771000055], [73.09845376600003, 33.430939771000055], [73.09645376600008, 33.43123977100004], [73.09335376600006, 33.43423977100008], [73.09275376600004, 33.437239771000066], [73.09315376600006, 33.44053977100003], [73.09425376600007, 33.443439771000044], [73.08775376600005, 33.44503977100004], [73.08445376600008, 33.44643977100003], [73.08495376600007, 33.45043977100005], [73.08435376600005, 33.45583977100006], [73.08905376600006, 33.45943977100006], [73.09135376600005, 33.46183977100003], [73.09365376600005, 33.46383977100004], [73.09515376600007, 33.46593977100002], [73.09585376600006, 33.46953977100003], [73.09445376600007, 33.47363977100002], [73.09445376600007, 33.477139771000054], [73.09535376600007, 33.47923977100004], [73.09815376600005, 33.48273977100007], [73.10045376600004, 33.48643977100005], [73.10075376600008, 33.489739771000075], [73.10015376600006, 33.49303977100004], [73.09895376600008, 33.497739771000056], [73.09825376600008, 33.50033977100003], [73.09685376600004, 33.50353977100008], [73.09515376600007, 33.50703977100005], [73.09425376600007, 33.50923977100007], [73.09315376600006, 33.51183977100004], [73.09035376600008, 33.515939771000035], [73.08795376600006, 33.52103977100006], [73.08755376600004, 33.52403977100005], [73.08705376600005, 33.52683977100003], [73.08575376600004, 33.53073977100007], [73.08795376600006, 33.535339771000054], [73.09275376600004, 33.53973977100003], [73.10095376600003, 33.53593977100007], [73.10545376600004, 33.533939771000064], [73.11485376600007, 33.52953977100003], [73.12275376600007, 33.52583977100005], [73.13045376600007, 33.52213977100007], [73.13655376600008, 33.519439771000066], [73.14025376600006, 33.51763977100006], [73.14775376600005, 33.51413977100003], [73.15325376600003, 33.511639771000034], [73.16025376600004, 33.50813977100006], [73.16675376600006, 33.505139771000074], [73.16955376600004, 33.50383977100006], [73.17525376600008, 33.50103977100002], [73.18145376600006, 33.49813977100007], [73.18445376600005, 33.49673977100008], [73.19135376600008, 33.49363977100006]]]}}, {"type": "Feature", "properties": {"uc": "BAGGA SHEIKHAN", "tehsil": "Rawalpindi Tehsil", "town": "", "expected_cases": 0.0, "historical_cases": 28, "alert": "Green"}, "geometry": {"type": "Polygon", "coordinates": [[[73.18955376600007, 33.48353977100004], [73.18875376600005, 33.48023977100007], [73.18805376600005, 33.47693977100005], [73.18695376600004, 33.47343977100007], [73.18665376600006, 33.470839771000044], [73.18695376600004, 33.46783977100006], [73.18565376600003, 33.46473977100004], [73.18705376600008, 33.46293977100004], [73.18975376600008, 33.46133977100004], [73.19245376600003, 33.460339771000065], [73.19655376600008, 33.45953977100004], [73.19975376600007, 33.46063977100005], [73.20225376600007, 33.46213977100007], [73.20595376600005, 33.463139771000044], [73.20685376600005, 33.46103977100006], [73.20625376600003, 33.45753977100003], [73.20495376600007, 33.454339771000036], [73.20275376600006, 33.45213977100008], [73.20205376600006, 33.449239771000066], [73.20535376600003, 33.44853977100007], [73.20675376600008, 33.44603977100007], [73.20825376600004, 33.44223977100006], [73.21215376600003, 33.441539771000066], [73.21335376600007, 33.438339771000074], [73.21295376600006, 33.43543977100006], [73.21365376600005, 33.43283977100003], [73.21485376600003, 33.42993977100008], [73.21615376600005, 33.42613977100007], [73.21415376600004, 33.422939771000074], [73.21275376600005, 33.42143977100005], [73.20965376600003, 33.41963977100005], [73.19955376600007, 33.41683977100007], [73.18915376600006, 33.41433977100007], [73.18995376600003, 33.40733977100007], [73.18995376600003, 33.40423977100005], [73.18995376600003, 33.40183977100003], [73.18575376600006, 33.39693977100006], [73.18405376600003, 33.39273977100004], [73.16975376600004, 33.39513977100006], [73.16725376600004, 33.39603977100006], [73.16505376600003, 33.39843977100003], [73.16215376600007, 33.40223977100004], [73.16105376600007, 33.40473977100004], [73.15985376600008, 33.40713977100006], [73.15815376600005, 33.408939771000064], [73.15715376600008, 33.41383977100003], [73.15405376600006, 33.416139771000076], [73.15085376600007, 33.41533977100005], [73.14795376600006, 33.41383977100003], [73.14365376600006, 33.41383977100003], [73.13795376600007, 33.41343977100007], [73.13365376600007, 33.413239771000065], [73.13395376600005, 33.41573977100006], [73.13745376600008, 33.418939771000055], [73.14005376600005, 33.420939771000064], [73.14045376600006, 33.425239771000065], [73.14145376600004, 33.428639771000064], [73.14305376600004, 33.430339771000035], [73.14685376600005, 33.43343977100005], [73.14565376600007, 33.43483977100004], [73.14395376600004, 33.43623977100003], [73.14555376600003, 33.43983977100004], [73.14415376600004, 33.444339771000045], [73.14065376600007, 33.44603977100007], [73.14195376600003, 33.448039771000026], [73.14525376600005, 33.45083977100006], [73.14765376600008, 33.45233977100003], [73.15045376600006, 33.45333977100006], [73.15365376600005, 33.45413977100003], [73.15745376600006, 33.45393977100008], [73.16295376600004, 33.45563977100005], [73.16385376600005, 33.458839771000044], [73.16355376600006, 33.46283977100006], [73.16315376600005, 33.46583977100005], [73.16015376600006, 33.46933977100008], [73.16115376600004, 33.47303977100006], [73.16475376600005, 33.47703977100008], [73.16845376600008, 33.47953977100008], [73.17255376600008, 33.483439771000064], [73.17615376600008, 33.48583977100003], [73.17935376600008, 33.485739771000055], [73.18275376600008, 33.486339771000075], [73.18655376600003, 33.48523977100007], [73.18955376600007, 33.48353977100004]]]}}, {"type": "Feature", "properties": {"uc": "LOHDRA", "tehsil": "Rawalpindi Tehsil", "town": "", "expected_cases": 0.0, "historical_cases": 51, "alert": "Yellow"}, "geometry": {"type": "Polygon", "coordinates": [[[73.24125376600006, 33.45933977100003], [73.24015376600005, 33.46143977100007], [73.23815376600004, 33.46363977100003], [73.23515376600005, 33.466039771000055], [73.23285376600006, 33.468339771000046], [73.22935376600003, 33.46633977100004], [73.22625376600007, 33.46143977100007], [73.22295376600005, 33.461239771000066], [73.21905376600006, 33.46083977100005], [73.21745376600006, 33.45843977100003], [73.21535376600008, 33.456939771000066], [73.21455376600005, 33.45503977100003], [73.21365376600005, 33.45223977100005], [73.21275376600005, 33.44943977100007], [73.21215376600003, 33.44503977100004], [73.21215376600003, 33.441539771000066], [73.20825376600004, 33.44223977100006], [73.20675376600008, 33.44603977100007], [73.20535376600003, 33.44853977100007], [73.20205376600006, 33.449239771000066], [73.20275376600006, 33.45213977100008], [73.20495376600007, 33.454339771000036], [73.20625376600003, 33.45753977100003], [73.20685376600005, 33.46103977100006], [73.20595376600005, 33.463139771000044], [73.20225376600007, 33.46213977100007], [73.19975376600007, 33.46063977100005], [73.19655376600008, 33.45953977100004], [73.19245376600003, 33.460339771000065], [73.18975376600008, 33.46133977100004], [73.18705376600008, 33.46293977100004], [73.18565376600003, 33.46473977100004], [73.18695376600004, 33.46783977100006], [73.18665376600006, 33.470839771000044], [73.18695376600004, 33.47343977100007], [73.18805376600005, 33.47693977100005], [73.18875376600005, 33.48023977100007], [73.18955376600007, 33.48353977100004], [73.19095376600006, 33.489439771000036], [73.19135376600008, 33.49363977100006], [73.19675376600003, 33.491139771000064], [73.19975376600007, 33.489739771000075], [73.20175376600008, 33.49183977100006], [73.20435376600005, 33.49473977100007], [73.20785376600008, 33.498339771000076], [73.21015376600008, 33.50073977100004], [73.21565376600006, 33.50643977100003], [73.21795376600005, 33.508839771000055], [73.22415376600003, 33.51533977100007], [73.22545376600004, 33.51153977100006], [73.23035376600006, 33.51003977100004], [73.23465376600006, 33.51073977100003], [73.23725376600004, 33.51213977100008], [73.23955376600003, 33.50673977100007], [73.24335376600004, 33.50153977100007], [73.24265376600005, 33.49943977100003], [73.24285376600005, 33.49563977100007], [73.24055376600006, 33.49243977100008], [73.23955376600003, 33.49563977100007], [73.24045376600003, 33.497639771000024], [73.24095376600008, 33.499739771000066], [73.23925376600005, 33.49983977100004], [73.23675376600005, 33.49783977100003], [73.23485376600007, 33.49523977100006], [73.23325376600008, 33.49233977100005], [73.23425376600005, 33.489439771000036], [73.23525376600003, 33.48743977100003], [73.23615376600003, 33.485639771000024], [73.23945376600005, 33.48583977100003], [73.24005376600007, 33.48073977100006], [73.24085376600004, 33.47623977100005], [73.24175376600004, 33.47263977100005], [73.24385376600003, 33.46793977100003], [73.24435376600007, 33.46333977100005], [73.24125376600006, 33.45933977100003]]]}}, {"type": "Feature", "properties": {"uc": "SAGRI KALAN", "tehsil": "Rawalpindi Tehsil", "town": "", "expected_cases": 0.0, "historical_cases": 22, "alert": "Green"}, "geometry": {"type": "Polygon", "coordinates": [[[73.27795376600005, 33.48023977100007], [73.27815376600006, 33.47693977100005], [73.27685376600004, 33.47343977100007], [73.27595376600004, 33.470339771000056], [73.27385376600006, 33.466639771000075], [73.27235376600004, 33.46433977100003], [73.27055376600003, 33.46153977100005], [73.26935376600005, 33.458339771000055], [73.26675376600008, 33.45503977100003], [73.26175376600008, 33.449139771000034], [73.25935376600006, 33.44553977100003], [73.25485376600005, 33.438639771000055], [73.25065376600008, 33.432339771000045], [73.24765376600004, 33.42773977100006], [73.24265376600005, 33.424639771000045], [73.23865376600008, 33.42133977100008], [73.23465376600006, 33.416939771000045], [73.23225376600004, 33.416339771000025], [73.22835376600005, 33.415239771000074], [73.22435376600004, 33.413239771000065], [73.22215376600008, 33.41213977100006], [73.21955376600005, 33.41003977100007], [73.21755376600004, 33.41283977100005], [73.21715376600008, 33.416339771000025], [73.21775376600004, 33.42103977100004], [73.21275376600005, 33.42143977100005], [73.21415376600004, 33.422939771000074], [73.21615376600005, 33.42613977100007], [73.21485376600003, 33.42993977100008], [73.21365376600005, 33.43283977100003], [73.21295376600006, 33.43543977100006], [73.21335376600007, 33.438339771000074], [73.21215376600003, 33.441539771000066], [73.21215376600003, 33.44503977100004], [73.21275376600005, 33.44943977100007], [73.21365376600005, 33.45223977100005], [73.21455376600005, 33.45503977100003], [73.21535376600008, 33.456939771000066], [73.21745376600006, 33.45843977100003], [73.21905376600006, 33.46083977100005], [73.22295376600005, 33.461239771000066], [73.22625376600007, 33.46143977100007], [73.22935376600003, 33.46633977100004], [73.23285376600006, 33.468339771000046], [73.23515376600005, 33.466039771000055], [73.23815376600004, 33.46363977100003], [73.24015376600005, 33.46143977100007], [73.24125376600006, 33.45933977100003], [73.24305376600006, 33.45753977100003], [73.24655376600003, 33.45923977100006], [73.24965376600005, 33.46133977100004], [73.24915376600006, 33.46583977100005], [73.24915376600006, 33.470939771000076], [73.24975376600008, 33.47423977100004], [73.25045376600008, 33.477439771000036], [73.25135376600008, 33.482039771000075], [73.25215376600005, 33.484239771000034], [73.25275376600007, 33.48763977100003], [73.25525376600007, 33.486539771000025], [73.25815376600008, 33.48403977100003], [73.26175376600008, 33.48273977100007], [73.26565376600007, 33.48333977100003], [73.27795376600005, 33.48023977100007]]]}}, {"type": "Feature", "properties": {"uc": "107 UC", "tehsil": "Rawalpindi Tehsil", "town": "", "expected_cases": 0.0, "historical_cases": 8, "alert": "Green"}, "geometry": {"type": "Polygon", "coordinates": [[[73.29515376600006, 33.53173977100005], [73.29325376600008, 33.53013977100005], [73.29145376600007, 33.52813977100004], [73.29225376600004, 33.52493977100005], [73.29295376600004, 33.52203977100004], [73.29275376600003, 33.519939771000054], [73.29145376600007, 33.51763977100006], [73.28835376600006, 33.515939771000035], [73.28455376600004, 33.51333977100006], [73.28265376600007, 33.50923977100007], [73.28125376600008, 33.50573977100004], [73.27945376600007, 33.503139771000065], [73.27785376600008, 33.50063977100007], [73.27695376600008, 33.49783977100003], [73.27705376600005, 33.495439771000065], [73.27785376600008, 33.49263977100003], [73.27915376600004, 33.48843977100006], [73.27855376600007, 33.48493977100003], [73.27795376600005, 33.48023977100007], [73.26565376600007, 33.48333977100003], [73.26175376600008, 33.48273977100007], [73.25815376600008, 33.48403977100003], [73.25525376600007, 33.486539771000025], [73.25275376600007, 33.48763977100003], [73.25215376600005, 33.484239771000034], [73.25135376600008, 33.482039771000075], [73.25045376600008, 33.477439771000036], [73.24975376600008, 33.47423977100004], [73.24915376600006, 33.470939771000076], [73.24915376600006, 33.46583977100005], [73.24965376600005, 33.46133977100004], [73.24655376600003, 33.45923977100006], [73.24305376600006, 33.45753977100003], [73.24125376600006, 33.45933977100003], [73.24435376600007, 33.46333977100005], [73.24385376600003, 33.46793977100003], [73.24175376600004, 33.47263977100005], [73.24085376600004, 33.47623977100005], [73.24005376600007, 33.48073977100006], [73.23945376600005, 33.48583977100003], [73.23615376600003, 33.485639771000024], [73.23525376600003, 33.48743977100003], [73.23425376600005, 33.489439771000036], [73.23325376600008, 33.49233977100005], [73.23485376600007, 33.49523977100006], [73.23675376600005, 33.49783977100003], [73.23925376600005, 33.49983977100004], [73.24095376600008, 33.499739771000066], [73.24045376600003, 33.497639771000024], [73.23955376600003, 33.49563977100007], [73.24055376600006, 33.49243977100008], [73.24285376600005, 33.49563977100007], [73.24265376600005, 33.49943977100003], [73.24335376600004, 33.50153977100007], [73.23955376600003, 33.50673977100007], [73.23725376600004, 33.51213977100008], [73.23465376600006, 33.51073977100003], [73.23035376600006, 33.51003977100004], [73.22545376600004, 33.51153977100006], [73.22415376600003, 33.51533977100007], [73.23135376600004, 33.52293977100004], [73.23635376600004, 33.52813977100004], [73.23995376600004, 33.53173977100005], [73.24605376600005, 33.53803977100006], [73.25105376600004, 33.54323977100006], [73.25905376600008, 33.55053977100005], [73.26615376600006, 33.55713977100004], [73.26865376600006, 33.559639771000036], [73.27355376600008, 33.56463977100003], [73.27535376600008, 33.56673977100007], [73.27945376600007, 33.57113977100005], [73.28225376600005, 33.573339771000065], [73.28395376600008, 33.571339771000055], [73.28595376600003, 33.569839771000034], [73.28735376600008, 33.56803977100003], [73.29035376600007, 33.56623977100003], [73.29125376600007, 33.56183977100005], [73.29325376600008, 33.560239771000056], [73.29535376600006, 33.55983977100004], [73.29585376600005, 33.556739771000025], [73.29485376600007, 33.55383977100007], [73.29245376600005, 33.549339771000064], [73.29145376600007, 33.545439771000076], [73.29185376600003, 33.54243977100003], [73.29205376600004, 33.539139771000066], [73.29345376600008, 33.535639771000035], [73.29515376600006, 33.53173977100005]]]}}, {"type": "Feature", "properties": {"uc": "GANGAL", "tehsil": "Rawalpindi Tehsil", "town": "", "expected_cases": 0.0, "historical_cases": 33, "alert": "Green"}, "geometry": {"type": "Polygon", "coordinates": [[[73.13715376600004, 33.582439771000054], [73.14045376600006, 33.57663977100003], [73.14305376600004, 33.57203977100005], [73.13775376600006, 33.56913977100004], [73.13175376600003, 33.56583977100007], [73.11795376600008, 33.579939771000056], [73.12635376600008, 33.58403977100005], [73.13485376600005, 33.58653977100005], [73.13715376600004, 33.582439771000054]]]}}, {"type": "Feature", "properties": {"uc": "RATTA AMRAL", "tehsil": "Rawalpindi Tehsil", "town": "", "expected_cases": 0.0, "historical_cases": 15, "alert": "Green"}, "geometry": {"type": "Polygon", "coordinates": [[[73.02325376600004, 33.607339771000056], [73.02475376600006, 33.61113977100007], [73.02855376600007, 33.61463977100004], [73.02975376600006, 33.61103977100004], [73.02665376600004, 33.608439771000064], [73.02325376600004, 33.607339771000056]]]}}, {"type": "Feature", "properties": {"uc": "DHOK RATTA", "tehsil": "Rawalpindi Tehsil", "town": "", "expected_cases": 0.0, "historical_cases": 33, "alert": "Green"}, "geometry": {"type": "Polygon", "coordinates": [[[73.03795376600004, 33.59853977100005], [73.03865376600004, 33.596139771000026], [73.03535376600007, 33.59623977100006], [73.03225376600005, 33.59853977100005], [73.03705376600004, 33.60113977100008], [73.03795376600004, 33.59853977100005]]]}}, {"type": "Feature", "properties": {"uc": "HAZARA COLONY", "tehsil": "Rawalpindi Tehsil", "town": "", "expected_cases": 0.0, "historical_cases": 1, "alert": "Green"}, "geometry": {"type": "Polygon", "coordinates": [[[73.03705376600004, 33.60113977100008], [73.03225376600005, 33.59853977100005], [73.03195376600007, 33.601539771000034], [73.03255376600004, 33.60343977100007], [73.03605376600007, 33.604139771000064], [73.03705376600004, 33.60113977100008]]]}}, {"type": "Feature", "properties": {"uc": "DHOK MANGTAL", "tehsil": "Rawalpindi Tehsil", "town": "", "expected_cases": 0.0, "historical_cases": 1, "alert": "Green"}, "geometry": {"type": "Polygon", "coordinates": [[[73.04675376600005, 33.59603977100005], [73.04385376600004, 33.59343977100008], [73.04265376600006, 33.59883977100003], [73.04545376600004, 33.600439771000026], [73.04675376600005, 33.59603977100005]]]}}, {"type": "Feature", "properties": {"uc": "DHOK HASSU(NORTH)", "tehsil": "Rawalpindi Tehsil", "town": "", "expected_cases": 0.0, "historical_cases": 0, "alert": "Green"}, "geometry": {"type": "Polygon", "coordinates": [[[73.04385376600004, 33.59343977100008], [73.04095376600003, 33.59453977100003], [73.03835376600006, 33.59233977100007], [73.03535376600007, 33.59623977100006], [73.03865376600004, 33.596139771000026], [73.03795376600004, 33.59853977100005], [73.04265376600006, 33.59883977100003], [73.04385376600004, 33.59343977100008]]]}}, {"type": "Feature", "properties": {"uc": "DHOK HASSU(SOUTH)", "tehsil": "Rawalpindi Tehsil", "town": "", "expected_cases": 0.0, "historical_cases": 0, "alert": "Green"}, "geometry": {"type": "Polygon", "coordinates": [[[73.04545376600004, 33.600439771000026], [73.04265376600006, 33.59883977100003], [73.03795376600004, 33.59853977100005], [73.03705376600004, 33.60113977100008], [73.04025376600003, 33.60233977100006], [73.04375376600007, 33.604439771000045], [73.04545376600004, 33.600439771000026]]]}}, {"type": "Feature", "properties": {"uc": "PIR WADHI", "tehsil": "Rawalpindi Tehsil", "town": "", "expected_cases": 0.0, "historical_cases": 5, "alert": "Green"}, "geometry": {"type": "Polygon", "coordinates": [[[73.04175376600006, 33.610439771000074], [73.03865376600004, 33.608139771000026], [73.03735376600008, 33.61053977100005], [73.03735376600008, 33.61343977100006], [73.04025376600003, 33.61423977100003], [73.04175376600006, 33.610439771000074]]]}}, {"type": "Feature", "properties": {"uc": "FAUJI COLONY", "tehsil": "Rawalpindi Tehsil", "town": "", "expected_cases": 0.0, "historical_cases": 5, "alert": "Green"}, "geometry": {"type": "MultiPolygon", "coordinates": [[[[73.04685376600008, 33.591039771000055], [73.04385376600004, 33.59343977100008], [73.04675376600005, 33.59603977100005], [73.04685376600008, 33.591039771000055]]], [[[73.05185376600008, 33.58463977100007], [73.04975376600004, 33.58283977100007], [73.04685376600008, 33.591039771000055], [73.05055376600006, 33.58643977100007], [73.05185376600008, 33.58463977100007]]]]}}, {"type": "Feature", "properties": {"uc": "BANGISH COLONY", "tehsil": "Rawalpindi Tehsil", "town": "", "expected_cases": 0.0, "historical_cases": 5, "alert": "Green"}, "geometry": {"type": "Polygon", "coordinates": [[[73.04685376600008, 33.591039771000055], [73.04975376600004, 33.58283977100007], [73.04655376600005, 33.579939771000056], [73.04525376600003, 33.58263977100006], [73.04475376600004, 33.586139771000035], [73.04255376600008, 33.588239771000076], [73.04305376600007, 33.590739771000074], [73.04385376600004, 33.59343977100008], [73.04685376600008, 33.591039771000055]]]}}, {"type": "Feature", "properties": {"uc": "KHYBAN SIR SYED(NORTH)", "tehsil": "Rawalpindi Tehsil", "town": "", "expected_cases": 0.0, "historical_cases": 0, "alert": "Green"}, "geometry": {"type": "Polygon", "coordinates": [[[73.04025376600003, 33.60233977100006], [73.03705376600004, 33.60113977100008], [73.03605376600007, 33.604139771000064], [73.03555376600008, 33.607239771000025], [73.03865376600004, 33.608139771000026], [73.03975376600005, 33.60543977100008], [73.04025376600003, 33.60233977100006]]]}}, {"type": "Feature", "properties": {"uc": "DHOK NAJJU", "tehsil": "Rawalpindi Tehsil", "town": "", "expected_cases": 0.0, "historical_cases": 1, "alert": "Green"}, "geometry": {"type": "Polygon", "coordinates": [[[73.04265376600006, 33.607039771000075], [73.04375376600007, 33.604439771000045], [73.04025376600003, 33.60233977100006], [73.03975376600005, 33.60543977100008], [73.03865376600004, 33.608139771000026], [73.04175376600006, 33.610439771000074], [73.04265376600006, 33.607039771000075]]]}}, {"type": "Feature", "properties": {"uc": "NEW KATARIAN", "tehsil": "Rawalpindi Tehsil", "town": "", "expected_cases": 0.0, "historical_cases": 8, "alert": "Green"}, "geometry": {"type": "Polygon", "coordinates": [[[73.04565376600004, 33.60953977100007], [73.04265376600006, 33.607039771000075], [73.04175376600006, 33.610439771000074], [73.04465376600007, 33.61263977100003], [73.04565376600004, 33.60953977100007]]]}}, {"type": "Feature", "properties": {"uc": "Ratta Amral", "tehsil": "Rawalpindi Tehsil", "town": "", "expected_cases": 0.0, "historical_cases": 15, "alert": "Green"}, "geometry": {"type": "Polygon", "coordinates": [[[73.04935376600008, 33.609239771000034], [73.04675376600005, 33.60623977100005], [73.04375376600007, 33.604439771000045], [73.04265376600006, 33.607039771000075], [73.04565376600004, 33.60953977100007], [73.04935376600008, 33.609239771000034]]]}}, {"type": "Feature", "properties": {"uc": "SAIDPUR SCHEME", "tehsil": "Rawalpindi Tehsil", "town": "", "expected_cases": 0.0, "historical_cases": 4, "alert": "Green"}, "geometry": {"type": "Polygon", "coordinates": [[[73.05105376600005, 33.60493977100003], [73.04815376600004, 33.60333977100004], [73.04545376600004, 33.600439771000026], [73.04375376600007, 33.604439771000045], [73.04675376600005, 33.60623977100005], [73.04935376600008, 33.609239771000034], [73.05105376600005, 33.60493977100003]]]}}, {"type": "Feature", "properties": {"uc": "MUHALLA EIDGAH", "tehsil": "Rawalpindi Tehsil", "town": "", "expected_cases": 0.0, "historical_cases": 2, "alert": "Green"}, "geometry": {"type": "Polygon", "coordinates": [[[73.05185376600008, 33.60253977100007], [73.04805376600007, 33.600439771000026], [73.04815376600004, 33.60333977100004], [73.05105376600005, 33.60493977100003], [73.05185376600008, 33.60253977100007]]]}}, {"type": "Feature", "properties": {"uc": "DHOK BABU IRFAN", "tehsil": "Rawalpindi Tehsil", "town": "", "expected_cases": 0.0, "historical_cases": 50, "alert": "Yellow"}, "geometry": {"type": "Polygon", "coordinates": [[[73.05915376600007, 33.59883977100003], [73.05345376600008, 33.595939771000076], [73.05235376600007, 33.599339771000075], [73.05185376600008, 33.60253977100007], [73.05625376600005, 33.60453977100008], [73.05725376600003, 33.60183977100007], [73.05915376600007, 33.59883977100003]]]}}, {"type": "Feature", "properties": {"uc": "PINDORA", "tehsil": "Rawalpindi Tehsil", "town": "", "expected_cases": 0.0, "historical_cases": 21, "alert": "Green"}, "geometry": {"type": "Polygon", "coordinates": [[[73.06265376600004, 33.59433977100008], [73.06145376600006, 33.592739771000026], [73.05685376600007, 33.58893977100007], [73.05345376600008, 33.595939771000076], [73.05915376600007, 33.59883977100003], [73.06355376600004, 33.59913977100007], [73.06265376600004, 33.59433977100008]]]}}, {"type": "Feature", "properties": {"uc": "Mohan Pura", "tehsil": "Rawalpindi Tehsil", "town": "", "expected_cases": 0.0, "historical_cases": 16, "alert": "Green"}, "geometry": {"type": "Polygon", "coordinates": [[[73.05545376600008, 33.607339771000056], [73.05625376600005, 33.60453977100008], [73.05185376600008, 33.60253977100007], [73.05105376600005, 33.60493977100003], [73.04935376600008, 33.609239771000034], [73.05385376600003, 33.610439771000074], [73.05545376600008, 33.607339771000056]]]}}, {"type": "Feature", "properties": {"uc": "ASGHAR MALL SCHEME", "tehsil": "Rawalpindi Tehsil", "town": "", "expected_cases": 0.0, "historical_cases": 24, "alert": "Green"}, "geometry": {"type": "Polygon", "coordinates": [[[73.05085376600005, 33.61773977100006], [73.04785376600006, 33.61713977100004], [73.04375376600007, 33.615539771000044], [73.04315376600005, 33.61803977100004], [73.04615376600003, 33.61963977100004], [73.04865376600003, 33.621839771000054], [73.05085376600005, 33.61773977100006]]]}}, {"type": "Feature", "properties": {"uc": "DHOK KALA KHAN", "tehsil": "Rawalpindi Tehsil", "town": "", "expected_cases": 0.0, "historical_cases": 74, "alert": "Yellow"}, "geometry": {"type": "Polygon", "coordinates": [[[73.06305376600005, 33.60803977100005], [73.05945376600005, 33.60623977100005], [73.05885376600008, 33.60883977100008], [73.05675376600004, 33.61343977100006], [73.06035376600005, 33.61463977100004], [73.06195376600004, 33.611239771000044], [73.06305376600005, 33.60803977100005]]]}}, {"type": "Feature", "properties": {"uc": "QAYYUMABAD", "tehsil": "Rawalpindi Tehsil", "town": "", "expected_cases": 0.0, "historical_cases": 12, "alert": "Green"}, "geometry": {"type": "Polygon", "coordinates": [[[73.05945376600005, 33.60623977100005], [73.05625376600005, 33.60453977100008], [73.05545376600008, 33.607339771000056], [73.05885376600008, 33.60883977100008], [73.05945376600005, 33.60623977100005]]]}}, {"type": "Feature", "properties": {"uc": "DHOK KASHMIRIAN", "tehsil": "Rawalpindi Tehsil", "town": "", "expected_cases": 0.0, "historical_cases": 3, "alert": "Green"}, "geometry": {"type": "Polygon", "coordinates": [[[73.06505376600006, 33.60193977100005], [73.06355376600004, 33.59913977100007], [73.06125376600005, 33.60343977100007], [73.05945376600005, 33.60623977100005], [73.06305376600005, 33.60803977100005], [73.06395376600005, 33.60563977100003], [73.06505376600006, 33.60193977100005]]]}}, {"type": "Feature", "properties": {"uc": "Ganj Mandi", "tehsil": "Rawalpindi Tehsil", "town": "", "expected_cases": 0.0, "historical_cases": 38, "alert": "Green"}, "geometry": {"type": "Polygon", "coordinates": [[[73.05675376600004, 33.61343977100006], [73.05335376600004, 33.61253977100006], [73.05225376600004, 33.61433977100006], [73.05545376600008, 33.616439771000046], [73.05675376600004, 33.61343977100006]]]}}, {"type": "Feature", "properties": {"uc": "Gawal Mandi", "tehsil": "Rawalpindi Tehsil", "town": "", "expected_cases": 0.0, "historical_cases": 17, "alert": "Green"}, "geometry": {"type": "Polygon", "coordinates": [[[73.06355376600004, 33.59913977100007], [73.05915376600007, 33.59883977100003], [73.05725376600003, 33.60183977100007], [73.05625376600005, 33.60453977100008], [73.05945376600005, 33.60623977100005], [73.06125376600005, 33.60343977100007], [73.06355376600004, 33.59913977100007]]]}}, {"type": "Feature", "properties": {"uc": "AFANDI COLONY", "tehsil": "Rawalpindi Tehsil", "town": "", "expected_cases": 0.0, "historical_cases": 21, "alert": "Green"}, "geometry": {"type": "Polygon", "coordinates": [[[73.05885376600008, 33.60883977100008], [73.05545376600008, 33.607339771000056], [73.05385376600003, 33.610439771000074], [73.05335376600004, 33.61253977100006], [73.05675376600004, 33.61343977100006], [73.05885376600008, 33.60883977100008]]]}}, {"type": "Feature", "properties": {"uc": "Dhoke Chiragh Din", "tehsil": "Rawalpindi Tehsil", "town": "", "expected_cases": 0.0, "historical_cases": 85, "alert": "Yellow"}, "geometry": {"type": "Polygon", "coordinates": [[[73.08015376600008, 33.596739771000045], [73.07315376600008, 33.59483977100007], [73.06825376600005, 33.59483977100007], [73.06265376600004, 33.59433977100008], [73.06355376600004, 33.59913977100007], [73.07275376600006, 33.59903977100004], [73.07925376600008, 33.600439771000026], [73.08015376600008, 33.596739771000045]]]}}, {"type": "Feature", "properties": {"uc": "MUSLIM TOWN (WEST)", "tehsil": "Rawalpindi Tehsil", "town": "", "expected_cases": 0.0, "historical_cases": 20, "alert": "Green"}, "geometry": {"type": "Polygon", "coordinates": [[[73.09545376600005, 33.57753977100003], [73.09315376600006, 33.57783977100007], [73.08945376600008, 33.57813977100005], [73.08675376600007, 33.577039771000045], [73.08265376600008, 33.57803977100008], [73.07755376600005, 33.582739771000035], [73.07515376600003, 33.58723977100004], [73.08205376600006, 33.58853977100006], [73.09055376600008, 33.59113977100003], [73.09295376600005, 33.58543977100004], [73.09545376600005, 33.57753977100003]]]}}, {"type": "Feature", "properties": {"uc": "KHURRAM COLONY", "tehsil": "Rawalpindi Tehsil", "town": "", "expected_cases": 0.0, "historical_cases": 8, "alert": "Green"}, "geometry": {"type": "Polygon", "coordinates": [[[73.07515376600003, 33.58723977100004], [73.07755376600005, 33.582739771000035], [73.07435376600006, 33.58013977100006], [73.07255376600006, 33.57883977100005], [73.07095376600006, 33.57403977100006], [73.06875376600004, 33.57493977100006], [73.06545376600008, 33.57603977100007], [73.06695376600004, 33.58013977100006], [73.06785376600004, 33.587539771000024], [73.07255376600006, 33.58683977100003], [73.07515376600003, 33.58723977100004]]]}}, {"type": "Feature", "properties": {"uc": "CHAH SULTAN", "tehsil": "Rawalpindi Tehsil", "town": "", "expected_cases": 0.0, "historical_cases": 46, "alert": "Green"}, "geometry": {"type": "Polygon", "coordinates": [[[73.08605376600008, 33.60183977100007], [73.08735376600004, 33.59883977100003], [73.08015376600008, 33.596739771000045], [73.07925376600008, 33.600439771000026], [73.07875376600003, 33.60253977100007], [73.07735376600004, 33.60403977100003], [73.07495376600008, 33.61093977100006], [73.08065376600007, 33.611539771000025], [73.08365376600005, 33.60633977100008], [73.08605376600008, 33.60183977100007]]]}}, {"type": "Feature", "properties": {"uc": "DHOK HUKAM DAD", "tehsil": "Rawalpindi Tehsil", "town": "", "expected_cases": 0.0, "historical_cases": 43, "alert": "Green"}, "geometry": {"type": "Polygon", "coordinates": [[[73.07925376600008, 33.600439771000026], [73.07275376600006, 33.59903977100004], [73.06355376600004, 33.59913977100007], [73.06505376600006, 33.60193977100005], [73.07015376600003, 33.60313977100003], [73.07735376600004, 33.60403977100003], [73.07875376600003, 33.60253977100007], [73.07925376600008, 33.600439771000026]]]}}, {"type": "Feature", "properties": {"uc": "AMARPURA", "tehsil": "Rawalpindi Tehsil", "town": "", "expected_cases": 0.0, "historical_cases": 91, "alert": "Yellow"}, "geometry": {"type": "Polygon", "coordinates": [[[73.07495376600008, 33.61093977100006], [73.07735376600004, 33.60403977100003], [73.07015376600003, 33.60313977100003], [73.06745376600003, 33.611539771000025], [73.06645376600005, 33.614739771000075], [73.06905376600008, 33.615039771000056], [73.07395376600005, 33.615539771000044], [73.07495376600008, 33.61093977100006]]]}}, {"type": "Feature", "properties": {"uc": "KARTARPURA", "tehsil": "Rawalpindi Tehsil", "town": "", "expected_cases": 0.0, "historical_cases": 92, "alert": "Yellow"}, "geometry": {"type": "Polygon", "coordinates": [[[73.09395376600008, 33.60113977100008], [73.09785376600007, 33.594439771000054], [73.10165376600008, 33.58793977100004], [73.09995376600006, 33.58443977100006], [73.09915376600003, 33.58173977100006], [73.09805376600008, 33.57913977100003], [73.09545376600005, 33.57753977100003], [73.09295376600005, 33.58543977100004], [73.09055376600008, 33.59113977100003], [73.08735376600004, 33.59883977100003], [73.08605376600008, 33.60183977100007], [73.08965376600008, 33.60253977100007], [73.09235376600003, 33.603839771000025], [73.09395376600008, 33.60113977100008]]]}}, {"type": "Feature", "properties": {"uc": "BANNI", "tehsil": "Rawalpindi Tehsil", "town": "", "expected_cases": 0.02, "historical_cases": 315, "alert": "Orange"}, "geometry": {"type": "Polygon", "coordinates": [[[73.10875376600006, 33.599339771000075], [73.10835376600005, 33.59483977100007], [73.10355376600006, 33.59213977100006], [73.10165376600008, 33.58793977100004], [73.09785376600007, 33.594439771000054], [73.09395376600008, 33.60113977100008], [73.10165376600008, 33.60393977100006], [73.10815376600004, 33.607239771000025], [73.10925376600005, 33.60283977100005], [73.10875376600006, 33.599339771000075]]]}}, {"type": "Feature", "properties": {"uc": "MUHALLA AMAMBARA", "tehsil": "Rawalpindi Tehsil", "town": "", "expected_cases": 0.0, "historical_cases": 1, "alert": "Green"}, "geometry": {"type": "Polygon", "coordinates": [[[73.08705376600005, 33.62443977100003], [73.09125376600008, 33.624139771000046], [73.09095376600004, 33.620439771000065], [73.08755376600004, 33.62013977100003], [73.08795376600006, 33.61763977100003], [73.08425376600007, 33.61633977100007], [73.08275376600005, 33.62013977100003], [73.08145376600004, 33.624739771000066], [73.08705376600005, 33.62443977100003]]]}}, {"type": "Feature", "properties": {"uc": "MOHANPURA", "tehsil": "Rawalpindi Tehsil", "town": "", "expected_cases": 0.0, "historical_cases": 43, "alert": "Green"}, "geometry": {"type": "Polygon", "coordinates": [[[73.07145376600005, 33.64363977100004], [73.06915376600006, 33.63943977100007], [73.06915376600006, 33.63603977100007], [73.06915376600006, 33.63193977100008], [73.05985376600006, 33.63343977100004], [73.06055376600006, 33.636139771000046], [73.06355376600004, 33.64073977100003], [73.06695376600004, 33.644939771000054], [73.07145376600005, 33.64363977100004]]]}}, {"type": "Feature", "properties": {"uc": "DHOK DALAL", "tehsil": "Rawalpindi Tehsil", "town": "", "expected_cases": 0.0, "historical_cases": 48, "alert": "Green"}, "geometry": {"type": "Polygon", "coordinates": [[[73.07395376600005, 33.65043977100004], [73.06695376600004, 33.644939771000054], [73.06245376600003, 33.650739771000076], [73.07105376600003, 33.65533977100006], [73.07395376600005, 33.65043977100004]]]}}, {"type": "Feature", "properties": {"uc": "GANJ MANDI", "tehsil": "Rawalpindi Tehsil", "town": "", "expected_cases": 0.0, "historical_cases": 38, "alert": "Green"}, "geometry": {"type": "Polygon", "coordinates": [[[73.08265376600008, 33.64423977100006], [73.07735376600004, 33.64403977100005], [73.07145376600005, 33.64363977100004], [73.06695376600004, 33.644939771000054], [73.07395376600005, 33.65043977100004], [73.08035376600003, 33.654139771000075], [73.08305376600003, 33.648639771000035], [73.08265376600008, 33.64423977100006]]]}}, {"type": "Feature", "properties": {"uc": "DHOK KALA KHAN", "tehsil": "Rawalpindi Tehsil", "town": "", "expected_cases": 0.0, "historical_cases": 74, "alert": "Yellow"}, "geometry": {"type": "Polygon", "coordinates": [[[73.09375376600008, 33.65763977100005], [73.09205376600005, 33.65333977100005], [73.08995376600006, 33.64893977100007], [73.08405376600007, 33.65623977100006], [73.08795376600006, 33.658439771000076], [73.09145376600003, 33.660339771000054], [73.09375376600008, 33.65763977100005]]]}}, {"type": "Feature", "properties": {"uc": "PURANA QILLA", "tehsil": "Rawalpindi Tehsil", "town": "", "expected_cases": 0.0, "historical_cases": 61, "alert": "Yellow"}, "geometry": {"type": "Polygon", "coordinates": [[[73.10635376600004, 33.64103977100007], [73.10285376600007, 33.64003977100003], [73.09815376600005, 33.638639771000044], [73.09525376600004, 33.64223977100005], [73.09865376600004, 33.64513977100006], [73.09205376600005, 33.65333977100005], [73.09375376600008, 33.65763977100005], [73.09905376600005, 33.65053977100007], [73.10145376600008, 33.64743977100005], [73.10465376600007, 33.643239771000026], [73.10635376600004, 33.64103977100007]]]}}, {"type": "Feature", "properties": {"uc": "SHAH CHAN CHARAGH", "tehsil": "Rawalpindi Tehsil", "town": "", "expected_cases": 0.0, "historical_cases": 52, "alert": "Yellow"}, "geometry": {"type": "Polygon", "coordinates": [[[73.09525376600004, 33.64223977100005], [73.08995376600006, 33.64893977100007], [73.09205376600005, 33.65333977100005], [73.09865376600004, 33.64513977100006], [73.09525376600004, 33.64223977100005]]]}}, {"type": "Feature", "properties": {"uc": "MILLAT COLONY", "tehsil": "Rawalpindi Tehsil", "town": "", "expected_cases": 0.01, "historical_cases": 125, "alert": "Yellow"}, "geometry": {"type": "Polygon", "coordinates": [[[73.14165376600005, 33.59513977100005], [73.13725376600007, 33.593939771000066], [73.14315376600007, 33.58483977100008], [73.13715376600004, 33.582439771000054], [73.13485376600005, 33.58653977100005], [73.13025376600007, 33.594739771000036], [73.12805376600005, 33.59833977100004], [73.12795376600008, 33.602439771000036], [73.12695376600004, 33.60633977100008], [73.12305376600006, 33.60953977100007], [73.12125376600005, 33.61143977100005], [73.11795376600008, 33.616139771000064], [73.12365376600007, 33.61863977100006], [73.12835376600003, 33.61253977100006], [73.13105376600004, 33.60903977100003], [73.13545376600007, 33.60323977100006], [73.13995376600008, 33.59743977100004], [73.14165376600005, 33.59513977100005]]]}}, {"type": "Feature", "properties": {"uc": "DHOK KHABBA", "tehsil": "Rawalpindi Tehsil", "town": "", "expected_cases": 0.0, "historical_cases": 86, "alert": "Yellow"}, "geometry": {"type": "Polygon", "coordinates": [[[73.12365376600007, 33.61863977100006], [73.11795376600008, 33.616139771000064], [73.11605376600005, 33.618339771000024], [73.11265376600005, 33.62113977100006], [73.10715376600007, 33.62303977100004], [73.10475376600004, 33.62433977100005], [73.10185376600003, 33.62513977100008], [73.10855376600006, 33.628939771000034], [73.11355376600005, 33.63163977100004], [73.11525376600008, 33.629539771000054], [73.11835376600004, 33.62563977100007], [73.11975376600003, 33.62373977100003], [73.12365376600007, 33.61863977100006]]]}}, {"type": "Feature", "properties": {"uc": "DHOK FARMAN ALI", "tehsil": "Rawalpindi Tehsil", "town": "", "expected_cases": 0.0, "historical_cases": 80, "alert": "Yellow"}, "geometry": {"type": "Polygon", "coordinates": [[[73.11355376600005, 33.63163977100004], [73.10855376600006, 33.628939771000034], [73.10185376600003, 33.62513977100008], [73.09835376600006, 33.62643977100004], [73.09375376600008, 33.62773977100005], [73.09655376600006, 33.630339771000024], [73.10175376600006, 33.63293977100005], [73.10665376600008, 33.635239771000045], [73.10285376600007, 33.64003977100003], [73.10635376600004, 33.64103977100007], [73.11045376600003, 33.635539771000026], [73.11355376600005, 33.63163977100004]]]}}, {"type": "Feature", "properties": {"uc": "CHAMAN ZAR COLONY", "tehsil": "Rawalpindi Tehsil", "town": "", "expected_cases": 0.0, "historical_cases": 0, "alert": "Green"}, "geometry": {"type": "Polygon", "coordinates": [[[73.15135376600006, 33.58253977100003], [73.14755376600004, 33.580439771000044], [73.14315376600007, 33.58483977100008], [73.13725376600007, 33.593939771000066], [73.14165376600005, 33.59513977100005], [73.14795376600006, 33.587039771000036], [73.15135376600006, 33.58253977100003]]]}}, {"type": "Feature", "properties": {"uc": "CITY-46", "tehsil": "Rawalpindi Tehsil", "town": "", "expected_cases": 0.0, "historical_cases": 2, "alert": "Green"}, "geometry": {"type": "Polygon", "coordinates": [[[73.15135376600006, 33.58253977100003], [73.15455376600005, 33.57833977100006], [73.15045376600006, 33.57603977100007], [73.14625376600003, 33.57383977100005], [73.14305376600004, 33.57203977100005], [73.14045376600006, 33.57663977100003], [73.13715376600004, 33.582439771000054], [73.14315376600007, 33.58483977100008], [73.14755376600004, 33.580439771000044], [73.15135376600006, 33.58253977100003]]]}}, {"type": "Feature", "properties": {"uc": "RAWALPINDI CANTT-1", "tehsil": "Rawalpindi Tehsil", "town": "", "expected_cases": 0.0, "historical_cases": 6, "alert": "Green"}, "geometry": {"type": "Polygon", "coordinates": [[[73.03735376600008, 33.61343977100006], [73.03735376600008, 33.61053977100005], [73.03405376600006, 33.60993977100003], [73.03555376600008, 33.607239771000025], [73.03605376600007, 33.604139771000064], [73.03255376600004, 33.60343977100007], [73.02735376600003, 33.602939771000024], [73.02175376600007, 33.602939771000024], [73.02325376600004, 33.607339771000056], [73.02665376600004, 33.608439771000064], [73.02975376600006, 33.61103977100004], [73.02855376600007, 33.61463977100004], [73.03185376600004, 33.615839771000026], [73.03305376600008, 33.61263977100003], [73.03735376600008, 33.61343977100006]]]}}, {"type": "Feature", "properties": {"uc": "RAWALPINDI CANTT-2", "tehsil": "Rawalpindi Tehsil", "town": "", "expected_cases": 0.0, "historical_cases": 17, "alert": "Green"}, "geometry": {"type": "Polygon", "coordinates": [[[73.04315376600005, 33.61803977100004], [73.04375376600007, 33.615539771000044], [73.04465376600007, 33.61263977100003], [73.04175376600006, 33.610439771000074], [73.04025376600003, 33.61423977100003], [73.03735376600008, 33.61343977100006], [73.03305376600008, 33.61263977100003], [73.03185376600004, 33.615839771000026], [73.03495376600006, 33.61593977100006], [73.03995376600005, 33.618339771000024], [73.04315376600005, 33.61803977100004]]]}}, {"type": "Feature", "properties": {"uc": "RAWALPINDI CANTT-3", "tehsil": "Rawalpindi Tehsil", "town": "", "expected_cases": 0.0, "historical_cases": 39, "alert": "Green"}, "geometry": {"type": "Polygon", "coordinates": [[[73.05185376600008, 33.60253977100007], [73.05235376600007, 33.599339771000075], [73.05345376600008, 33.595939771000076], [73.05685376600007, 33.58893977100007], [73.05415376600007, 33.58653977100005], [73.05185376600008, 33.58463977100007], [73.05055376600006, 33.58643977100007], [73.04685376600008, 33.591039771000055], [73.04675376600005, 33.59603977100005], [73.04545376600004, 33.600439771000026], [73.04815376600004, 33.60333977100004], [73.04805376600007, 33.600439771000026], [73.05185376600008, 33.60253977100007]]]}}, {"type": "Feature", "properties": {"uc": "Dhok Ratta", "tehsil": "Rawalpindi Tehsil", "town": "", "expected_cases": 0.0, "historical_cases": 33, "alert": "Green"}, "geometry": {"type": "Polygon", "coordinates": [[[73.05225376600004, 33.61433977100006], [73.05335376600004, 33.61253977100006], [73.05385376600003, 33.610439771000074], [73.04935376600008, 33.609239771000034], [73.04565376600004, 33.60953977100007], [73.04465376600007, 33.61263977100003], [73.04375376600007, 33.615539771000044], [73.04785376600006, 33.61713977100004], [73.05085376600005, 33.61773977100006], [73.05225376600004, 33.61433977100006]]]}}, {"type": "Feature", "properties": {"uc": "Purana Qila", "tehsil": "Rawalpindi Tehsil", "town": "", "expected_cases": 0.0, "historical_cases": 47, "alert": "Green"}, "geometry": {"type": "Polygon", "coordinates": [[[73.06035376600005, 33.61463977100004], [73.05675376600004, 33.61343977100006], [73.05545376600008, 33.616439771000046], [73.05225376600004, 33.61433977100006], [73.05085376600005, 33.61773977100006], [73.04865376600003, 33.621839771000054], [73.05185376600008, 33.62433977100005], [73.05515376600005, 33.625539771000035], [73.05655376600004, 33.62313977100007], [73.05775376600008, 33.62033977100003], [73.05885376600008, 33.61793977100007], [73.06035376600005, 33.61463977100004]]]}}, {"type": "Feature", "properties": {"uc": "Jhanda Chichi", "tehsil": "Rawalpindi Tehsil", "town": "", "expected_cases": 0.01, "historical_cases": 145, "alert": "Yellow"}, "geometry": {"type": "Polygon", "coordinates": [[[73.09055376600008, 33.59113977100003], [73.08205376600006, 33.58853977100006], [73.07515376600003, 33.58723977100004], [73.07255376600006, 33.58683977100003], [73.06785376600004, 33.587539771000024], [73.06695376600004, 33.58013977100006], [73.06545376600008, 33.57603977100007], [73.06265376600004, 33.57583977100006], [73.05885376600008, 33.57493977100006], [73.05675376600004, 33.570739771000035], [73.05395376600006, 33.57313977100006], [73.05065376600004, 33.57393977100003], [73.04965376600006, 33.57603977100007], [73.04965376600006, 33.578439771000035], [73.04655376600005, 33.579939771000056], [73.04975376600004, 33.58283977100007], [73.05185376600008, 33.58463977100007], [73.05415376600007, 33.58653977100005], [73.05685376600007, 33.58893977100007], [73.06145376600006, 33.592739771000026], [73.06265376600004, 33.59433977100008], [73.06825376600005, 33.59483977100007], [73.07315376600008, 33.59483977100007], [73.08015376600008, 33.596739771000045], [73.08735376600004, 33.59883977100003], [73.09055376600008, 33.59113977100003]]]}}, {"type": "Feature", "properties": {"uc": "Waris Khan", "tehsil": "Rawalpindi Tehsil", "town": "", "expected_cases": 0.01, "historical_cases": 243, "alert": "Orange"}, "geometry": {"type": "Polygon", "coordinates": [[[73.07705376600006, 33.62563977100007], [73.07815376600007, 33.62113977100006], [73.07965376600004, 33.614939771000024], [73.08065376600007, 33.611539771000025], [73.07495376600008, 33.61093977100006], [73.07395376600005, 33.615539771000044], [73.06905376600008, 33.615039771000056], [73.06645376600005, 33.614739771000075], [73.06745376600003, 33.611539771000025], [73.07015376600003, 33.60313977100003], [73.06505376600006, 33.60193977100005], [73.06395376600005, 33.60563977100003], [73.06305376600005, 33.60803977100005], [73.06195376600004, 33.611239771000044], [73.06035376600005, 33.61463977100004], [73.05885376600008, 33.61793977100007], [73.05775376600008, 33.62033977100003], [73.05655376600004, 33.62313977100007], [73.05515376600005, 33.625539771000035], [73.05795376600008, 33.62763977100008], [73.05895376600006, 33.630339771000024], [73.06315376600008, 33.62823977100004], [73.07045376600007, 33.62683977100005], [73.07705376600006, 33.62563977100007]]]}}, {"type": "Feature", "properties": {"uc": "RAWALPINDI CANTT-8", "tehsil": "Rawalpindi Tehsil", "town": "", "expected_cases": 0.0, "historical_cases": 32, "alert": "Green"}, "geometry": {"type": "Polygon", "coordinates": [[[73.08145376600004, 33.624739771000066], [73.08275376600005, 33.62013977100003], [73.08425376600007, 33.61633977100007], [73.08795376600006, 33.61763977100003], [73.08755376600004, 33.62013977100003], [73.09095376600004, 33.620439771000065], [73.09405376600006, 33.61743977100008], [73.09705376600004, 33.615539771000044], [73.10125376600007, 33.61363977100007], [73.10635376600004, 33.610639771000024], [73.10815376600004, 33.607239771000025], [73.10165376600008, 33.60393977100006], [73.09395376600008, 33.60113977100008], [73.09235376600003, 33.603839771000025], [73.08965376600008, 33.60253977100007], [73.08605376600008, 33.60183977100007], [73.08365376600005, 33.60633977100008], [73.08065376600007, 33.611539771000025], [73.07965376600004, 33.614939771000024], [73.07815376600007, 33.62113977100006], [73.07705376600006, 33.62563977100007], [73.07575376600005, 33.63083977100007], [73.07935376600005, 33.630139771000074], [73.08145376600004, 33.624739771000066]]]}}, {"type": "Feature", "properties": {"uc": "RAWALPINDI CANTT-9", "tehsil": "Rawalpindi Tehsil", "town": "", "expected_cases": 0.01, "historical_cases": 185, "alert": "Yellow"}, "geometry": {"type": "Polygon", "coordinates": [[[73.08705376600005, 33.62443977100003], [73.08145376600004, 33.624739771000066], [73.07935376600005, 33.630139771000074], [73.07575376600005, 33.63083977100007], [73.07705376600006, 33.62563977100007], [73.07045376600007, 33.62683977100005], [73.06315376600008, 33.62823977100004], [73.05895376600006, 33.630339771000024], [73.05985376600006, 33.63343977100004], [73.06915376600006, 33.63193977100008], [73.06915376600006, 33.63603977100007], [73.06915376600006, 33.63943977100007], [73.07145376600005, 33.64363977100004], [73.07735376600004, 33.64403977100005], [73.08265376600008, 33.64423977100006], [73.08415376600004, 33.63603977100007], [73.08575376600004, 33.62963977100003], [73.08705376600005, 33.62443977100003]]]}}, {"type": "Feature", "properties": {"uc": "DHOK ALI AKBAR", "tehsil": "Rawalpindi Tehsil", "town": "", "expected_cases": 0.02, "historical_cases": 405, "alert": "Orange"}, "geometry": {"type": "Polygon", "coordinates": [[[73.09145376600003, 33.660339771000054], [73.08795376600006, 33.658439771000076], [73.08405376600007, 33.65623977100006], [73.08995376600006, 33.64893977100007], [73.09525376600004, 33.64223977100005], [73.09815376600005, 33.638639771000044], [73.10285376600007, 33.64003977100003], [73.10665376600008, 33.635239771000045], [73.10175376600006, 33.63293977100005], [73.09655376600006, 33.630339771000024], [73.09375376600008, 33.62773977100005], [73.09125376600008, 33.624139771000046], [73.08705376600005, 33.62443977100003], [73.08575376600004, 33.62963977100003], [73.08415376600004, 33.63603977100007], [73.08265376600008, 33.64423977100006], [73.08305376600003, 33.648639771000035], [73.08035376600003, 33.654139771000075], [73.07395376600005, 33.65043977100004], [73.07105376600003, 33.65533977100006], [73.07715376600004, 33.658439771000076], [73.08075376600004, 33.660339771000054], [73.08475376600006, 33.66233977100006], [73.08795376600006, 33.664039771000034], [73.08985376600003, 33.66213977100006], [73.09145376600003, 33.660339771000054]]]}}, {"type": "Feature", "properties": {"uc": "KHYBAN SIR SYED(SOUTH)", "tehsil": "Rawalpindi Tehsil", "town": "", "expected_cases": 0.0, "historical_cases": 3, "alert": "Green"}, "geometry": {"type": "Polygon", "coordinates": [[[73.03865376600004, 33.608139771000026], [73.03555376600008, 33.607239771000025], [73.03405376600006, 33.60993977100003], [73.03735376600008, 33.61053977100005], [73.03865376600004, 33.608139771000026]]]}}, {"type": "Feature", "properties": {"uc": "LABTHATHO", "tehsil": "Taxila Tehsil", "town": "", "expected_cases": 0.0, "historical_cases": 8, "alert": "Green"}, "geometry": {"type": "Polygon", "coordinates": [[[72.80415376600007, 33.81513977100008], [72.78855376600006, 33.78673977100004], [72.78725376600005, 33.78233977100007], [72.78195376600007, 33.78303977100006], [72.77725376600006, 33.78513977100005], [72.77085376600007, 33.78843977100007], [72.76775376600006, 33.790239771000074], [72.76915376600004, 33.79273977100007], [72.77145376600004, 33.796239771000046], [72.76815376600007, 33.80043977100007], [72.76445376600003, 33.797339771000054], [72.76145376600005, 33.79523977100007], [72.76135376600007, 33.79853977100004], [72.76075376600005, 33.80233977100005], [72.75965376600004, 33.804439771000034], [72.75765376600003, 33.807339771000045], [72.75365376600007, 33.811639771000046], [72.74905376600003, 33.81523977100005], [72.74565376600003, 33.817639771000074], [72.74135376600003, 33.818439771000044], [72.73605376600005, 33.818739771000025], [72.73975376600004, 33.822239771000056], [72.74005376600007, 33.82523977100004], [72.73855376600005, 33.82803977100008], [72.73625376600006, 33.83153977100005], [72.72955376600004, 33.835339771000065], [72.72375376600007, 33.83553977100007], [72.72305376600008, 33.838239771000076], [72.72835376600005, 33.84943977100005], [72.73025376600003, 33.855839771000035], [72.73425376600005, 33.859239771000034], [72.73895376600007, 33.86303977100005], [72.74425376600004, 33.86523977100006], [72.74855376600004, 33.865039771000056], [72.75495376600003, 33.86293977100007], [72.75925376600003, 33.86053977100005], [72.76665376600005, 33.85613977100007], [72.77115376600005, 33.84943977100005], [72.77815376600006, 33.845239771000024], [72.78065376600006, 33.84323977100007], [72.78645376600008, 33.84293977100003], [72.78985376600008, 33.841639771000075], [72.79345376600008, 33.836139771000035], [72.79705376600003, 33.825639771000056], [72.79855376600005, 33.82043977100005], [72.80065376600004, 33.818439771000044], [72.80415376600007, 33.81513977100008]]]}}, {"type": "Feature", "properties": {"uc": "JALALA", "tehsil": "Taxila Tehsil", "town": "", "expected_cases": 0.0, "historical_cases": 8, "alert": "Green"}, "geometry": {"type": "Polygon", "coordinates": [[[72.80215376600006, 33.72693977100005], [72.80095376600008, 33.72183977100008], [72.80165376600007, 33.71713977100006], [72.80325376600007, 33.712339771000075], [72.80535376600005, 33.70793977100004], [72.80715376600006, 33.705539771000076], [72.80825376600006, 33.70323977100003], [72.80275376600008, 33.700639771000056], [72.79815376600004, 33.69893977100003], [72.79525376600003, 33.69873977100008], [72.79265376600006, 33.69843977100004], [72.78925376600006, 33.69703977100005], [72.78515376600006, 33.692939771000056], [72.78295376600005, 33.68913977100004], [72.78115376600005, 33.68783977100003], [72.77645376600003, 33.688339771000074], [72.77365376600005, 33.688339771000074], [72.76975376600006, 33.68903977100007], [72.76715376600004, 33.68993977100007], [72.76415376600005, 33.69163977100004], [72.76215376600004, 33.69273977100005], [72.74935376600007, 33.692639771000074], [72.75165376600006, 33.69533977100008], [72.75355376600004, 33.697239771000056], [72.75465376600005, 33.70153977100006], [72.75205376600007, 33.70713977100007], [72.75135376600008, 33.71183977100003], [72.75045376600008, 33.71593977100002], [72.74805376600006, 33.718839771000034], [72.75055376600005, 33.720839771000044], [72.75115376600007, 33.72463977100006], [72.75075376600006, 33.72733977100006], [72.74975376600008, 33.729439771000045], [72.74855376600004, 33.73253977100006], [72.75055376600005, 33.73363977100007], [72.75295376600008, 33.73443977100004], [72.75645376600005, 33.73493977100003], [72.75795376600007, 33.736839771000064], [72.75915376600005, 33.73493977100003], [72.76115376600006, 33.732339771000056], [72.76395376600004, 33.73103977100004], [72.76715376600004, 33.73123977100005], [72.76985376600004, 33.731739771000036], [72.77305376600003, 33.732839771000044], [72.77585376600007, 33.73253977100006], [72.77745376600006, 33.73043977100008], [72.78035376600008, 33.727939771000024], [72.78305376600008, 33.72633977100003], [72.78595376600003, 33.726039771000046], [72.78815376600005, 33.72623977100005], [72.79035376600007, 33.72643977100006], [72.79535376600006, 33.72673977100004], [72.79925376600005, 33.727439771000036], [72.80215376600006, 33.72693977100005]]]}}, {"type": "Feature", "properties": {"uc": "KHURAM PARACHA", "tehsil": "Taxila Tehsil", "town": "", "expected_cases": 0.0, "historical_cases": 41, "alert": "Green"}, "geometry": {"type": "Polygon", "coordinates": [[[72.81975376600008, 33.70253977100003], [72.81235376600006, 33.70353977100007], [72.80825376600006, 33.70323977100003], [72.80715376600006, 33.705539771000076], [72.80535376600005, 33.70793977100004], [72.80325376600007, 33.712339771000075], [72.80165376600007, 33.71713977100006], [72.80095376600008, 33.72183977100008], [72.80215376600006, 33.72693977100005], [72.80545376600008, 33.72613977100008], [72.80785376600005, 33.72633977100003], [72.81305376600005, 33.727939771000024], [72.81765376600003, 33.72893977100006], [72.82085376600008, 33.72993977100003], [72.82505376600005, 33.731739771000036], [72.82745376600008, 33.73323977100006], [72.82965376600004, 33.73463977100005], [72.82715376600004, 33.73723977100008], [72.82385376600007, 33.73863977100007], [72.82105376600003, 33.73893977100005], [72.81645376600005, 33.73893977100005], [72.81375376600005, 33.739139771000055], [72.80745376600004, 33.73953977100007], [72.80495376600004, 33.74213977100004], [72.80235376600007, 33.74563977100007], [72.80515376600005, 33.74753977100005], [72.80525376600008, 33.75003977100005], [72.80485376600006, 33.75223977100006], [72.80465376600006, 33.75613977100005], [72.80445376600005, 33.76013977100007], [72.80465376600006, 33.763639771000044], [72.80655376600004, 33.76503977100003], [72.82165376600005, 33.77833977100005], [72.82735376600004, 33.77043977100004], [72.83085376600008, 33.76293977100005], [72.83535376600008, 33.763139771000056], [72.83815376600006, 33.763939771000025], [72.84145376600003, 33.76493977100006], [72.84435376600004, 33.76463977100008], [72.84605376600007, 33.76233977100003], [72.85205376600004, 33.76543977100005], [72.85205376600004, 33.769339771000034], [72.85655376600005, 33.76983977100008], [72.86215376600006, 33.76973977100005], [72.86495376600004, 33.76773977100004], [72.86755376600007, 33.76203977100005], [72.87075376600006, 33.760839771000065], [72.87595376600007, 33.76153977100006], [72.88065376600008, 33.76403977100006], [72.88875376600004, 33.76643977100008], [72.88915376600005, 33.76293977100005], [72.88625376600004, 33.759639771000025], [72.88185376600006, 33.75803977100003], [72.88775376600006, 33.75203977100006], [72.89225376600007, 33.75043977100006], [72.91195376600007, 33.747739771000056], [72.91585376600005, 33.747439771000074], [72.92085376600005, 33.746239771000035], [72.92385376600004, 33.74563977100007], [72.92605376600005, 33.737139771000045], [72.92055376600007, 33.73443977100004], [72.91565376600005, 33.72903977100003], [72.91255376600003, 33.72833977100004], [72.90995376600006, 33.72823977100006], [72.90635376600005, 33.72823977100006], [72.90145376600003, 33.72733977100006], [72.89905376600007, 33.72643977100006], [72.89755376600004, 33.72483977100006], [72.89625376600003, 33.72203977100003], [72.89305376600004, 33.72063977100004], [72.89035376600003, 33.72013977100005], [72.88595376600006, 33.71923977100005], [72.88215376600004, 33.71913977100007], [72.87835376600003, 33.719439771000054], [72.87485376600006, 33.719739771000036], [72.87265376600004, 33.71933977100008], [72.87015376600004, 33.71843977100008], [72.86705376600008, 33.718039771000065], [72.86385376600003, 33.71843977100008], [72.85995376600005, 33.71933977100008], [72.85685376600003, 33.71983977100007], [72.85305376600007, 33.71933977100008], [72.84975376600005, 33.71793977100003], [72.84615376600004, 33.71523977100003], [72.84395376600008, 33.712639771000056], [72.84255376600004, 33.70963977100007], [72.84155376600006, 33.70623977100007], [72.83855376600008, 33.70523977100004], [72.83515376600008, 33.704339771000036], [72.83185376600005, 33.70353977100007], [72.82835376600008, 33.70293977100005], [72.82415376600005, 33.70253977100003], [72.81975376600008, 33.70253977100003]]]}}, {"type": "Feature", "properties": {"uc": "USMAN KHATTAR", "tehsil": "Taxila Tehsil", "town": "", "expected_cases": 0.0, "historical_cases": 2, "alert": "Green"}, "geometry": {"type": "Polygon", "coordinates": [[[72.82655376600007, 33.782839771000056], [72.82165376600005, 33.77833977100005], [72.80655376600004, 33.76503977100003], [72.80465376600006, 33.763639771000044], [72.80315376600004, 33.76623977100007], [72.80115376600008, 33.76843977100003], [72.79955376600003, 33.77003977100003], [72.80245376600004, 33.773739771000066], [72.80385376600003, 33.776539771000046], [72.80625376600005, 33.77943977100006], [72.80955376600008, 33.782539771000074], [72.81335376600003, 33.78513977100005], [72.82045376600007, 33.787039771000025], [72.82365376600006, 33.790239771000074], [72.82655376600007, 33.782839771000056]]]}}, {"type": "Feature", "properties": {"uc": "WAH", "tehsil": "Taxila Tehsil", "town": "", "expected_cases": 0.01, "historical_cases": 153, "alert": "Yellow"}, "geometry": {"type": "Polygon", "coordinates": [[[72.73605376600005, 33.818739771000025], [72.73355376600006, 33.815639771000065], [72.73305376600007, 33.810239771000056], [72.73165376600008, 33.80693977100003], [72.72885376600004, 33.803939771000046], [72.72645376600008, 33.80233977100005], [72.72265376600006, 33.80153977100008], [72.71695376600007, 33.80283977100004], [72.71125376600008, 33.803139771000076], [72.70955376600006, 33.80013977100003], [72.70955376600006, 33.791939771000045], [72.71435376600004, 33.78953977100008], [72.71765376600007, 33.78813977100003], [72.72095376600004, 33.78693977100005], [72.72365376600004, 33.786239771000055], [72.72545376600004, 33.78503977100007], [72.72765376600006, 33.78323977100007], [72.72885376600004, 33.779939771000045], [72.72965376600007, 33.77783977100006], [72.73095376600008, 33.77443977100006], [72.73195376600006, 33.77173977100006], [72.73525376600003, 33.77333977100005], [72.73715376600006, 33.76893977100008], [72.73905376600004, 33.76523977100004], [72.74075376600007, 33.76123977100008], [72.74165376600007, 33.75713977100003], [72.74345376600007, 33.75263977100008], [72.74485376600006, 33.74873977100003], [72.74595376600007, 33.745739771000046], [72.74605376600005, 33.74233977100005], [72.74635376600008, 33.73823977100005], [72.74705376600008, 33.735639771000024], [72.74855376600004, 33.73253977100006], [72.74975376600008, 33.729439771000045], [72.75075376600006, 33.72733977100006], [72.75115376600007, 33.72463977100006], [72.75055376600005, 33.720839771000044], [72.74805376600006, 33.718839771000034], [72.74315376600003, 33.71963977100006], [72.73565376600004, 33.713239771000076], [72.73165376600008, 33.71303977100007], [72.73235376600007, 33.71633977100004], [72.73025376600003, 33.727439771000036], [72.72945376600006, 33.73613977100007], [72.72895376600007, 33.74153977100008], [72.72625376600007, 33.745439771000065], [72.71795376600005, 33.74903977100007], [72.71815376600006, 33.74413977100005], [72.71925376600007, 33.73783977100004], [72.71595376600004, 33.73593977100006], [72.70675376600008, 33.73703977100007], [72.69815376600008, 33.73813977100008], [72.69295376600007, 33.74103977100003], [72.69235376600005, 33.74563977100007], [72.69855376600003, 33.747139771000036], [72.70195376600003, 33.74863977100006], [72.70075376600005, 33.75273977100005], [72.69625376600004, 33.761739771000066], [72.69535376600004, 33.76483977100003], [72.69605376600003, 33.769439771000066], [72.70035376600003, 33.77253977100003], [72.70375376600003, 33.775039771000024], [72.70345376600005, 33.77813977100004], [72.70135376600007, 33.78073977100007], [72.69675376600003, 33.78353977100005], [72.69595376600006, 33.78743977100004], [72.69535376600004, 33.79173977100004], [72.69265376600003, 33.79663977100006], [72.68655376600003, 33.80233977100005], [72.68535376600005, 33.805939771000055], [72.68445376600005, 33.81053977100004], [72.68455376600008, 33.81673977100007], [72.68705376600008, 33.82113977100005], [72.69195376600004, 33.82233977100003], [72.69595376600006, 33.822839771000076], [72.70055376600004, 33.82103977100007], [72.70395376600004, 33.82093977100004], [72.71065376600006, 33.821939771000075], [72.72525376600004, 33.822139771000025], [72.73105376600006, 33.82203977100005], [72.73785376600006, 33.82403977100006], [72.73605376600005, 33.82663977100003], [72.72905376600005, 33.83033977100007], [72.72505376600003, 33.83343977100003], [72.72375376600007, 33.83553977100007], [72.72955376600004, 33.835339771000065], [72.73625376600006, 33.83153977100005], [72.73855376600005, 33.82803977100008], [72.74005376600007, 33.82523977100004], [72.73975376600004, 33.822239771000056], [72.73605376600005, 33.818739771000025]]]}}, {"type": "Feature", "properties": {"uc": "THATHA KHALIL", "tehsil": "Taxila Tehsil", "town": "", "expected_cases": 0.0, "historical_cases": 16, "alert": "Green"}, "geometry": {"type": "Polygon", "coordinates": [[[72.81975376600008, 33.70253977100003], [72.81495376600003, 33.701239771000076], [72.81645376600005, 33.69823977100003], [72.81905376600008, 33.694939771000065], [72.82205376600007, 33.690939771000046], [72.82925376600008, 33.681739771000025], [72.83215376600003, 33.678139771000076], [72.83695376600008, 33.671739771000034], [72.84225376600006, 33.664939771000036], [72.85035376600007, 33.65453977100003], [72.85365376600004, 33.65033977100006], [72.85875376600006, 33.643839771000046], [72.86255376600008, 33.63903977100006], [72.86535376600006, 33.635339771000076], [72.86925376600004, 33.630439771000056], [72.87445376600004, 33.623839771000064], [72.87665376600006, 33.62093977100005], [72.88235376600005, 33.61373977100004], [72.86425376600005, 33.61463977100004], [72.85595376600008, 33.61363977100007], [72.85275376600003, 33.611339771000075], [72.84955376600004, 33.610439771000074], [72.84715376600008, 33.60973977100008], [72.84315376600006, 33.60753977100006], [72.84135376600005, 33.605039771000065], [72.83865376600005, 33.602939771000024], [72.83325376600004, 33.600739771000065], [72.82925376600008, 33.60003977100007], [72.82555376600004, 33.59973977100003], [72.82255376600006, 33.600239771000076], [72.82055376600005, 33.60223977100003], [72.81825376600005, 33.60313977100003], [72.81705376600007, 33.60483977100006], [72.81475376600008, 33.606739771000036], [72.81125376600005, 33.60713977100005], [72.80855376600005, 33.60743977100003], [72.81005376600007, 33.610139771000036], [72.80995376600004, 33.61253977100006], [72.80885376600008, 33.61423977100003], [72.80705376600008, 33.61593977100006], [72.80515376600005, 33.61713977100004], [72.80215376600006, 33.61883977100007], [72.79905376600004, 33.62093977100005], [72.79855376600005, 33.624139771000046], [72.80025376600008, 33.62633977100006], [72.80355376600005, 33.62873977100003], [72.80515376600005, 33.62973977100006], [72.80735376600006, 33.630139771000074], [72.80975376600003, 33.63083977100007], [72.81195376600004, 33.63223977100006], [72.81405376600003, 33.63503977100004], [72.81225376600008, 33.636639771000034], [72.80995376600004, 33.63773977100004], [72.81165376600006, 33.64083977100006], [72.81025376600007, 33.642439771000056], [72.80735376600006, 33.642139771000075], [72.80415376600007, 33.64003977100003], [72.80165376600007, 33.63883977100005], [72.79955376600003, 33.63773977100004], [72.79255376600008, 33.637539771000036], [72.78805376600008, 33.63743977100006], [72.78305376600008, 33.637239771000054], [72.77445376600008, 33.63733977100003], [72.76455376600006, 33.636639771000034], [72.75675376600003, 33.637539771000036], [72.75225376600008, 33.636639771000034], [72.74835376600004, 33.63573977100003], [72.74495376600004, 33.635839771000065], [72.74315376600003, 33.63713977100008], [72.74375376600005, 33.63963977100008], [72.74535376600005, 33.64793977100004], [72.74495376600004, 33.65113977100003], [72.74395376600006, 33.65573977100007], [72.74485376600006, 33.659839771000065], [72.74545376600008, 33.66313977100003], [72.74555376600006, 33.666139771000076], [72.74455376600008, 33.66933977100007], [72.74275376600008, 33.67223977100008], [72.73905376600004, 33.67783977100004], [72.73655376600004, 33.67933977100006], [72.73225376600004, 33.679539771000066], [72.73175376600005, 33.68303977100004], [72.73095376600008, 33.687239771000066], [72.73105376600006, 33.69013977100008], [72.73415376600008, 33.69073977100004], [72.73785376600006, 33.69123977100003], [72.74145376600006, 33.69213977100003], [72.74635376600008, 33.692639771000074], [72.74935376600007, 33.692639771000074], [72.76215376600004, 33.69273977100005], [72.76415376600005, 33.69163977100004], [72.76715376600004, 33.68993977100007], [72.76975376600006, 33.68903977100007], [72.77365376600005, 33.688339771000074], [72.77645376600003, 33.688339771000074], [72.78115376600005, 33.68783977100003], [72.78295376600005, 33.68913977100004], [72.78515376600006, 33.692939771000056], [72.78925376600006, 33.69703977100005], [72.79265376600006, 33.69843977100004], [72.79525376600003, 33.69873977100008], [72.79815376600004, 33.69893977100003], [72.80275376600008, 33.700639771000056], [72.80825376600006, 33.70323977100003], [72.81235376600006, 33.70353977100007], [72.81975376600008, 33.70253977100003]]]}}, {"type": "Feature", "properties": {"uc": "GARHEE SIKANDAR", "tehsil": "Taxila Tehsil", "town": "", "expected_cases": 0.0, "historical_cases": 60, "alert": "Yellow"}, "geometry": {"type": "Polygon", "coordinates": [[[72.82655376600007, 33.782839771000056], [72.82365376600006, 33.790239771000074], [72.82045376600007, 33.787039771000025], [72.81335376600003, 33.78513977100005], [72.80955376600008, 33.782539771000074], [72.80625376600005, 33.77943977100006], [72.80385376600003, 33.776539771000046], [72.80245376600004, 33.773739771000066], [72.79955376600003, 33.77003977100003], [72.79725376600004, 33.771639771000025], [72.79435376600003, 33.77273977100003], [72.78985376600008, 33.77343977100003], [72.78765376600006, 33.77213977100007], [72.78415376600003, 33.76903977100005], [72.78115376600005, 33.76953977100004], [72.77845376600004, 33.770739771000024], [72.77595376600004, 33.77153977100005], [72.77445376600008, 33.77323977100008], [72.77285376600008, 33.77543977100004], [72.77155376600007, 33.77773977100003], [72.76955376600006, 33.77883977100004], [72.76605376600008, 33.78033977100006], [72.76565376600007, 33.77463977100007], [72.76325376600005, 33.77033977100007], [72.76185376600006, 33.76813977100005], [72.75995376600008, 33.76533977100007], [72.75805376600005, 33.76233977100003], [72.75755376600006, 33.759739771000056], [72.75785376600004, 33.75583977100007], [72.75755376600006, 33.75103977100002], [72.75565376600008, 33.748539771000026], [72.75715376600004, 33.74123977100004], [72.75795376600007, 33.736839771000064], [72.75645376600005, 33.73493977100003], [72.75295376600008, 33.73443977100004], [72.75055376600005, 33.73363977100007], [72.74855376600004, 33.73253977100006], [72.74705376600008, 33.735639771000024], [72.74635376600008, 33.73823977100005], [72.74605376600005, 33.74233977100005], [72.74595376600007, 33.745739771000046], [72.74485376600006, 33.74873977100003], [72.74345376600007, 33.75263977100008], [72.74165376600007, 33.75713977100003], [72.74075376600007, 33.76123977100008], [72.73905376600004, 33.76523977100004], [72.74365376600008, 33.770239771000035], [72.74515376600004, 33.77333977100005], [72.74735376600006, 33.77943977100006], [72.75185376600007, 33.77953977100003], [72.75245376600003, 33.782239771000036], [72.75285376600004, 33.786239771000055], [72.75305376600005, 33.79013977100004], [72.75285376600004, 33.79373977100005], [72.75175376600004, 33.79663977100006], [72.75035376600005, 33.79953977100007], [72.74745376600004, 33.80383977100007], [72.74425376600004, 33.807339771000045], [72.74115376600008, 33.80923977100008], [72.73825376600007, 33.81063977100007], [72.73745376600004, 33.81463977100003], [72.73605376600005, 33.818739771000025], [72.74135376600003, 33.818439771000044], [72.74565376600003, 33.817639771000074], [72.74905376600003, 33.81523977100005], [72.75365376600007, 33.811639771000046], [72.75765376600003, 33.807339771000045], [72.75965376600004, 33.804439771000034], [72.76075376600005, 33.80233977100005], [72.76135376600007, 33.79853977100004], [72.76145376600005, 33.79523977100007], [72.76445376600003, 33.797339771000054], [72.76815376600007, 33.80043977100007], [72.77145376600004, 33.796239771000046], [72.76915376600004, 33.79273977100007], [72.76775376600006, 33.790239771000074], [72.77085376600007, 33.78843977100007], [72.77725376600006, 33.78513977100005], [72.78195376600007, 33.78303977100006], [72.78725376600005, 33.78233977100007], [72.78855376600006, 33.78673977100004], [72.80415376600007, 33.81513977100008], [72.80665376600007, 33.81493977100007], [72.80845376600007, 33.81343977100005], [72.80895376600006, 33.810139771000024], [72.80935376600007, 33.805639771000074], [72.81065376600003, 33.80203977100007], [72.81435376600007, 33.80133977100007], [72.81645376600005, 33.80293977100007], [72.81795376600007, 33.805039771000054], [72.81765376600003, 33.80853977100003], [72.81645376600005, 33.81253977100005], [72.81335376600003, 33.815939771000046], [72.81125376600005, 33.819339771000045], [72.81335376600003, 33.822739771000045], [72.81525376600007, 33.82593977100004], [72.81865376600007, 33.828439771000035], [72.82195376600004, 33.82833977100006], [72.82785376600003, 33.826239771000076], [72.83195376600008, 33.82603977100007], [72.84235376600003, 33.833239771000024], [72.84685376600004, 33.83343977100003], [72.84975376600005, 33.83163977100003], [72.85025376600004, 33.82543977100005], [72.85385376600004, 33.82393977100003], [72.85865376600003, 33.824239771000066], [72.87185376600007, 33.82593977100004], [72.86995376600004, 33.81623977100003], [72.86765376600005, 33.81233977100004], [72.86625376600006, 33.80923977100008], [72.86325376600007, 33.805339771000035], [72.86095376600008, 33.803039771000044], [72.85905376600005, 33.80093977100006], [72.85615376600003, 33.79783977100004], [72.85235376600008, 33.797339771000054], [72.84625376600007, 33.80083977100003], [72.84175376600007, 33.80283977100004], [72.83905376600006, 33.799639771000045], [72.83595376600005, 33.79663977100006], [72.83305376600003, 33.79373977100005], [72.82945376600003, 33.78973977100003], [72.82725376600007, 33.78553977100006], [72.82655376600007, 33.782839771000056]]]}}, {"type": "Feature", "properties": {"uc": "SARAI KALA", "tehsil": "Taxila Tehsil", "town": "", "expected_cases": 0.0, "historical_cases": 4, "alert": "Green"}, "geometry": {"type": "Polygon", "coordinates": [[[72.79955376600003, 33.77003977100003], [72.80115376600008, 33.76843977100003], [72.80315376600004, 33.76623977100007], [72.80465376600006, 33.763639771000044], [72.80445376600005, 33.76013977100007], [72.80465376600006, 33.75613977100005], [72.80485376600006, 33.75223977100006], [72.80525376600008, 33.75003977100005], [72.80515376600005, 33.74753977100005], [72.80235376600007, 33.74563977100007], [72.79795376600003, 33.748539771000026], [72.79445376600006, 33.750839771000074], [72.79155376600005, 33.750839771000074], [72.78745376600006, 33.75063977100007], [72.78515376600006, 33.75133977100006], [72.78245376600006, 33.75323977100004], [72.77945376600007, 33.75333977100007], [72.77695376600008, 33.754839771000036], [72.77855376600007, 33.75853977100007], [72.78035376600008, 33.761739771000066], [72.78195376600007, 33.76463977100008], [72.78295376600005, 33.76663977100003], [72.78415376600003, 33.76903977100005], [72.78765376600006, 33.77213977100007], [72.78985376600008, 33.77343977100003], [72.79435376600003, 33.77273977100003], [72.79725376600004, 33.771639771000025], [72.79955376600003, 33.77003977100003]]]}}, {"type": "Feature", "properties": {"uc": "GHEELA KHURD", "tehsil": "Taxila Tehsil", "town": "", "expected_cases": 0.0, "historical_cases": 91, "alert": "Yellow"}, "geometry": {"type": "Polygon", "coordinates": [[[72.78415376600003, 33.76903977100005], [72.78295376600005, 33.76663977100003], [72.78195376600007, 33.76463977100008], [72.78035376600008, 33.761739771000066], [72.77855376600007, 33.75853977100007], [72.77695376600008, 33.754839771000036], [72.77945376600007, 33.75333977100007], [72.78245376600006, 33.75323977100004], [72.78515376600006, 33.75133977100006], [72.78745376600006, 33.75063977100007], [72.79155376600005, 33.750839771000074], [72.79445376600006, 33.750839771000074], [72.79795376600003, 33.748539771000026], [72.80235376600007, 33.74563977100007], [72.80495376600004, 33.74213977100004], [72.80745376600004, 33.73953977100007], [72.81375376600005, 33.739139771000055], [72.81645376600005, 33.73893977100005], [72.82105376600003, 33.73893977100005], [72.82385376600007, 33.73863977100007], [72.82715376600004, 33.73723977100008], [72.82965376600004, 33.73463977100005], [72.82745376600008, 33.73323977100006], [72.82505376600005, 33.731739771000036], [72.82085376600008, 33.72993977100003], [72.81765376600003, 33.72893977100006], [72.81305376600005, 33.727939771000024], [72.80785376600005, 33.72633977100003], [72.80545376600008, 33.72613977100008], [72.80215376600006, 33.72693977100005], [72.79925376600005, 33.727439771000036], [72.79535376600006, 33.72673977100004], [72.79035376600007, 33.72643977100006], [72.78815376600005, 33.72623977100005], [72.78595376600003, 33.726039771000046], [72.78305376600008, 33.72633977100003], [72.78035376600008, 33.727939771000024], [72.77745376600006, 33.73043977100008], [72.77585376600007, 33.73253977100006], [72.77305376600003, 33.732839771000044], [72.76985376600004, 33.731739771000036], [72.76715376600004, 33.73123977100005], [72.76395376600004, 33.73103977100004], [72.76115376600006, 33.732339771000056], [72.75915376600005, 33.73493977100003], [72.75795376600007, 33.736839771000064], [72.75715376600004, 33.74123977100004], [72.75565376600008, 33.748539771000026], [72.75755376600006, 33.75103977100002], [72.75785376600004, 33.75583977100007], [72.75755376600006, 33.759739771000056], [72.75805376600005, 33.76233977100003], [72.75995376600008, 33.76533977100007], [72.76185376600006, 33.76813977100005], [72.76465376600004, 33.766839771000036], [72.76685376600005, 33.76673977100006], [72.76915376600004, 33.76903977100005], [72.77215376600003, 33.77043977100004], [72.77595376600004, 33.77153977100005], [72.77845376600004, 33.770739771000024], [72.78115376600005, 33.76953977100004], [72.78415376600003, 33.76903977100005]]]}}, {"type": "Feature", "properties": {"uc": "WAH CANTT-1", "tehsil": "Taxila Tehsil", "town": "", "expected_cases": 0.0, "historical_cases": 34, "alert": "Green"}, "geometry": {"type": "MultiPolygon", "coordinates": [[[[72.74745376600004, 33.80383977100007], [72.74165376600007, 33.802239771000075], [72.74305376600006, 33.79943977100004], [72.74415376600007, 33.79653977100003], [72.73895376600007, 33.79353977100004], [72.74005376600007, 33.79073977100006], [72.74015376600005, 33.787639771000045], [72.73705376600003, 33.78753977100007], [72.73505376600008, 33.78753977100007], [72.73205376600004, 33.78873977100005], [72.72975376600004, 33.79033977100005], [72.72685376600003, 33.793339771000035], [72.72575376600008, 33.795639771000026], [72.71955376600005, 33.79303977100005], [72.71125376600008, 33.803139771000076], [72.71695376600007, 33.80283977100004], [72.72265376600006, 33.80153977100008], [72.72645376600008, 33.80233977100005], [72.72885376600004, 33.803939771000046], [72.73165376600008, 33.80693977100003], [72.73305376600007, 33.810239771000056], [72.73355376600006, 33.815639771000065], [72.73605376600005, 33.818739771000025], [72.73745376600004, 33.81463977100003], [72.73825376600007, 33.81063977100007], [72.74115376600008, 33.80923977100008], [72.74425376600004, 33.807339771000045], [72.74745376600004, 33.80383977100007]]], [[[72.74735376600006, 33.77943977100006], [72.74515376600004, 33.77333977100005], [72.74365376600008, 33.770239771000035], [72.73905376600004, 33.76523977100004], [72.73715376600006, 33.76893977100008], [72.73525376600003, 33.77333977100005], [72.73735376600007, 33.77663977100008], [72.73955376600003, 33.77953977100003], [72.74285376600005, 33.77963977100006], [72.74735376600006, 33.77943977100006]]]]}}, {"type": "Feature", "properties": {"uc": "WAH CANTT-2", "tehsil": "Taxila Tehsil", "town": "", "expected_cases": 0.0, "historical_cases": 1, "alert": "Green"}, "geometry": {"type": "Polygon", "coordinates": [[[72.74735376600006, 33.77943977100006], [72.74285376600005, 33.77963977100006], [72.73955376600003, 33.77953977100003], [72.74115376600008, 33.78293977100003], [72.74015376600005, 33.787639771000045], [72.74005376600007, 33.79073977100006], [72.73895376600007, 33.79353977100004], [72.74415376600007, 33.79653977100003], [72.74305376600006, 33.79943977100004], [72.74165376600007, 33.802239771000075], [72.74745376600004, 33.80383977100007], [72.75035376600005, 33.79953977100007], [72.75175376600004, 33.79663977100006], [72.75285376600004, 33.79373977100005], [72.75305376600005, 33.79013977100004], [72.75285376600004, 33.786239771000055], [72.75245376600003, 33.782239771000036], [72.75185376600007, 33.77953977100003], [72.74735376600006, 33.77943977100006]]]}}, {"type": "Feature", "properties": {"uc": "WAH CANTT-3", "tehsil": "Taxila Tehsil", "town": "", "expected_cases": 0.0, "historical_cases": 43, "alert": "Green"}, "geometry": {"type": "Polygon", "coordinates": [[[72.74015376600005, 33.787639771000045], [72.74115376600008, 33.78293977100003], [72.73955376600003, 33.77953977100003], [72.73735376600007, 33.77663977100008], [72.73525376600003, 33.77333977100005], [72.73195376600006, 33.77173977100006], [72.73095376600008, 33.77443977100006], [72.72965376600007, 33.77783977100006], [72.72885376600004, 33.779939771000045], [72.72765376600006, 33.78323977100007], [72.72545376600004, 33.78503977100007], [72.72365376600004, 33.786239771000055], [72.72095376600004, 33.78693977100005], [72.71765376600007, 33.78813977100003], [72.71435376600004, 33.78953977100008], [72.70955376600006, 33.791939771000045], [72.70955376600006, 33.80013977100003], [72.71125376600008, 33.803139771000076], [72.71955376600005, 33.79303977100005], [72.72575376600008, 33.795639771000026], [72.72685376600003, 33.793339771000035], [72.72975376600004, 33.79033977100005], [72.73205376600004, 33.78873977100005], [72.73505376600008, 33.78753977100007], [72.73705376600003, 33.78753977100007], [72.74015376600005, 33.787639771000045]]]}}, {"type": "Feature", "properties": {"uc": "MOHRA SHAH", "tehsil": "Taxila Tehsil", "town": "", "expected_cases": 0.0, "historical_cases": 0, "alert": "Green"}, "geometry": {"type": "Polygon", "coordinates": [[[72.77595376600004, 33.77153977100005], [72.77215376600003, 33.77043977100004], [72.76915376600004, 33.76903977100005], [72.76685376600005, 33.76673977100006], [72.76465376600004, 33.766839771000036], [72.76185376600006, 33.76813977100005], [72.76325376600005, 33.77033977100007], [72.76565376600007, 33.77463977100007], [72.76605376600008, 33.78033977100006], [72.76955376600006, 33.77883977100004], [72.77155376600007, 33.77773977100003], [72.77285376600008, 33.77543977100004], [72.77445376600008, 33.77323977100008], [72.77595376600004, 33.77153977100005]]]}}]}